pdb_id,split,cluster_id,n_residues,n_contacts,contact_rate
1A4Q,train,429.0,780,2,0.002564102564102564
1ACA,val,58.0,1720,267,0.15523255813953488
1ACL,train,531.0,527,1,0.0018975332068311196
1AIJ,train,394.0,1654,3,0.0018137847642079807
1AL2,test,676.0,851,4,0.004700352526439483
1AR1,test,83.0,1007,3,0.0029791459781529296
1AR6,test,676.0,851,4,0.004700352526439483
1AR7,test,676.0,851,5,0.005875440658049354
1AR8,test,676.0,854,3,0.00351288056206089
1AR9,test,676.0,851,4,0.004700352526439483
1ASJ,test,676.0,851,6,0.007050528789659225
1AUA,test,662.0,296,5,0.016891891891891893
1AYM,test,676.0,804,1,0.0012437810945273632
1AYN,test,676.0,804,1,0.0012437810945273632
1B4W,train,443.0,488,2,0.004098360655737705
1BCC,train,463.0,1967,2,0.0010167768174885613
1BE2,test,775.0,910,201,0.22087912087912087
1BEV,test,676.0,794,2,0.0025188916876574307
1BH3,val,729.0,289,2,0.006920415224913495
1BJ5,val,601.0,582,3,0.005154639175257732
1BKE,val,601.0,581,2,0.0034423407917383822
1BM1,train,106.0,221,2,0.00904977375565611
1BP1,train,348.0,456,5,0.010964912280701754
1C1J,train,443.0,488,4,0.00819672131147541
1C4O,val,57.0,504,1,0.001984126984126984
1CDK,train,161.0,724,1,0.0013812154696132596
1CMK,train,161.0,368,4,0.010869565217391304
1COV,test,676.0,818,1,0.0012224938875305623
1CTP,train,161.0,349,1,0.0028653295128939827
1CVU,train,334.0,1113,4,0.0035938903863432167
1CWQ,train,106.0,476,2,0.004201680672268907
1D2M,val,57.0,552,1,0.0018115942028985507
1D4M,test,676.0,835,1,0.0011976047904191617
1DAN,train,8.0,577,1,0.0017331022530329288
1DDX,train,334.0,2208,1,0.0004528985507246377
1DIY,train,334.0,553,5,0.009041591320072333
1DKF,train,51.0,449,3,0.0066815144766146995
1DS8,train,394.0,1652,4,0.002421307506053269
1DV3,train,394.0,1652,1,0.0006053268765133172
1DV6,train,394.0,1652,4,0.002421307506053269
1DXR,val,708.0,1185,4,0.0033755274261603376
1E12,train,488.0,239,1,0.0041841004184100415
1E14,train,394.0,825,7,0.008484848484848486
1E7C,val,601.0,582,4,0.006872852233676976
1E7G,val,601.0,582,4,0.006872852233676976
1E7H,val,601.0,581,7,0.012048192771084338
1E7I,val,601.0,582,6,0.010309278350515464
1E7P,test,492.0,4592,4,0.0008710801393728223
1EAH,test,676.0,837,1,0.0011947431302270011
1ECZ,val,207.0,284,16,0.056338028169014086
1EE2,train,402.0,746,1,0.0013404825737265416
1EH5,test,49.0,279,2,0.007168458781362007
1EQG,train,334.0,1102,6,0.0054446460980036296
1EQH,train,334.0,1102,8,0.007259528130671506
1ETH,train,737.0,1070,14,0.013084112149532711
1EV1,test,676.0,835,1,0.0011976047904191617
1EWF,train,348.0,456,9,0.019736842105263157
1EYS,train,394.0,1146,6,0.005235602094240838
1FE2,train,334.0,553,6,0.0108499095840868
1FK2,test,775.0,93,1,0.010752688172043012
1FK4,test,775.0,93,1,0.010752688172043012
1FK5,test,775.0,93,2,0.021505376344086023
1FNP,train,394.0,822,3,0.0036496350364963502
1FX8,train,678.0,254,1,0.003937007874015748
1GNI,val,601.0,582,9,0.015463917525773196
1GSZ,train,611.0,1860,1,0.0005376344086021505
1GT6,train,69.0,538,4,0.007434944237918215
1GZM,train,365.0,658,10,0.015197568389057751
1H0J,train,582.0,180,8,0.044444444444444446
1H35,train,611.0,1860,2,0.001075268817204301
1H36,train,611.0,1860,1,0.0005376344086021505
1H37,train,611.0,1860,2,0.001075268817204301
1H39,train,611.0,1860,2,0.001075268817204301
1H3A,train,611.0,1860,2,0.001075268817204301
1H3C,train,611.0,1860,4,0.002150537634408602
1H8T,test,676.0,842,1,0.0011876484560570072
1H9G,val,689.0,223,1,0.004484304932735426
1H9Z,val,601.0,583,5,0.008576329331046312
1HA2,val,601.0,583,6,0.010291595197255575
1HK4,val,601.0,582,5,0.00859106529209622
1HK5,val,601.0,582,7,0.012027491408934709
1HRK,train,704.0,718,3,0.004178272980501393
1HT5,train,334.0,1102,7,0.006352087114337568
1HT8,train,334.0,1102,9,0.008166969147005444
1HXS,test,676.0,858,1,0.0011655011655011655
1HXX,train,155.0,340,1,0.0029411764705882353
1HZX,train,365.0,641,4,0.0062402496099844
1I78,train,728.0,584,1,0.0017123287671232876
1IGX,train,334.0,553,9,0.0162748643761302
1IGZ,train,334.0,553,5,0.009041591320072333
1IKU,train,779.0,4136,204,0.04932301740812379
1ILD,train,375.0,257,5,0.019455252918287938
1ILZ,train,375.0,257,3,0.011673151750972763
1IM0,train,375.0,262,2,0.007633587786259542
1IZO,train,121.0,1233,4,0.0032441200324412004
1J78,train,810.0,880,2,0.0022727272727272726
1J7E,train,810.0,882,3,0.003401360544217687
1JB0,val,596.0,2243,8,0.0035666518056174765
1JGW,train,394.0,819,5,0.006105006105006105
1JGY,train,394.0,823,1,0.001215066828675577
1JGZ,train,394.0,819,2,0.002442002442002442
1JMU,val,315.0,3018,9,0.002982107355864811
1JSA,train,779.0,4512,56,0.012411347517730497
1JTB,test,775.0,1456,313,0.21497252747252749
1K4W,train,188.0,254,1,0.003937007874015748
1K6L,train,394.0,823,5,0.006075334143377886
1K6N,train,394.0,823,5,0.006075334143377886
1KB9,train,463.0,2180,1,0.00045871559633027525
1KBY,train,394.0,819,4,0.004884004884004884
1KMO,val,134.0,661,3,0.0045385779122541605
1KMP,val,134.0,647,6,0.00927357032457496
1KQF,val,776.0,1487,4,0.0026899798251513113
1KQG,val,776.0,1487,4,0.0026899798251513113
1L7Z,test,208.0,148,1,0.006756756756756757
1L8J,val,430.0,170,1,0.0058823529411764705
1L9B,train,394.0,918,3,0.0032679738562091504
1L9H,train,365.0,641,3,0.0046801872074883
1L9J,train,394.0,1836,4,0.002178649237472767
1LA3,train,779.0,2632,150,0.056990881458966566
1LDA,train,678.0,254,1,0.003937007874015748
1LDF,train,678.0,254,1,0.003937007874015748
1LDI,train,678.0,254,1,0.003937007874015748
1LFO,train,162.0,126,3,0.023809523809523808
1LID,val,298.0,131,1,0.007633587786259542
1LIE,val,298.0,130,1,0.007692307692307693
1LK9,train,376.0,852,1,0.0011737089201877935
1LPA,train,737.0,534,3,0.0056179775280898875
1LPB,train,737.0,534,9,0.016853932584269662
1LQV,val,430.0,393,4,0.010178117048346057
1LRT,test,612.0,1346,1,0.0007429420505200594
1LV2,train,51.0,225,1,0.0044444444444444444
1M2Z,train,690.0,550,6,0.01090909090909091
1M3X,train,394.0,821,2,0.00243605359317905
1M66,test,117.0,346,1,0.002890173410404624
1M67,test,117.0,346,1,0.002890173410404624
1MAA,train,531.0,2157,6,0.0027816411682892906
1MDC,train,162.0,131,2,0.015267175572519083
1MGP,train,694.0,276,4,0.014492753623188406
1N5U,val,601.0,583,6,0.010291595197255575
1N6B,train,627.0,462,1,0.0021645021645021645
1NCR,test,676.0,804,1,0.0012437810945273632
1ND2,test,676.0,804,2,0.0024875621890547263
1NF8,train,454.0,207,1,0.004830917874396135
1NF9,train,454.0,207,1,0.004830917874396135
1NFP,train,777.0,228,2,0.008771929824561403
1NKZ,train,202.0,279,4,0.014336917562724014
1NL2,val,403.0,136,1,0.007352941176470588
1NN8,train,50.0,1756,1,0.0005694760820045558
1NQE,train,580.0,549,4,0.007285974499089253
1NQF,train,580.0,544,3,0.0055147058823529415
1NQG,train,580.0,576,8,0.013888888888888888
1NQH,train,580.0,584,5,0.008561643835616438
1NVL,val,58.0,1720,242,0.14069767441860465
1O6H,train,611.0,1860,1,0.0005376344086021505
1O6Q,train,611.0,1860,5,0.002688172043010753
1O6R,train,611.0,1860,4,0.002150537634408602
1O79,train,611.0,1860,1,0.0005376344086021505
1O8V,val,298.0,132,1,0.007575757575757576
1O9X,val,601.0,579,4,0.0069084628670120895
1OGV,train,394.0,820,3,0.003658536585365854
1OJD,val,431.0,4964,10,0.00201450443190975
1OKC,train,261.0,292,11,0.03767123287671233
1OKE,train,532.0,788,1,0.0012690355329949238
1OOP,test,676.0,819,2,0.002442002442002442
1OPJ,train,675.0,575,9,0.01565217391304348
1OPL,val,316.0,816,1,0.0012254901960784314
1OT1,train,118.0,686,2,0.0029154518950437317
1OT2,train,118.0,686,1,0.0014577259475218659
1P42,train,475.0,534,2,0.003745318352059925
1P84,train,463.0,2180,3,0.0013761467889908258
1PCR,train,394.0,823,1,0.001215066828675577
1PEZ,train,118.0,686,1,0.0014577259475218659
1PGE,train,334.0,1102,6,0.0054446460980036296
1PIV,test,676.0,846,1,0.001182033096926714
1PMP,val,298.0,393,2,0.005089058524173028
1PO1,test,676.0,853,1,0.0011723329425556857
1PO2,test,676.0,853,1,0.0011723329425556857
1POV,val,209.0,773,3,0.0038809831824062097
1PP9,train,463.0,4032,29,0.007192460317460317
1PPJ,train,463.0,3998,17,0.004252126063031516
1PPM,train,148.0,323,1,0.0030959752321981426
1PQ2,train,627.0,926,9,0.009719222462203024
1PRC,val,708.0,1186,1,0.0008431703204047217
1PRN,val,729.0,289,1,0.0034602076124567475
1PSS,train,394.0,799,4,0.0050062578222778474
1PST,train,394.0,799,4,0.0050062578222778474
1PTH,train,334.0,1100,2,0.0018181818181818182
1PVC,test,676.0,846,2,0.002364066193853428
1PXX,train,334.0,2208,4,0.0018115942028985507
1PZ4,train,179.0,113,1,0.008849557522123894
1PZL,train,51.0,241,3,0.012448132780082987
1PZX,train,694.0,566,4,0.007067137809187279
1Q4G,train,334.0,1106,7,0.006329113924050633
1Q7T,train,613.0,601,4,0.0066555740432612314
1QD5,train,375.0,257,2,0.007782101167315175
1QJP,train,91.0,137,5,0.0364963503649635
1QJU,test,676.0,804,1,0.0012437810945273632
1QJX,test,676.0,804,1,0.0012437810945273632
1QJY,test,676.0,804,1,0.0012437810945273632
1QLB,test,492.0,2296,6,0.002613240418118467
1QLE,test,83.0,1333,5,0.0037509377344336083
1QOV,train,394.0,823,3,0.0036452004860267314
1R2C,val,708.0,1185,1,0.0008438818565400844
1RG5,train,394.0,824,5,0.006067961165048544
1RGN,train,394.0,823,3,0.0036452004860267314
1RQK,train,394.0,824,2,0.0024271844660194173
1RVJ,train,394.0,820,3,0.003658536585365854
1RWT,val,427.0,2181,10,0.004585052728106373
1RY5,train,394.0,821,4,0.0048721071863581
1RZH,train,394.0,820,4,0.004878048780487805
1S5L,train,622.0,5056,2,0.00039556962025316455
1S9Q,train,51.0,440,1,0.0022727272727272726
1SKN,train,149.0,74,1,0.013513513513513514
1SQP,train,463.0,2102,9,0.004281636536631779
1SZ7,train,92.0,159,3,0.018867924528301886
1T16,train,60.0,854,5,0.00585480093676815
1T1L,train,60.0,842,5,0.0059382422802850355
1TCB,train,163.0,634,3,0.00473186119873817
1TCC,train,163.0,634,2,0.0031545741324921135
1TCO,train,598.0,628,3,0.004777070063694267
1TED,train,497.0,1454,6,0.0041265474552957355
1THQ,val,377.0,147,1,0.006802721088435374
1TVP,train,738.0,584,1,0.0017123287671232876
1TW4,train,162.0,250,3,0.012
1U19,train,365.0,696,10,0.014367816091954023
1U67,train,334.0,553,5,0.009041591320072333
1U7G,train,752.0,383,2,0.005221932114882507
1UJW,train,580.0,692,3,0.004335260115606936
1UMP,train,611.0,1860,5,0.002688172043010753
1URE,train,317.0,2620,278,0.10610687022900764
1UVC,test,775.0,182,4,0.02197802197802198
1UZY,val,2.0,478,4,0.008368200836820083
1V26,train,476.0,999,7,0.007007007007007007
1V54,test,83.0,3550,35,0.009859154929577466
1V55,test,83.0,3550,37,0.010422535211267606
1VBA,test,676.0,846,1,0.001182033096926714
1VBB,test,676.0,846,1,0.001182033096926714
1VBC,test,676.0,846,2,0.002364066193853428
1VBD,test,676.0,851,1,0.0011750881316098707
1VBE,test,676.0,846,1,0.001182033096926714
1VE6,train,778.0,1148,1,0.0008710801393728223
1VPV,train,694.0,560,5,0.008928571428571428
1VRN,val,708.0,1185,2,0.0016877637130801688
1VYF,val,298.0,135,1,0.007407407407407408
1W6J,test,581.0,727,2,0.002751031636863824
1W6K,test,581.0,725,2,0.002758620689655172
1W9N,train,507.0,460,46,0.1
1WC8,train,92.0,164,2,0.012195121951219513
1WC9,train,92.0,161,3,0.018633540372670808
1WCO,train,663.0,560,101,0.18035714285714285
1WQV,train,8.0,577,1,0.0017331022530329288
1WSS,train,8.0,577,1,0.0017331022530329288
1WTG,train,8.0,577,2,0.0034662045060658577
1WUN,train,8.0,577,1,0.0017331022530329288
1WV7,train,8.0,577,1,0.0017331022530329288
1XDA,test,277.0,200,2,0.01
1XEZ,train,432.0,663,5,0.007541478129713424
1XIO,train,106.0,217,1,0.004608294930875576
1XKW,test,452.0,655,3,0.004580152671755725
1XXS,train,443.0,244,13,0.05327868852459016
1XZM,train,677.0,197,3,0.015228426395939087
1YF6,train,394.0,820,5,0.006097560975609756
1YK3,train,119.0,1586,7,0.004413619167717529
1Z7S,test,676.0,857,2,0.002333722287047841
1ZYJ,val,526.0,331,2,0.006042296072507553
1ZZ2,val,526.0,337,4,0.011869436201780416
2A06,train,463.0,4000,17,0.00425
2A65,train,644.0,510,4,0.00784313725490196
2AA2,train,690.0,252,2,0.007936507936507936
2AF9,test,18.0,163,2,0.012269938650306749
2AG2,test,18.0,490,1,0.0020408163265306124
2AGV,train,464.0,1988,2,0.001006036217303823
2AXT,train,622.0,5078,14,0.0027569909413154787
2AYL,train,334.0,1106,8,0.007233273056057866
2AZY,train,443.0,124,1,0.008064516129032258
2BBH,val,278.0,223,3,0.013452914798206279
2BCC,train,463.0,1967,2,0.0010167768174885613
2BHI,train,582.0,120,7,0.058333333333333334
2BHW,val,427.0,669,3,0.004484304932735426
2BIF,train,733.0,864,6,0.006944444444444444
2BOZ,train,394.0,825,1,0.0012121212121212121
2BRD,train,106.0,222,6,0.02702702702702703
2BS2,test,492.0,2302,9,0.003909643788010426
2BS3,test,492.0,2300,8,0.0034782608695652175
2BS4,test,492.0,2300,10,0.004347826086956522
2BXI,val,601.0,582,5,0.00859106529209622
2BXK,val,601.0,582,5,0.00859106529209622
2BXL,val,601.0,581,4,0.0068846815834767644
2BXM,val,601.0,582,4,0.006872852233676976
2BXN,val,601.0,582,5,0.00859106529209622
2BXO,val,601.0,582,4,0.006872852233676976
2BXP,val,601.0,581,7,0.012048192771084338
2BXQ,val,601.0,582,4,0.006872852233676976
2C0J,train,92.0,304,1,0.003289473684210526
2C3E,train,261.0,293,13,0.04436860068259386
2CFH,train,92.0,625,4,0.0064
2CMB,train,477.0,287,4,0.013937282229965157
2CMC,train,477.0,286,4,0.013986013986013986
2CNE,train,477.0,287,4,0.013937282229965157
2CZV,train,628.0,651,3,0.004608294930875576
2DEB,train,691.0,1253,4,0.0031923383878691143
2DQS,train,464.0,994,1,0.001006036217303823
2DQY,train,531.0,1596,7,0.0043859649122807015
2DQZ,train,531.0,1596,4,0.002506265664160401
2DR6,test,645.0,3066,4,0.001304631441617743
2DT8,train,694.0,280,2,0.007142857142857143
2DYR,test,83.0,3550,33,0.009295774647887323
2DYS,test,83.0,3550,34,0.009577464788732394
2E1S,val,150.0,341,1,0.002932551319648094
2E3O,train,583.0,231,5,0.021645021645021644
2E3Q,train,583.0,235,2,0.00851063829787234
2E56,train,730.0,144,1,0.006944444444444444
2E9L,val,693.0,466,3,0.006437768240343348
2E9M,val,693.0,466,1,0.002145922746781116
2EAU,train,464.0,994,3,0.0030181086519114686
2EIJ,test,83.0,3550,36,0.010140845070422535
2EIK,test,83.0,3550,39,0.010985915492957746
2EIL,test,83.0,3550,34,0.009577464788732394
2EIM,test,83.0,3550,45,0.01267605633802817
2EIN,test,83.0,3550,39,0.010985915492957746
2EV1,val,614.0,366,2,0.00546448087431694
2EV2,val,614.0,369,5,0.013550135501355014
2EV3,val,614.0,369,4,0.01084010840108401
2EV4,val,614.0,369,6,0.016260162601626018
2EVU,train,678.0,245,1,0.004081632653061225
2F1T,train,318.0,549,3,0.00546448087431694
2F93,train,488.0,542,2,0.0036900369003690036
2F95,train,488.0,546,2,0.003663003663003663
2FBW,test,492.0,2185,2,0.0009153318077803204
2FIK,train,510.0,362,1,0.0027624309392265192
2FKW,train,202.0,837,15,0.017921146953405017
2FLJ,val,298.0,3325,227,0.06827067669172933
2FSL,val,526.0,332,1,0.0030120481927710845
2FSM,val,526.0,326,1,0.003067484662576687
2FSO,val,526.0,325,2,0.006153846153846154
2FST,val,526.0,324,3,0.009259259259259259
2FT9,train,162.0,125,2,0.016
2FVA,train,210.0,1640,389,0.2371951219512195
2G87,train,365.0,696,10,0.014367816091954023
2GMR,train,394.0,825,2,0.0024242424242424242
2GNU,train,394.0,816,2,0.0024509803921568627
2GO3,train,475.0,532,6,0.011278195488721804
2GSK,train,580.0,671,2,0.0029806259314456036
2GSM,test,83.0,1581,4,0.002530044275774826
2GVM,train,59.0,280,1,0.0035714285714285713
2H3I,test,664.0,2620,272,0.10381679389312977
2H3Q,test,664.0,2620,96,0.0366412213740458
2H89,test,492.0,1095,1,0.0009132420091324201
2HD0,train,299.0,1525,3,0.0019672131147540984
2HDI,train,378.0,701,1,0.0014265335235378032
2HG3,train,394.0,823,6,0.007290400972053463
2HG9,train,394.0,824,4,0.0048543689320388345
2HH1,train,394.0,827,5,0.006045949214026602
2HHK,train,394.0,824,5,0.006067961165048544
2HIT,train,394.0,826,7,0.00847457627118644
2HJ6,train,394.0,824,5,0.006067961165048544
2HNX,val,298.0,136,1,0.007352941176470588
2HPY,train,365.0,696,7,0.010057471264367816
2HRE,train,704.0,1436,2,0.001392757660167131
2I2Z,val,601.0,581,8,0.013769363166953529
2I30,val,601.0,582,6,0.010309278350515464
2I36,train,365.0,962,1,0.0010395010395010396
2I5N,val,708.0,1177,2,0.0016992353440951572
2IER,train,475.0,534,1,0.0018726591760299626
2IES,train,475.0,534,1,0.0018726591760299626
2IRV,train,19.0,355,8,0.022535211267605635
2IU8,train,135.0,1037,5,0.0048216007714561235
2IU9,train,135.0,1037,7,0.006750241080038573
2IUA,train,135.0,1037,3,0.0028929604628736743
2IWV,train,404.0,1108,25,0.02256317689530686
2IWW,train,404.0,554,5,0.009025270758122744
2J3R,train,92.0,316,2,0.006329113924050633
2J3T,train,151.0,665,1,0.0015037593984962407
2J3W,train,584.0,929,4,0.004305705059203444
2J65,train,475.0,534,3,0.0056179775280898875
2J7A,val,731.0,6812,11,0.0016147974163241339
2J8C,train,394.0,825,8,0.009696969696969697
2J8D,train,394.0,848,7,0.008254716981132075
2J8S,test,645.0,3426,31,0.009048453006421483
2JAF,train,488.0,242,3,0.012396694214876033
2JAG,train,488.0,242,4,0.01652892561983471
2JBL,val,708.0,1185,1,0.0008438818565400844
2JIY,train,394.0,822,3,0.0036496350364963502
2JJ0,train,394.0,817,3,0.0036719706242350062
2JMG,test,664.0,2620,282,0.10763358778625955
2JU8,train,162.0,1270,167,0.131496062992126
2K4H,test,664.0,2680,222,0.08283582089552238
2K4I,test,664.0,2680,248,0.09253731343283582
2KSI,train,179.0,2200,261,0.11863636363636364
2L90,train,319.0,4452,312,0.07008086253369272
2LKK,train,162.0,1260,157,0.1246031746031746
2M5P,val,478.0,270,57,0.2111111111111111
2M5Q,val,478.0,270,66,0.24444444444444444
2MO5,train,317.0,1420,86,0.06056338028169014
2MSC,train,203.0,5810,1140,0.1962134251290878
2MSD,train,203.0,5810,1845,0.31755593803786575
2MSE,train,203.0,6540,2812,0.42996941896024465
2NBN,train,344.0,2220,507,0.22837837837837838
2NNH,train,627.0,926,10,0.01079913606911447
2NNI,train,627.0,463,1,0.0021598272138228943
2NNJ,train,627.0,463,1,0.0021598272138228943
2NP5,train,211.0,716,5,0.006983240223463687
2NPQ,val,526.0,326,2,0.006134969325153374
2NS1,train,752.0,517,6,0.01160541586073501
2NV3,test,664.0,2620,327,0.12480916030534352
2NWL,val,110.0,1206,1,0.0008291873963515755
2OBD,train,508.0,472,6,0.012711864406779662
2OXL,train,732.0,124,4,0.03225806451612903
2OYE,train,334.0,553,2,0.003616636528028933
2OYU,train,334.0,553,1,0.0018083182640144665
2P4B,val,164.0,804,2,0.0024875621890547263
2PED,train,365.0,696,7,0.010057471264367816
2PFC,train,300.0,160,2,0.0125
2PLV,test,676.0,854,4,0.00468384074941452
2PNJ,train,704.0,711,2,0.0028129395218002813
2PNO,train,289.0,1752,12,0.00684931506849315
2PO5,train,704.0,718,1,0.001392757660167131
2PO7,train,704.0,718,1,0.001392757660167131
2PRC,val,708.0,1185,2,0.0016877637130801688
2PWN,train,92.0,158,4,0.02531645569620253
2Q6H,train,644.0,513,4,0.007797270955165692
2Q72,train,644.0,512,5,0.009765625
2QB4,train,644.0,511,4,0.007827788649706457
2QCU,train,152.0,1000,7,0.007
2QD1,train,704.0,1436,1,0.0006963788300835655
2QD2,train,704.0,718,2,0.002785515320334262
2QD3,train,704.0,718,1,0.001392757660167131
2QD4,train,704.0,718,2,0.002785515320334262
2QD5,train,704.0,718,1,0.001392757660167131
2QEI,train,644.0,512,4,0.0078125
2QJU,train,644.0,510,3,0.0058823529411764705
2QZT,train,344.0,218,6,0.027522935779816515
2R2I,train,779.0,184,3,0.016304347826086956
2R45,train,152.0,990,7,0.007070707070707071
2R46,train,152.0,990,7,0.007070707070707071
2R4E,train,152.0,988,9,0.009109311740890687
2R4J,train,152.0,991,7,0.007063572149344097
2R4L,train,60.0,1249,4,0.0032025620496397116
2R4N,train,60.0,842,2,0.0023752969121140144
2R4O,train,60.0,842,1,0.0011876484560570072
2R4P,train,60.0,836,1,0.0011961722488038277
2R56,test,610.0,1182,2,0.001692047377326565
2RH1,val,699.0,442,2,0.004524886877828055
2UUH,train,289.0,151,1,0.006622516556291391
2UUI,train,289.0,156,2,0.01282051282051282
2UWH,val,125.0,2748,2,0.000727802037845706
2UWS,train,394.0,824,1,0.0012135922330097086
2UWT,train,394.0,825,1,0.0012121212121212121
2UWU,train,394.0,825,7,0.008484848484848486
2UWV,train,394.0,825,2,0.0024242424242424242
2UWW,train,394.0,825,5,0.006060606060606061
2UX3,train,394.0,825,4,0.0048484848484848485
2UX4,train,394.0,825,5,0.006060606060606061
2UX5,train,394.0,825,4,0.0048484848484848485
2UXJ,train,394.0,825,2,0.0024242424242424242
2UXK,train,394.0,825,3,0.0036363636363636364
2UXM,train,394.0,825,1,0.0012121212121212121
2V50,test,645.0,6105,16,0.002620802620802621
2VN0,train,627.0,464,1,0.0021551724137931034
2VQI,train,629.0,954,1,0.0010482180293501049
2VWA,train,692.0,600,13,0.021666666666666667
2W1P,train,678.0,263,5,0.019011406844106463
2W2E,train,678.0,263,3,0.011406844106463879
2W3Y,train,482.0,528,2,0.003787878787878788
2WH5,val,58.0,536,1,0.0018656716417910447
2WJQ,train,212.0,205,1,0.004878048780487805
2WQ9,test,279.0,173,2,0.011560693641618497
2WQA,test,279.0,821,3,0.0036540803897685747
2WUT,val,298.0,133,1,0.007518796992481203
2WX5,train,394.0,823,5,0.006075334143377886
2X72,train,365.0,337,3,0.008902077151335312
2X9K,train,404.0,278,6,0.02158273381294964
2X9L,test,61.0,256,1,0.00390625
2XSI,val,601.0,582,5,0.00859106529209622
2XVV,val,601.0,582,6,0.010309278350515464
2XVW,val,601.0,582,4,0.006872852233676976
2XYW,train,522.0,526,1,0.0019011406844106464
2XYX,train,522.0,524,1,0.0019083969465648854
2Y00,val,468.0,584,5,0.008561643835616438
2Y01,val,468.0,584,4,0.00684931506849315
2Y02,val,468.0,584,5,0.008561643835616438
2Y03,val,468.0,586,4,0.006825938566552901
2Y04,val,468.0,584,7,0.011986301369863013
2Y69,test,83.0,3526,32,0.009075439591605219
2YBB,train,180.0,8330,13,0.00156062424969988
2YG2,val,320.0,314,2,0.006369426751592357
2YP4,test,120.0,491,1,0.002036659877800407
2Z6V,train,3.0,392,4,0.01020408163265306
2Z73,train,246.0,697,4,0.005738880918220947
2Z7X,train,755.0,1074,1,0.000931098696461825
2ZBD,train,464.0,994,1,0.001006036217303823
2ZIY,train,246.0,370,2,0.005405405405405406
2ZOX,val,693.0,466,3,0.006437768240343348
2ZXW,test,83.0,3526,36,0.01020986954055587
2ZYI,test,136.0,900,4,0.0044444444444444444
2ZZ9,train,678.0,223,1,0.004484304932735426
3A0B,train,622.0,5194,3,0.0005775895263765884
3A0H,train,622.0,5200,6,0.001153846153846154
3A22,val,405.0,1226,6,0.004893964110929853
3A2S,train,280.0,341,2,0.005865102639296188
3A73,val,601.0,1152,18,0.015625
3ABK,test,83.0,3550,42,0.011830985915492958
3ABL,test,83.0,3526,43,0.012195121951219513
3ABM,test,83.0,3526,44,0.012478729438457176
3AG1,test,83.0,3550,27,0.007605633802816901
3AG2,test,83.0,3544,49,0.013826185101580136
3AG3,test,83.0,3550,41,0.011549295774647887
3AG4,test,83.0,3550,49,0.01380281690140845
3AM6,train,488.0,896,4,0.004464285714285714
3AQI,train,704.0,718,1,0.001392757660167131
3AR2,train,464.0,994,1,0.001006036217303823
3AR3,train,464.0,994,1,0.001006036217303823
3AR5,train,464.0,994,1,0.001006036217303823
3AR6,train,464.0,994,2,0.002012072434607646
3AR7,train,464.0,994,1,0.001006036217303823
3ASN,test,83.0,3550,31,0.008732394366197183
3ASO,test,83.0,3550,33,0.009295774647887323
3AWM,train,121.0,407,2,0.004914004914004914
3AWQ,train,121.0,407,2,0.004914004914004914
3AYF,test,34.0,754,2,0.002652519893899204
3AYG,test,34.0,754,2,0.002652519893899204
3AYM,train,246.0,697,3,0.00430416068866571
3AYN,train,246.0,697,1,0.0014347202295552368
3B2H,train,162.0,130,2,0.015384615384615385
3B2I,train,162.0,130,1,0.007692307692307693
3B2J,train,162.0,130,2,0.015384615384615385
3B2K,train,162.0,129,1,0.007751937984496124
3B2L,train,162.0,126,2,0.015873015873015872
3B6H,train,780.0,939,5,0.005324813631522897
3B74,test,662.0,307,1,0.003257328990228013
3B8E,train,406.0,2146,1,0.00046598322460391424
3B9L,val,601.0,582,12,0.020618556701030927
3B9M,val,601.0,582,6,0.010309278350515464
3BDQ,train,344.0,218,6,0.027522935779816515
3BEH,val,509.0,895,1,0.0011173184357541898
3BIF,train,733.0,432,2,0.004629629629629629
3BKD,train,13.0,200,3,0.015
3BKR,train,165.0,119,2,0.01680672268907563
3BKS,train,165.0,119,2,0.01680672268907563
3BXP,train,599.0,520,4,0.007692307692307693
3C1H,train,752.0,363,2,0.005509641873278237
3C1I,train,752.0,366,1,0.00273224043715847
3C9L,train,365.0,329,3,0.00911854103343465
3CAP,train,365.0,652,2,0.003067484662576687
3CAY,train,615.0,276,16,0.057971014492753624
3CBA,train,615.0,276,9,0.03260869565217391
3CJD,val,453.0,364,5,0.013736263736263736
3CUE,train,92.0,4036,8,0.0019821605550049554
3CWB,train,463.0,4040,10,0.0024752475247524753
3CX9,val,601.0,582,2,0.003436426116838488
3D38,val,708.0,1177,2,0.0016992353440951572
3D4S,val,699.0,439,2,0.004555808656036446
3DAS,train,479.0,334,5,0.014970059880239521
3DBX,val,756.0,378,2,0.005291005291005291
3DQB,train,365.0,337,3,0.008902077151335312
3DSY,train,394.0,823,4,0.004860267314702308
3DTA,train,394.0,823,5,0.006075334143377886
3DTR,train,394.0,819,5,0.006105006105006105
3DTS,train,394.0,823,5,0.006075334143377886
3DTU,test,83.0,1592,3,0.0018844221105527637
3DU2,train,394.0,823,5,0.006075334143377886
3DU3,train,394.0,823,3,0.0036452004860267314
3DUQ,train,394.0,819,5,0.006105006105006105
3DWN,train,60.0,842,3,0.0035629453681710215
3E68,train,153.0,825,1,0.0012121212121212121
3EAM,test,621.0,1555,10,0.006430868167202572
3EE4,test,231.0,289,2,0.006920415224913495
3EGL,test,734.0,769,9,0.011703511053315995
3EHB,test,83.0,1011,12,0.011869436201780416
3ELZ,train,162.0,401,18,0.04488778054862843
3EM0,train,162.0,266,7,0.02631578947368421
3EML,val,699.0,448,2,0.004464285714285714
3EPC,test,676.0,1062,4,0.003766478342749529
3EPD,test,676.0,1059,2,0.0018885741265344666
3EPF,test,676.0,1050,1,0.0009523809523809524
3EPY,val,58.0,174,1,0.005747126436781609
3F3A,train,644.0,508,6,0.011811023622047244
3F3C,train,644.0,509,2,0.003929273084479371
3F3D,train,644.0,510,3,0.0058823529411764705
3F3E,train,644.0,510,4,0.00784313725490196
3F48,train,644.0,510,4,0.00784313725490196
3F4I,train,644.0,510,3,0.0058823529411764705
3F4J,train,644.0,510,4,0.00784313725490196
3FBZ,test,4.0,492,24,0.04878048780487805
3FHH,train,480.0,621,1,0.001610305958132045
3FS1,train,51.0,239,1,0.0041841004184100415
3FYE,test,83.0,1578,5,0.0031685678073510772
3FYI,test,83.0,1578,4,0.0025348542458808617
3FYS,train,694.0,282,2,0.0070921985815602835
3G7F,val,708.0,1177,2,0.0016992353440951572
3GCP,val,526.0,337,2,0.005934718100890208
3GCQ,val,526.0,337,2,0.005934718100890208
3GCS,val,526.0,331,2,0.006042296072507553
3GCU,val,526.0,676,5,0.0073964497041420114
3GCV,val,526.0,338,3,0.008875739644970414
3GJC,train,644.0,998,7,0.0070140280561122245
3GJD,train,644.0,510,2,0.00392156862745098
3GKI,test,345.0,225,5,0.022222222222222223
3GML,train,510.0,367,1,0.0027247956403269754
3GMN,train,510.0,367,1,0.0027247956403269754
3H1H,train,463.0,4042,11,0.0027214250371103412
3H1I,train,463.0,4042,6,0.0014844136566056407
3H1J,train,463.0,4042,10,0.002474022761009401
3H1K,train,463.0,4046,10,0.002471576866040534
3H1L,train,463.0,4042,10,0.002474022761009401
3H2K,train,379.0,388,4,0.010309278350515464
3HB3,test,83.0,1007,6,0.005958291956305859
3HCN,train,704.0,718,2,0.002785515320334262
3HCO,train,704.0,718,2,0.002785515320334262
3HCP,train,704.0,718,4,0.005571030640668524
3HD6,train,451.0,403,2,0.004962779156327543
3HEC,val,526.0,329,4,0.0121580547112462
3HRQ,train,181.0,636,10,0.015723270440251572
3HS5,train,334.0,1103,3,0.0027198549410698096
3HS6,train,334.0,1102,9,0.008166969147005444
3HS7,train,334.0,1103,4,0.003626473254759746
3HUB,val,526.0,335,1,0.0029850746268656717
3HUC,val,526.0,337,1,0.002967359050445104
3HV3,val,526.0,335,1,0.0029850746268656717
3HV4,val,526.0,677,5,0.007385524372230428
3HV5,val,526.0,678,4,0.0058997050147492625
3HV6,val,526.0,331,4,0.012084592145015106
3HV7,val,526.0,330,1,0.0030303030303030303
3HYV,train,512.0,2568,1,0.0003894080996884735
3HYW,train,512.0,2562,1,0.00039032006245121
3I4D,train,394.0,822,9,0.010948905109489052
3I65,train,218.0,370,2,0.005405405405405406
3I9G,test,610.0,435,3,0.006896551724137931
3IW5,val,526.0,336,2,0.005952380952380952
3IW6,val,526.0,337,2,0.005934718100890208
3IW7,val,526.0,335,3,0.008955223880597015
3IW8,val,526.0,334,1,0.0029940119760479044
3IYL,train,62.0,10728,30,0.002796420581655481
3J3O,test,676.0,1290,5,0.003875968992248062
3J9F,test,676.0,1163,1,0.0008598452278589854
3JBC,test,676.0,982,2,0.002036659877800407
3JBD,test,676.0,973,3,0.003083247687564234
3JBE,test,676.0,980,4,0.004081632653061225
3JBF,test,676.0,976,4,0.004098360655737705
3JBG,test,676.0,974,1,0.001026694045174538
3JCU,train,622.0,7648,32,0.0041841004184100415
3JD7,test,676.0,820,1,0.0012195121951219512
3JD8,val,592.0,1133,2,0.00176522506619594
3JQO,train,93.0,4909,7,0.001425952332450601
3JTC,val,430.0,393,5,0.01272264631043257
3K2S,train,203.0,486,43,0.08847736625514403
3K3C,train,533.0,604,2,0.0033112582781456954
3KK6,train,334.0,1106,17,0.015370705244122965
3KLY,train,757.0,1279,17,0.013291634089132134
3KLZ,train,757.0,1281,11,0.00858704137392662
3KPK,train,512.0,418,2,0.004784688995215311
3KRK,train,334.0,1103,2,0.001813236627379873
3KXC,train,92.0,292,1,0.003424657534246575
3KZI,train,622.0,2597,4,0.0015402387370042356
3L1N,train,137.0,155,1,0.0064516129032258064
3L70,train,463.0,4042,10,0.002474022761009401
3L71,train,463.0,4042,9,0.002226620484908461
3L72,train,463.0,4043,8,0.001978728666831561
3L73,train,463.0,4042,10,0.002474022761009401
3L74,train,463.0,4042,15,0.003711034141514102
3L75,train,463.0,4042,12,0.0029688273132112814
3L8S,val,526.0,334,2,0.005988023952095809
3L94,val,511.0,707,2,0.002828854314002829
3LA7,train,229.0,414,3,0.007246376811594203
3LEO,train,289.0,150,2,0.013333333333333334
3LFA,val,526.0,333,3,0.009009009009009009
3LFB,val,526.0,333,2,0.006006006006006006
3LFC,val,526.0,334,3,0.008982035928143712
3LFD,val,526.0,331,2,0.006042296072507553
3LFE,val,526.0,334,1,0.0029940119760479044
3LFF,val,526.0,335,3,0.008955223880597015
3LIM,val,160.0,1068,10,0.009363295880149813
3LLO,train,433.0,132,1,0.007575757575757576
3LN0,train,334.0,2208,4,0.0018115942028985507
3LN1,train,334.0,2208,4,0.0018115942028985507
3LSJ,train,94.0,409,1,0.0024449877750611247
3M71,test,483.0,308,1,0.003246753246753247
3M72,test,483.0,306,1,0.0032679738562091504
3M73,test,483.0,313,2,0.006389776357827476
3M74,test,483.0,306,3,0.00980392156862745
3M75,test,483.0,306,3,0.00980392156862745
3M76,test,483.0,306,2,0.006535947712418301
3M77,test,483.0,307,2,0.006514657980456026
3M78,test,483.0,307,1,0.003257328990228013
3M7B,test,483.0,309,3,0.009708737864077669
3M7C,test,483.0,304,3,0.009868421052631578
3M7E,test,483.0,309,1,0.003236245954692557
3M7L,test,483.0,308,4,0.012987012987012988
3MDL,train,334.0,1103,3,0.0027198549410698096
3MGY,val,526.0,329,1,0.00303951367781155
3MH0,val,526.0,332,1,0.0030120481927710845
3MH1,val,526.0,337,1,0.002967359050445104
3MH2,val,526.0,330,1,0.0030303030303030303
3MHO,test,346.0,256,1,0.00390625
3MLM,train,443.0,242,6,0.024793388429752067
3MPA,val,526.0,331,2,0.006042296072507553
3MPN,train,644.0,506,1,0.001976284584980237
3MPQ,train,644.0,491,2,0.004073319755600814
3MQE,train,334.0,2208,3,0.001358695652173913
3N8V,train,334.0,1106,5,0.0045207956600361665
3N8W,train,334.0,1106,3,0.0027124773960217
3N8X,train,334.0,1106,3,0.0027124773960217
3N8Y,train,334.0,1105,4,0.0036199095022624436
3N8Z,train,334.0,1106,4,0.003616636528028933
3N9Y,train,736.0,1077,2,0.0018570102135561746
3NAM,train,464.0,994,1,0.001006036217303823
3NAN,train,464.0,994,1,0.001006036217303823
3NE2,train,678.0,1955,8,0.004092071611253197
3NR3,val,298.0,135,1,0.007407407407407408
3NSG,train,155.0,1023,5,0.004887585532746823
3NT1,train,334.0,1104,9,0.008152173913043478
3NTB,train,334.0,2207,15,0.006796556411418215
3NTG,train,334.0,2208,4,0.0018115942028985507
3NY8,val,699.0,439,2,0.004555808656036446
3NYI,test,204.0,588,8,0.013605442176870748
3O0E,train,155.0,2123,41,0.019312293923692887
3O19,train,695.0,154,1,0.006493506493506494
3O8T,val,526.0,332,1,0.0030120481927710845
3O8U,val,526.0,332,1,0.0030120481927710845
3OAX,train,365.0,696,5,0.007183908045977011
3OBJ,val,526.0,332,2,0.006024096385542169
3OCJ,train,213.0,300,2,0.006666666666666667
3OD6,val,526.0,344,1,0.0029069767441860465
3ODU,val,699.0,922,6,0.006507592190889371
3ODY,val,526.0,321,1,0.003115264797507788
3ODZ,val,526.0,335,1,0.0029850746268656717
3OE6,val,699.0,418,2,0.004784688995215311
3OEF,val,526.0,334,3,0.008982035928143712
3OLT,train,334.0,1102,1,0.0009074410163339383
3OLU,train,334.0,1102,2,0.0018148820326678765
3OM3,test,83.0,1578,5,0.0031685678073510772
3OMA,test,83.0,1578,3,0.0019011406844106464
3OMI,test,83.0,1577,6,0.003804692454026633
3OMN,test,83.0,1578,6,0.0038022813688212928
3P4W,test,621.0,1555,5,0.003215434083601286
3P50,test,621.0,1555,4,0.002572347266881029
3P5K,val,526.0,332,2,0.006024096385542169
3P78,val,526.0,332,1,0.0030120481927710845
3P79,val,526.0,332,1,0.0030120481927710845
3P7A,val,526.0,332,2,0.006024096385542169
3P7B,val,526.0,332,2,0.006024096385542169
3P7C,val,526.0,332,2,0.006024096385542169
3PCQ,val,596.0,2243,8,0.0035666518056174765
3PDS,val,699.0,442,1,0.0022624434389140274
3PF1,train,60.0,848,9,0.01061320754716981
3PG3,val,526.0,337,1,0.002967359050445104
3PG7,train,205.0,512,3,0.005859375
3PGS,train,60.0,853,12,0.01406799531066823
3PGU,train,60.0,408,8,0.0196078431372549
3PL5,train,694.0,277,3,0.010830324909747292
3POQ,train,155.0,340,5,0.014705882352941176
3POX,train,155.0,2040,28,0.013725490196078431
3PQR,train,365.0,337,3,0.008902077151335312
3PRC,val,708.0,1185,3,0.002531645569620253
3PUV,train,618.0,1881,2,0.001063264221158958
3PUW,train,618.0,1881,3,0.001594896331738437
3PUX,train,618.0,1886,3,0.0015906680805938495
3PUY,train,618.0,1886,3,0.0015906680805938495
3PUZ,train,618.0,1873,3,0.001601708489054992
3PV0,train,618.0,1875,2,0.0010666666666666667
3PXO,train,365.0,326,3,0.009202453987730062
3Q7D,train,334.0,1104,9,0.008152173913043478
3Q8G,test,662.0,306,1,0.0032679738562091504
3QAK,val,699.0,444,2,0.0045045045045045045
3QH0,train,334.0,1103,5,0.004533091568449683
3QMO,train,334.0,1102,3,0.0027223230490018148
3QPS,train,739.0,202,1,0.0049504950495049506
3QQV,test,811.0,357,2,0.0056022408963585435
3QS4,train,644.0,507,3,0.005917159763313609
3QS5,train,644.0,510,1,0.00196078431372549
3QS6,train,644.0,510,2,0.00392156862745098
3QUD,val,526.0,345,3,0.008695652173913044
3QUE,val,526.0,343,3,0.008746355685131196
3R1P,val,321.0,646,2,0.0030959752321981426
3RI5,test,621.0,3694,4,0.0010828370330265296
3RIA,test,621.0,3697,1,0.0002704895861509332
3RIF,test,621.0,3675,2,0.0005442176870748299
3RLF,train,618.0,1892,2,0.0010570824524312897
3RR3,train,334.0,2208,13,0.00588768115942029
3RZE,val,699.0,428,1,0.002336448598130841
3S8F,test,617.0,751,8,0.010652463382157125
3S8G,test,617.0,751,7,0.009320905459387484
3SL3,train,337.0,1295,2,0.0015444015444015444
3SL4,train,337.0,1303,6,0.004604758250191865
3SL6,train,337.0,1301,1,0.0007686395080707148
3SQJ,val,601.0,1164,14,0.012027491408934709
3SRA,val,511.0,709,3,0.004231311706629055
3SRG,train,347.0,337,1,0.002967359050445104
3STK,train,162.0,129,1,0.007751937984496124
3STM,train,162.0,127,1,0.007874015748031496
3SXI,train,512.0,421,1,0.0023752969121140144
3SY4,train,512.0,421,1,0.0023752969121140144
3SY9,val,166.0,1464,13,0.008879781420765027
3SYI,train,512.0,421,1,0.0023752969121140144
3SZ0,train,512.0,421,1,0.0023752969121140144
3SZF,train,512.0,421,1,0.0023752969121140144
3SZW,train,512.0,421,1,0.0023752969121140144
3T14,train,512.0,421,1,0.0023752969121140144
3T2Y,train,512.0,407,1,0.002457002457002457
3T6D,val,708.0,1187,16,0.013479359730412805
3T6E,val,708.0,1186,9,0.007588532883642495
3T9N,train,616.0,1851,8,0.004321988114532685
3TB4,train,454.0,205,4,0.01951219512195122
3TDL,val,601.0,578,8,0.01384083044982699
3TDO,train,513.0,1294,14,0.010819165378670788
3TDP,train,513.0,1281,11,0.00858704137392662
3TDS,train,513.0,1293,16,0.01237432327919567
3TDX,train,513.0,1293,7,0.005413766434648105
3TE0,train,513.0,1293,13,0.010054137664346482
3TE1,train,513.0,1293,6,0.004640371229698376
3TE2,train,513.0,1293,22,0.017014694508894045
3TGU,train,463.0,4053,10,0.002467308166790032
3TIJ,train,742.0,404,1,0.0024752475247524753
3TX3,train,20.0,453,6,0.013245033112582781
3TZI,train,334.0,1103,3,0.0027198549410698096
3TZY,train,484.0,950,8,0.008421052631578947
3U3N,train,781.0,228,1,0.0043859649122807015
3U88,test,487.0,1222,2,0.0016366612111292963
3UG9,test,515.0,280,4,0.014285714285714285
3UIV,val,601.0,1164,17,0.014604810996563574
3UQY,val,323.0,1692,1,0.000591016548463357
3USC,val,323.0,1692,2,0.001182033096926714
3USE,val,323.0,1698,2,0.001177856301531213
3UU5,test,621.0,1555,5,0.003215434083601286
3UU6,test,621.0,1555,2,0.0012861736334405145
3UU8,test,621.0,1555,7,0.0045016077170418
3UUB,test,621.0,3110,10,0.003215434083601286
3UVP,val,526.0,334,4,0.011976047904191617
3UVQ,val,526.0,333,2,0.006006006006006006
3UVR,val,526.0,331,3,0.00906344410876133
3V3Y,train,394.0,824,3,0.0036407766990291263
3V5U,val,332.0,297,5,0.016835016835016835
3VBF,test,676.0,842,2,0.0023752969121140144
3VBH,test,676.0,842,2,0.0023752969121140144
3VBS,test,676.0,842,2,0.0023752969121140144
3VG2,train,162.0,129,3,0.023255813953488372
3VG3,train,162.0,129,2,0.015503875968992248
3VG4,train,162.0,129,1,0.007751937984496124
3VG5,train,162.0,129,1,0.007751937984496124
3VG6,train,162.0,130,2,0.015384615384615385
3VG7,train,162.0,129,3,0.023255813953488372
3VG9,val,468.0,733,2,0.002728512960436562
3VIR,test,206.0,251,1,0.00398406374501992
3VVN,train,63.0,445,3,0.006741573033707865
3VVO,train,63.0,448,7,0.015625
3VVR,train,63.0,450,1,0.0022222222222222222
3VVS,train,63.0,453,2,0.004415011037527594
3VW7,val,699.0,442,8,0.01809954751131222
3W1W,train,704.0,718,1,0.001392757660167131
3W4T,train,63.0,446,5,0.011210762331838564
3W5A,train,464.0,2019,5,0.0024764735017335313
3W5C,train,464.0,994,4,0.004024144869215292
3W5D,train,464.0,994,3,0.0030181086519114686
3W9I,test,645.0,6160,20,0.003246753246753247
3W9J,test,645.0,6160,13,0.0021103896103896102
3W9K,train,230.0,135,2,0.014814814814814815
3WBN,train,63.0,469,3,0.006396588486140725
3WEB,val,790.0,132,3,0.022727272727272728
3WG7,test,83.0,3550,42,0.011830985915492958
3WGU,train,406.0,2663,7,0.0026286143447239955
3WGV,train,406.0,2663,9,0.003379647014645137
3WJ1,train,530.0,304,3,0.009868421052631578
3WMG,test,95.0,605,2,0.003305785123966942
3WMM,train,394.0,2774,88,0.03172314347512617
3WO6,train,434.0,212,2,0.009433962264150943
3WU2,train,622.0,5235,56,0.01069723018147087
3X2Q,test,83.0,3552,42,0.011824324324324325
3ZDQ,test,95.0,571,13,0.02276707530647986
3ZJX,test,182.0,1101,11,0.009990917347865577
3ZK1,train,534.0,1958,14,0.007150153217568948
3ZK2,train,534.0,1958,19,0.009703779366700716
3ZOJ,train,678.0,263,7,0.026615969581749048
3ZPQ,val,468.0,586,4,0.006825938566552901
3ZPR,val,468.0,581,5,0.008605851979345954
3ZS5,val,526.0,340,1,0.0029411764705882353
3ZSG,val,526.0,337,1,0.002967359050445104
3ZSH,val,526.0,331,1,0.0030211480362537764
3ZSI,val,526.0,326,2,0.006134969325153374
3ZUM,train,394.0,817,1,0.0012239902080783353
3ZUX,test,527.0,308,5,0.016233766233766232
3ZUY,test,527.0,308,2,0.006493506493506494
4A01,train,14.0,1480,2,0.0013513513513513514
4A1H,val,298.0,399,3,0.007518796992481203
4A1Y,val,298.0,532,4,0.007518796992481203
4A2N,test,154.0,192,1,0.005208333333333333
4A4M,train,365.0,337,4,0.011869436201780416
4A8Z,val,298.0,133,3,0.022556390977443608
4AC8,test,231.0,1239,10,0.008071025020177562
4AFK,val,652.0,430,6,0.013953488372093023
4AL0,test,514.0,146,5,0.03424657534246575
4AL1,test,514.0,143,2,0.013986013986013986
4AWS,train,301.0,363,1,0.0027548209366391185
4AWT,train,301.0,363,1,0.0027548209366391185
4AYT,test,95.0,565,9,0.01592920353982301
4AYW,test,95.0,560,1,0.0017857142857142857
4AYX,test,95.0,572,10,0.017482517482517484
4B61,val,652.0,868,1,0.001152073732718894
4BEY,train,365.0,337,3,0.008902077151335312
4BEZ,train,365.0,326,2,0.006134969325153374
4BKE,val,601.0,582,4,0.006872852233676976
4BOE,test,322.0,154,9,0.05844155844155844
4BQU,test,322.0,301,20,0.0664451827242525
4BVM,val,298.0,133,4,0.03007518796992481
4BVN,val,468.0,289,7,0.02422145328719723
4C9G,train,261.0,265,13,0.04905660377358491
4C9H,train,261.0,548,29,0.05291970802919708
4C9J,train,261.0,544,24,0.04411764705882353
4C9Q,train,261.0,576,21,0.036458333333333336
4CAD,test,696.0,2737,3,0.0010960906101571063
4CBJ,train,21.0,890,1,0.0011235955056179776
4CJZ,train,7.0,335,2,0.005970149253731343
4CK0,train,7.0,332,3,0.009036144578313253
4CSB,test,782.0,113,5,0.04424778761061947
4CU4,train,214.0,714,4,0.0056022408963585435
4CZA,val,407.0,839,2,0.0023837902264600714
4D3S,train,281.0,2232,1,0.00044802867383512545
4D65,train,155.0,2058,23,0.011175898931000973
4D6A,val,298.0,133,5,0.03759398496240601
4D6B,val,298.0,133,4,0.03007518796992481
4D6T,train,463.0,3860,12,0.0031088082901554403
4D6U,train,463.0,3866,12,0.0031039834454216243
4DDJ,test,791.0,80,2,0.025
4DFX,train,161.0,367,4,0.010899182561307902
4DFZ,train,161.0,367,3,0.008174386920980926
4DG0,train,161.0,358,1,0.002793296089385475
4DG2,train,161.0,367,4,0.010899182561307902
4DJH,val,699.0,895,3,0.0033519553072625698
4DOS,train,51.0,263,4,0.015209125475285171
4DX5,test,645.0,3418,12,0.003510825043885313
4DX6,test,645.0,3419,7,0.0020473822755191578
4DX7,test,645.0,3419,16,0.00467973091547236
4E1G,train,334.0,1102,9,0.008166969147005444
4E1S,train,183.0,242,8,0.03305785123966942
4E1T,train,183.0,245,10,0.04081632653061224
4E6R,train,535.0,108,2,0.018518518518518517
4E9A,test,262.0,163,2,0.012269938650306749
4E9B,test,262.0,163,1,0.006134969325153374
4EA3,val,516.0,654,3,0.0045871559633027525
4EIY,val,699.0,390,11,0.028205128205128206
4ENE,test,630.0,1751,2,0.001142204454597373
4EP9,train,691.0,625,2,0.0032
4EPA,train,22.0,632,1,0.0015822784810126582
4EPH,train,691.0,625,1,0.0016
4EZC,test,330.0,1037,9,0.008678881388621022
4EZD,test,330.0,1037,8,0.007714561234329798
4F2A,train,508.0,472,3,0.006355932203389831
4F8H,test,621.0,1555,1,0.0006430868167202572
4FA7,test,617.0,743,8,0.010767160161507403
4FAA,test,617.0,732,7,0.009562841530054645
4FBY,train,622.0,5214,12,0.0023014959723820483
4FC4,train,513.0,2496,1,0.00040064102564102563
4FE1,val,596.0,2243,8,0.0035666518056174765
4FM5,train,334.0,2208,14,0.006340579710144928
4FMS,val,166.0,737,6,0.008141112618724558
4FT6,val,166.0,387,4,0.0103359173126615
4G0S,train,600.0,438,7,0.01598173515981735
4G70,test,617.0,751,9,0.011984021304926764
4G71,test,617.0,751,7,0.009320905459387484
4G72,test,617.0,746,7,0.00938337801608579
4G7Q,test,617.0,752,8,0.010638297872340425
4G7R,test,617.0,748,6,0.008021390374331552
4G7S,test,617.0,751,4,0.005326231691078562
4G7V,test,610.0,562,14,0.02491103202846975
4G7Y,test,610.0,554,1,0.0018050541516245488
4GB3,test,676.0,822,2,0.0024330900243309003
4GD3,val,323.0,3890,4,0.0010282776349614395
4GEO,val,526.0,326,8,0.024539877300613498
4GEY,train,5.0,420,5,0.011904761904761904
4GF9,val,65.0,684,1,0.0014619883040935672
4GP4,test,617.0,751,9,0.011984021304926764
4GP5,test,617.0,749,7,0.009345794392523364
4GP8,test,617.0,726,9,0.012396694214876033
4GQ4,test,487.0,469,1,0.0021321961620469083
4H33,test,23.0,91,1,0.01098901098901099
4HAR,train,138.0,589,6,0.010186757215619695
4HFC,test,621.0,1555,2,0.0012861736334405145
4HFD,test,621.0,1555,1,0.0006430868167202572
4HFE,test,621.0,1555,2,0.0012861736334405145
4HFH,test,621.0,1555,2,0.0012861736334405145
4HFI,test,621.0,1555,2,0.0012861736334405145
4HG6,train,438.0,1402,11,0.007845934379457917
4HHO,train,347.0,327,1,0.0030581039755351682
4HMK,train,644.0,1009,15,0.014866204162537165
4HOD,train,644.0,510,3,0.0058823529411764705
4HPU,train,161.0,354,1,0.002824858757062147
4HQJ,train,406.0,2598,2,0.0007698229407236335
4HR0,train,143.0,286,14,0.04895104895104895
4HR4,train,143.0,286,12,0.04195804195804196
4HR5,train,143.0,271,10,0.03690036900369004
4HYT,train,406.0,2630,5,0.0019011406844106464
4I0U,train,740.0,3455,1,0.0002894356005788712
4IB4,train,753.0,375,3,0.008
4IKV,train,416.0,492,1,0.0020325203252032522
4IKW,train,416.0,493,5,0.010141987829614604
4IKY,train,416.0,493,5,0.010141987829614604
4IL6,train,622.0,5280,67,0.01268939393939394
4IL9,test,621.0,1555,4,0.002572347266881029
4ILA,test,621.0,1554,4,0.002574002574002574
4ILC,test,621.0,1555,2,0.0012861736334405145
4IN5,train,394.0,823,3,0.0036452004860267314
4IN6,train,394.0,823,4,0.004860267314702308
4IN7,train,394.0,823,5,0.006075334143377886
4IQR,test,382.0,1261,7,0.0055511498810467885
4IRE,test,621.0,1561,1,0.0006406149903907751
4IXQ,train,622.0,5214,12,0.0023014959723820483
4IXR,train,622.0,5214,15,0.0028768699654775605
4J2T,train,464.0,994,1,0.001006036217303823
4J4Q,train,365.0,337,3,0.008902077151335312
4JAO,train,783.0,1408,2,0.0014204545454545455
4JAP,train,783.0,1410,1,0.0007092198581560284
4JAQ,train,783.0,1408,2,0.0014204545454545455
4JAT,train,783.0,1408,7,0.004971590909090909
4JBW,train,618.0,3616,6,0.00165929203539823
4JC6,train,678.0,2007,6,0.0029895366218236174
4JC7,train,289.0,155,1,0.0064516129032258064
4JCZ,train,289.0,147,1,0.006802721088435374
4JD3,train,783.0,1408,6,0.004261363636363636
4JGX,val,792.0,247,2,0.008097165991902834
4JJ2,train,306.0,276,1,0.0036231884057971015
4JKV,val,417.0,904,6,0.00663716814159292
4K1C,train,302.0,745,6,0.008053691275167786
4K5Y,test,380.0,1051,3,0.0028544243577545195
4KDD,train,741.0,184,3,0.016304347826086956
4KFM,train,55.0,727,2,0.002751031636863824
4KHZ,train,618.0,1873,2,0.0010678056593699946
4KI0,train,618.0,1891,4,0.0021152829190904283
4KLR,train,704.0,718,2,0.002785515320334262
4KPP,test,96.0,781,1,0.0012804097311139564
4KRG,train,184.0,932,8,0.008583690987124463
4KT0,val,596.0,2017,6,0.002974714923153198
4KU0,train,536.0,372,2,0.005376344086021506
4KU3,val,6.0,676,3,0.004437869822485207
4KVJ,test,263.0,611,1,0.0016366612111292963
4KVK,test,263.0,611,1,0.0016366612111292963
4KVL,test,263.0,610,7,0.011475409836065573
4KVQ,train,442.0,223,3,0.013452914798206279
4L6V,val,596.0,6534,26,0.003979185797367615
4L8M,val,526.0,339,1,0.0029498525073746312
4L8U,val,601.0,583,6,0.010291595197255575
4LB9,val,601.0,583,3,0.005145797598627788
4LCZ,val,427.0,624,3,0.004807692307692308
4LSI,train,155.0,1002,1,0.000998003992015968
4LWY,train,394.0,823,5,0.006075334143377886
4M10,train,334.0,2207,3,0.001359311282283643
4M11,train,334.0,2208,4,0.0018115942028985507
4M4D,train,348.0,890,4,0.0044943820224719105
4MBS,train,292.0,692,3,0.004335260115606936
4MK4,train,704.0,718,3,0.004178272980501393
4MKI,val,64.0,568,5,0.008802816901408451
4MLM,train,793.0,375,3,0.008
4MMB,train,644.0,504,2,0.003968253968253968
4MMD,train,644.0,1008,6,0.005952380952380952
4MME,train,644.0,1008,4,0.003968253968253968
4MMF,train,644.0,1008,3,0.002976190476190476
4MRN,test,95.0,1198,4,0.00333889816360601
4MRP,test,95.0,1198,6,0.005008347245409015
4MRR,test,95.0,1200,3,0.0025
4MRS,test,95.0,1198,5,0.004173622704507512
4MRV,test,95.0,1198,5,0.004173622704507512
4MZV,train,97.0,242,1,0.004132231404958678
4N03,train,185.0,389,2,0.005141388174807198
4N31,train,324.0,277,1,0.0036101083032490976
4N4Y,test,617.0,748,9,0.012032085561497326
4N53,test,676.0,843,1,0.0011862396204033216
4N6H,val,516.0,408,4,0.00980392156862745
4N7K,train,394.0,825,5,0.006060606060606061
4N7L,train,394.0,825,6,0.007272727272727273
4NAB,train,464.0,830,2,0.0024096385542168677
4NC3,train,753.0,370,5,0.013513513513513514
4NLD,val,24.0,500,3,0.006
4NQJ,train,139.0,530,6,0.011320754716981131
4NTA,train,289.0,147,1,0.006802721088435374
4NTF,train,289.0,145,1,0.006896551724137931
4NTJ,train,753.0,369,1,0.0027100271002710027
4OGB,train,337.0,1298,2,0.0015408320493066256
4OH3,train,282.0,1049,7,0.00667302192564347
4OO9,val,98.0,407,3,0.007371007371007371
4OR2,train,349.0,726,2,0.0027548209366391185
4OTJ,train,334.0,2206,4,0.001813236627379873
4OTY,train,334.0,1103,3,0.0027198549410698096
4OUG,val,65.0,684,1,0.0014619883040935672
4P00,train,438.0,1383,11,0.007953723788864787
4P02,train,438.0,1383,9,0.006507592190889371
4P42,train,418.0,886,2,0.002257336343115124
4P79,val,303.0,181,3,0.016574585635359115
4P99,train,381.0,1660,4,0.0024096385542168677
4PB2,train,742.0,404,1,0.0024752475247524753
4PBU,train,622.0,5267,21,0.003987089424719955
4PD5,train,742.0,403,1,0.0024813895781637717
4PD6,train,742.0,401,1,0.0024937655860349127
4PH9,train,334.0,1102,9,0.008166969147005444
4PHU,val,699.0,434,3,0.0069124423963133645
4PJ0,train,622.0,5279,25,0.004735745406326956
4PX7,test,325.0,251,2,0.00796812749003984
4PXF,train,365.0,332,3,0.009036144578313253
4PXX,test,346.0,258,1,0.003875968992248062
4PXZ,train,753.0,392,2,0.00510204081632653
4PY0,train,753.0,389,2,0.005141388174807198
4Q35,val,579.0,908,6,0.006607929515418502
4Q4Y,test,676.0,836,1,0.0011961722488038277
4QH5,test,621.0,1555,2,0.0012861736334405145
4QL0,train,25.0,520,9,0.01730769230769231
4QNC,train,140.0,163,6,0.03680981595092025
4QND,train,485.0,97,2,0.020618556701030927
4QTN,test,784.0,707,6,0.008486562942008486
4QXW,test,383.0,214,2,0.009345794392523364
4R0C,train,408.0,1901,8,0.004208311415044713
4R6I,train,283.0,920,2,0.002173913043478261
4RC8,train,442.0,444,1,0.0022522522522522522
4RCR,train,394.0,799,3,0.0037546933667083854
4RES,train,406.0,2627,4,0.0015226494099733537
4RET,train,406.0,2632,4,0.001519756838905775
4RKU,val,596.0,3094,7,0.0022624434389140274
4RNG,train,140.0,494,7,0.01417004048582996
4RPI,train,167.0,775,8,0.01032258064516129
4RRX,train,334.0,1104,1,0.0009057971014492754
4RRY,train,334.0,2208,17,0.007699275362318841
4RS0,train,334.0,557,3,0.005385996409335727
4RUT,train,334.0,2208,3,0.001358695652173913
4RVY,train,622.0,5264,20,0.003799392097264438
4RW3,train,619.0,279,3,0.010752688172043012
4RW5,train,619.0,278,3,0.01079136690647482
4RWA,val,516.0,784,1,0.0012755102040816326
4RWC,train,13.0,22,1,0.045454545454545456
4RWD,val,516.0,805,4,0.004968944099378882
4TL3,train,106.0,433,7,0.016166281755196306
4TNH,train,622.0,5214,13,0.002493287303413886
4TNI,train,622.0,5214,12,0.0023014959723820483
4TNJ,train,622.0,5214,12,0.0023014959723820483
4TNK,train,622.0,5214,11,0.002109704641350211
4TNV,test,621.0,7719,7,0.0009068532193289286
4TNW,test,621.0,7746,25,0.003227472243738704
4TPG,val,122.0,920,1,0.0010869565217391304
4TPH,val,122.0,907,1,0.0011025358324145535
4TPJ,val,122.0,901,1,0.0011098779134295228
4TQ5,val,486.0,275,1,0.0036363636363636364
4TRO,test,785.0,268,2,0.007462686567164179
4TSY,val,160.0,704,15,0.02130681818181818
4TW3,train,442.0,222,2,0.009009009009009009
4TWC,train,284.0,585,1,0.0017094017094017094
4U15,val,699.0,783,1,0.001277139208173691
4U3F,train,463.0,4038,10,0.0024764735017335313
4U4T,train,66.0,444,2,0.0045045045045045045
4U4V,train,66.0,442,1,0.0022624434389140274
4U4W,train,66.0,868,7,0.008064516129032258
4U8V,test,645.0,3418,10,0.002925687536571094
4U8Y,test,645.0,3418,8,0.0023405500292568754
4U95,test,645.0,3418,6,0.0017554125219426564
4U96,test,645.0,3418,9,0.0026331187829139848
4U9L,train,399.0,357,3,0.008403361344537815
4UB6,train,622.0,5294,55,0.01038911975821685
4UB8,train,622.0,5293,56,0.010580011335726431
4UC1,train,435.0,462,10,0.021645021645021644
4UC2,train,435.0,311,11,0.03536977491961415
4UC3,train,435.0,275,7,0.025454545454545455
4UTX,train,537.0,530,1,0.0018867924528301887
4UTZ,train,537.0,531,1,0.0018832391713747645
4UU1,train,464.0,994,3,0.0030181086519114686
4UU7,train,537.0,536,1,0.0018656716417910447
4UXW,train,7.0,337,8,0.02373887240356083
4UXX,train,7.0,336,6,0.017857142857142856
4V1F,val,758.0,257,3,0.011673151750972763
4WHD,test,383.0,216,9,0.041666666666666664
4WO1,train,631.0,128,7,0.0546875
4WOL,train,631.0,94,4,0.0425531914893617
4X1H,train,365.0,337,2,0.005934718100890208
4X5M,train,141.0,272,2,0.007352941176470588
4X6D,train,510.0,1521,1,0.0006574621959237344
4X6R,train,161.0,637,2,0.0031397174254317113
4X9X,train,694.0,268,11,0.041044776119402986
4XB9,train,143.0,285,13,0.0456140350877193
4XBV,train,143.0,571,24,0.04203152364273205
4XBW,train,143.0,274,11,0.040145985401459854
4XCP,train,350.0,155,5,0.03225806451612903
4XE5,train,406.0,1307,4,0.00306044376434583
4XK8,val,596.0,6350,20,0.0031496062992125984
4XNK,val,652.0,421,1,0.0023752969121140144
4XNL,val,652.0,425,6,0.01411764705882353
4XNV,test,458.0,340,12,0.03529411764705882
4XNX,test,156.0,966,1,0.0010351966873706005
4XP1,test,156.0,968,2,0.002066115702479339
4XPA,test,156.0,967,1,0.001034126163391934
4XT1,val,428.0,474,4,0.008438818565400843
4XU5,val,812.0,189,1,0.005291005291005291
4XU6,val,812.0,189,3,0.015873015873015872
4Y1K,train,356.0,2741,3,0.0010944910616563297
4Y28,val,596.0,3187,10,0.0031377470975839346
4YCR,test,483.0,299,2,0.006688963210702341
4YL0,test,514.0,147,4,0.027210884353741496
4YL1,test,514.0,148,2,0.013513513513513514
4YL3,test,514.0,146,3,0.02054794520547945
4YZI,test,515.0,289,2,0.006920415224913495
4Z0L,train,334.0,2204,5,0.002268602540834846
4Z3N,train,63.0,431,5,0.01160092807424594
4Z69,val,601.0,1162,4,0.0034423407917383822
4Z9G,test,380.0,1239,4,0.003228410008071025
4ZE9,test,331.0,489,3,0.006134969325153374
4ZEB,test,331.0,979,5,0.005107252298263534
4ZFB,val,125.0,460,2,0.004347826086956522
4ZFZ,train,625.0,1528,6,0.003926701570680628
4ZGV,train,786.0,1618,5,0.0030902348578491965
4ZIT,test,645.0,6253,10,0.0015992323684631377
4ZIV,test,645.0,6262,13,0.002076014053018205
4ZIW,test,645.0,6224,13,0.002088688946015424
4ZJ8,train,541.0,503,2,0.003976143141153081
4ZJC,train,541.0,503,1,0.0019880715705765406
4ZJL,test,645.0,6255,23,0.0036770583533173463
4ZJO,test,645.0,6258,16,0.002556727388942154
4ZJQ,test,645.0,6223,19,0.0030531897798489476
4ZR1,val,794.0,549,3,0.00546448087431694
4ZV5,val,168.0,182,4,0.02197802197802198
4ZW9,train,462.0,470,8,0.01702127659574468
4ZWC,train,462.0,936,3,0.003205128205128205
4ZYO,train,242.0,298,3,0.010067114093959731
5A1S,train,660.0,1721,5,0.002905287623474724
5A25,test,346.0,516,6,0.011627906976744186
5A43,val,436.0,442,3,0.006787330316742082
5A63,test,191.0,1223,2,0.001635322976287817
5A8E,val,468.0,285,5,0.017543859649122806
5ADU,val,323.0,1687,1,0.0005927682276229994
5AH3,train,752.0,447,5,0.011185682326621925
5AHY,train,488.0,242,1,0.004132231404958678
5AHZ,train,488.0,243,2,0.00823045267489712
5AW9,train,406.0,1299,1,0.0007698229407236335
5AWW,train,264.0,559,2,0.0035778175313059034
5AYN,train,759.0,405,10,0.024691358024691357
5AZB,train,384.0,284,1,0.0035211267605633804
5AZP,test,99.0,1340,5,0.0037313432835820895
5B0I,val,142.0,1193,4,0.003352891869237217
5B0K,val,142.0,1189,12,0.010092514718250631
5B0M,val,142.0,2396,7,0.002921535893155259
5B1A,test,83.0,3550,46,0.012957746478873239
5B1B,test,83.0,3552,48,0.013513513513513514
5B3S,test,83.0,3542,53,0.014963297571993224
5B57,test,409.0,1170,1,0.0008547008547008547
5B5E,train,622.0,5249,140,0.026671746999428463
5B66,train,622.0,5230,127,0.024282982791587
5BN2,train,678.0,260,2,0.007692307692307693
5BQG,test,514.0,148,1,0.006756756756756757
5BQH,test,514.0,148,3,0.02027027027027027
5BQI,test,514.0,148,2,0.013513513513513514
5BWO,train,795.0,283,4,0.014134275618374558
5C02,train,13.0,25,7,0.28
5C1M,val,428.0,413,1,0.002421307506053269
5C4W,test,676.0,832,1,0.001201923076923077
5C65,train,462.0,909,2,0.0022002200220022
5C8C,val,209.0,787,2,0.0025412960609911056
5C9A,val,209.0,819,2,0.002442002442002442
5CA6,test,437.0,318,2,0.006289308176100629
5CE4,val,298.0,131,4,0.030534351145038167
5CGC,val,98.0,409,3,0.007334963325183374
5CGD,val,98.0,408,2,0.004901960784313725
5CXV,val,699.0,451,1,0.0022172949002217295
5D1W,val,326.0,1162,25,0.021514629948364887
5D3I,train,755.0,739,2,0.0027063599458728013
5D5A,val,699.0,442,4,0.00904977375565611
5D5B,val,699.0,442,4,0.00904977375565611
5D5D,val,652.0,403,7,0.017369727047146403
5D6L,val,699.0,442,3,0.006787330316742082
5DA0,train,632.0,579,2,0.0034542314335060447
5DCO,train,143.0,285,13,0.0456140350877193
5DCR,train,143.0,285,12,0.042105263157894736
5DCS,train,143.0,287,11,0.03832752613240418
5DDC,test,487.0,466,1,0.002145922746781116
5DEQ,train,787.0,437,4,0.009153318077803204
5DHG,val,516.0,660,4,0.006060606060606061
5DHH,val,516.0,669,1,0.0014947683109118087
5DIC,test,285.0,115,1,0.008695652173913044
5DIR,train,552.0,608,11,0.018092105263157895
5DSG,val,699.0,791,7,0.008849557522123894
5DUO,train,435.0,463,7,0.01511879049676026
5DWY,val,110.0,1281,1,0.00078064012490242
5DYS,train,365.0,326,5,0.015337423312883436
5E79,train,622.0,5264,24,0.004559270516717325
5E7C,train,622.0,5264,28,0.005319148936170213
5E7X,train,137.0,155,1,0.0064516129032258064
5E9S,val,110.0,1283,5,0.003897116134060795
5EE7,test,380.0,416,3,0.007211538461538462
5EIK,train,743.0,234,4,0.017094017094017096
5EIY,train,438.0,1386,9,0.006493506493506494
5EJZ,train,438.0,1383,12,0.008676789587852495
5EKB,train,143.0,285,12,0.042105263157894736
5EN0,train,365.0,337,5,0.01483679525222552
5F19,train,334.0,1102,3,0.0027223230490018148
5F1A,train,334.0,1105,3,0.0027149321266968325
5F2T,train,327.0,509,1,0.0019646365422396855
5F31,train,327.0,256,1,0.00390625
5FCR,train,8.0,919,2,0.002176278563656148
5FDQ,train,334.0,1102,3,0.0027223230490018148
5FGN,train,520.0,536,2,0.0037313432835820895
5FI8,train,218.0,363,5,0.013774104683195593
5FJG,val,633.0,269,15,0.055762081784386616
5FUF,train,752.0,449,1,0.0022271714922048997
5FV3,test,351.0,455,1,0.002197802197802198
5FVN,train,155.0,2052,29,0.014132553606237816
5FZ0,test,351.0,453,2,0.004415011037527594
5FZ6,test,351.0,454,3,0.006607929515418502
5FZ9,test,351.0,454,2,0.004405286343612335
5FZB,test,351.0,454,1,0.0022026431718061676
5FZC,test,351.0,453,3,0.006622516556291391
5FZG,test,351.0,455,1,0.002197802197802198
5FZH,test,351.0,460,2,0.004347826086956522
5G28,val,633.0,264,2,0.007575757575757576
5G2D,val,633.0,267,1,0.003745318352059925
5G36,train,488.0,242,2,0.008264462809917356
5G54,val,633.0,269,1,0.0037174721189591076
5GIX,val,601.0,1162,16,0.013769363166953529
5GIY,val,601.0,581,4,0.0068846815834767644
5GJV,train,565.0,2661,7,0.0026305900037579856
5GLO,train,243.0,655,2,0.0030534351145038168
5GLP,train,243.0,655,8,0.012213740458015267
5GLR,train,243.0,655,2,0.0030534351145038168
5GN0,train,439.0,1014,4,0.0039447731755424065
5GP9,train,620.0,380,2,0.005263157894736842
5GTH,train,622.0,5284,47,0.008894776684330053
5GTI,train,622.0,5284,44,0.008327024981074944
5GTO,train,522.0,278,2,0.007194244604316547
5GTP,train,522.0,272,3,0.011029411764705883
5GYD,train,538.0,901,1,0.0011098779134295228
5H23,val,9.0,302,3,0.009933774834437087
5H2F,train,622.0,5147,123,0.023897415970468235
5HGU,train,439.0,399,4,0.010025062656641603
5HK1,train,415.0,650,3,0.004615384615384616
5HK2,train,415.0,641,5,0.0078003120124804995
5HXC,val,332.0,300,1,0.0033333333333333335
5HXE,val,332.0,297,3,0.010101010101010102
5HXR,val,332.0,293,2,0.006825938566552901
5HXS,val,332.0,296,2,0.006756756756756757
5HYA,val,332.0,297,4,0.013468013468013467
5HYB,val,168.0,182,5,0.027472527472527472
5I20,train,410.0,1638,7,0.004273504273504274
5I6C,train,286.0,948,6,0.006329113924050633
5I6X,test,156.0,976,4,0.004098360655737705
5I9K,test,514.0,123,7,0.056910569105691054
5IA9,test,514.0,123,7,0.056910569105691054
5IFO,val,601.0,582,2,0.003436426116838488
5IKQ,train,334.0,1102,4,0.003629764065335753
5IKR,train,334.0,1102,15,0.013611615245009074
5IKV,train,334.0,1102,4,0.003629764065335753
5ITC,train,106.0,684,4,0.005847953216374269
5ITE,train,106.0,684,11,0.01608187134502924
5IU4,val,699.0,388,10,0.02577319587628866
5IU7,val,699.0,392,7,0.017857142857142856
5IU8,val,699.0,387,10,0.025839793281653745
5IUA,val,699.0,388,7,0.01804123711340206
5IUB,val,699.0,388,9,0.023195876288659795
5IUX,test,621.0,1555,18,0.01157556270096463
5IUY,test,99.0,1341,4,0.002982848620432513
5IY5,test,83.0,3758,32,0.008515167642362959
5IYU,val,652.0,429,2,0.004662004662004662
5J0Z,test,621.0,1555,3,0.0019292604501607716
5JAE,train,644.0,1010,5,0.0049504950495049506
5JAF,train,644.0,494,2,0.004048582995951417
5JAG,train,644.0,496,4,0.008064516129032258
5JDF,val,332.0,294,4,0.013605442176870748
5JDG,val,332.0,294,2,0.006802721088435374
5JDM,val,332.0,294,1,0.003401360544217687
5JDN,val,332.0,297,3,0.010101010101010102
5JDQ,val,332.0,296,1,0.0033783783783783786
5JJE,train,488.0,284,1,0.0035211267605633804
5JJF,train,488.0,284,1,0.0035211267605633804
5JJN,train,488.0,560,3,0.005357142857142857
5JKI,train,33.0,201,4,0.01990049751243781
5JMN,test,645.0,3413,12,0.0035159683562847933
5JNQ,val,157.0,307,1,0.003257328990228013
5JNV,val,352.0,154,5,0.032467532467532464
5JSI,train,474.0,430,2,0.004651162790697674
5JTB,val,699.0,388,7,0.01804123711340206
5JVZ,train,334.0,1103,2,0.001813236627379873
5JW1,train,334.0,1103,3,0.0027198549410698096
5K06,train,169.0,157,2,0.012738853503184714
5K0I,test,514.0,147,2,0.013605442176870748
5K2A,val,699.0,398,8,0.020100502512562814
5K2B,val,699.0,394,8,0.02030456852791878
5K2C,val,699.0,396,5,0.012626262626262626
5K2D,val,699.0,395,6,0.015189873417721518
5K53,train,442.0,436,3,0.006880733944954129
5KAF,train,622.0,5313,13,0.0024468285337850555
5KAI,train,622.0,5310,18,0.003389830508474576
5KBN,val,436.0,442,2,0.004524886877828055
5KKH,train,106.0,684,6,0.008771929824561403
5KKZ,test,194.0,3456,20,0.005787037037037037
5KLV,train,463.0,2077,20,0.009629272989889264
5KNK,test,10.0,324,6,0.018518518518518517
5KOM,val,436.0,441,2,0.0045351473922902496
5KSD,train,109.0,1666,3,0.001800720288115246
5KSI,train,634.0,574,8,0.013937282229965157
5KSJ,train,634.0,574,1,0.0017421602787456446
5KUK,train,333.0,326,1,0.003067484662576687
5KUM,train,333.0,326,1,0.003067484662576687
5KYM,train,550.0,473,1,0.0021141649048625794
5L7D,train,387.0,1166,2,0.0017152658662092624
5L7K,train,788.0,327,2,0.0061162079510703364
5L8R,val,596.0,3230,15,0.0046439628482972135
5LA0,train,411.0,476,3,0.0063025210084033615
5LDL,train,287.0,3720,376,0.1010752688172043
5LGD,val,419.0,551,2,0.003629764065335753
5LMM,val,323.0,1688,1,0.0005924170616113745
5LNK,train,768.0,7918,8,0.0010103561505430665
5LRI,train,394.0,820,4,0.004878048780487805
5LSE,train,394.0,821,3,0.0036540803897685747
5LWE,val,428.0,560,9,0.01607142857142857
5LWY,train,269.0,511,2,0.003913894324853229
5LX9,train,269.0,511,2,0.003913894324853229
5LXA,train,269.0,522,1,0.0019157088122605363
5ML5,val,526.0,326,3,0.009202453987730062
5MLZ,train,72.0,355,1,0.0028169014084507044
5MM0,train,72.0,355,2,0.005633802816901409
5MMY,train,440.0,489,1,0.002044989775051125
5MRW,test,716.0,4332,1,0.00023084025854108956
5MTX,val,526.0,331,3,0.00906344410876133
5MTY,val,526.0,328,3,0.009146341463414634
5MVM,test,621.0,1555,1,0.0006430868167202572
5MVN,test,621.0,1555,9,0.005787781350482315
5MX2,train,622.0,5253,22,0.004188083000190367
5MZJ,val,699.0,386,10,0.025906735751295335
5MZP,val,699.0,389,12,0.030848329048843187
5MZR,test,621.0,1555,3,0.0019292604501607716
5N2R,val,699.0,388,11,0.028350515463917526
5N4M,val,298.0,133,4,0.03007518796992481
5N4P,val,298.0,133,5,0.03759398496240601
5N4Q,val,298.0,133,6,0.045112781954887216
5N6H,train,789.0,1001,13,0.012987012987012988
5N6L,train,789.0,997,9,0.009027081243731194
5N6M,train,789.0,491,3,0.006109979633401222
5NC5,test,645.0,3528,8,0.0022675736961451248
5NCC,train,546.0,3468,4,0.0011534025374855825
5NCQ,train,464.0,984,2,0.0020325203252032522
5NDC,test,617.0,752,3,0.003989361702127659
5NJ4,val,708.0,1185,1,0.0008438818565400844
5NLX,val,699.0,382,3,0.007853403141361256
5NM2,val,699.0,388,50,0.12886597938144329
5NM4,val,699.0,382,19,0.049738219895287955
5NMI,train,463.0,3934,12,0.003050330452465684
5NNK,train,170.0,34,5,0.14705882352941177
5NSW,test,99.0,1341,6,0.0044742729306487695
5NTY,test,279.0,175,1,0.005714285714285714
5NU2,test,279.0,175,1,0.005714285714285714
5NU6,test,279.0,175,1,0.005714285714285714
5NU8,test,279.0,175,1,0.005714285714285714
5NU9,test,279.0,175,1,0.005714285714285714
5NUP,train,155.0,1634,5,0.0030599755201958386
5NV9,train,455.0,480,1,0.0020833333333333333
5NXR,train,155.0,1056,3,0.002840909090909091
5NXU,train,155.0,1056,5,0.004734848484848485
5O4C,val,708.0,1185,2,0.0016877637130801688
5O64,val,708.0,1177,1,0.0008496176720475786
5O65,train,265.0,850,4,0.004705882352941176
5O68,train,265.0,3203,1,0.00031220730565095225
5O9H,train,760.0,589,12,0.02037351443123939
5O9S,test,225.0,775,4,0.005161290322580645
5O9U,test,225.0,802,2,0.0024937655860349127
5O9V,test,225.0,802,5,0.006234413965087282
5OAQ,train,439.0,244,1,0.004098360655737705
5OCE,train,327.0,1009,5,0.004955401387512388
5OCH,test,95.0,4473,7,0.001564945226917058
5OGE,val,215.0,2417,10,0.004137360364087712
5OGK,val,215.0,2359,10,0.00423908435777872
5OJO,train,537.0,536,1,0.0018656716417910447
5OKD,train,463.0,2016,9,0.004464285714285714
5OLG,val,699.0,390,13,0.03333333333333333
5OLH,val,699.0,390,11,0.028205128205128206
5OLO,val,699.0,385,6,0.015584415584415584
5OLV,val,699.0,388,11,0.028350515463917526
5OLZ,val,699.0,387,12,0.031007751937984496
5OM1,val,699.0,388,12,0.030927835051546393
5OM4,val,699.0,389,14,0.03598971722365039
5OMG,val,526.0,337,1,0.002967359050445104
5OMJ,train,143.0,284,14,0.04929577464788732
5OMK,train,143.0,285,12,0.042105263157894736
5ONU,train,744.0,960,6,0.00625
5OON,train,697.0,270,3,0.011111111111111112
5OQT,test,441.0,484,7,0.014462809917355372
5OSA,test,621.0,1565,15,0.009584664536741214
5OSC,test,621.0,1560,16,0.010256410256410256
5OY0,val,596.0,6771,34,0.005021414857480431
5PRC,val,708.0,1185,3,0.002531645569620253
5SY1,test,328.0,1458,2,0.0013717421124828531
5SYT,test,539.0,444,54,0.12162162162162163
5T1A,val,699.0,444,1,0.0022522522522522522
5T36,test,514.0,147,2,0.013605442176870748
5T37,test,514.0,148,2,0.013513513513513514
5T77,test,354.0,467,49,0.10492505353319058
5TBO,train,218.0,362,5,0.013812154696132596
5TCO,val,526.0,327,4,0.012232415902140673
5TD3,test,52.0,611,5,0.008183306055646482
5TE3,train,365.0,326,6,0.018404907975460124
5TGZ,train,228.0,439,1,0.002277904328018223
5TIS,train,622.0,5313,16,0.0030114812723508375
5TL9,test,514.0,147,2,0.013605442176870748
5TR1,train,412.0,1648,2,0.0012135922330097086
5TVN,train,753.0,393,2,0.005089058524173028
5TZR,val,699.0,437,4,0.009153318077803204
5TZY,val,699.0,418,2,0.004784688995215311
5U6X,train,334.0,1106,5,0.0045207956600361665
5UC9,val,232.0,840,3,0.0035714285714285713
5UEN,train,753.0,767,4,0.005215123859191656
5UIW,train,292.0,419,2,0.00477326968973747
5UNI,train,171.0,355,4,0.011267605633802818
5UPH,val,419.0,640,33,0.0515625
5UR9,val,298.0,1084,14,0.012915129151291513
5URZ,test,244.0,238,1,0.004201680672268907
5UTO,train,694.0,575,6,0.010434782608695653
5UVI,val,699.0,391,6,0.015345268542199489
5UWZ,train,442.0,219,1,0.0045662100456621
5V2C,train,622.0,5272,66,0.01251896813353566
5V6N,test,621.0,1550,1,0.0006451612903225806
5V8K,test,100.0,625,2,0.0032
5VBL,test,458.0,365,2,0.005479452054794521
5VEW,test,380.0,845,1,0.001183431952662722
5VNW,val,601.0,1404,2,0.0014245014245014246
5VRA,val,699.0,390,9,0.023076923076923078
5VRG,train,789.0,494,3,0.006072874493927126
5VRH,train,789.0,490,2,0.004081632653061225
5VXT,test,52.0,623,4,0.006420545746388443
5W3S,train,635.0,1940,9,0.004639175257731959
5W58,train,334.0,557,2,0.003590664272890485
5W78,test,26.0,524,12,0.022900763358778626
5W7B,test,26.0,1012,10,0.009881422924901186
5W7D,test,489.0,528,3,0.005681818181818182
5W97,test,83.0,3550,27,0.007605633802816901
5WAU,test,83.0,3550,31,0.008732394366197183
5WB2,train,413.0,618,3,0.0048543689320388345
5WBE,train,334.0,1106,4,0.003616636528028933
5WF5,val,699.0,444,1,0.0022522522522522522
5WF6,val,699.0,441,1,0.0022675736961451248
5WIU,train,753.0,373,4,0.010723860589812333
5WIV,train,753.0,379,2,0.005277044854881266
5WKT,train,365.0,337,15,0.04451038575667656
5WOO,train,694.0,575,4,0.006956521739130435
5WQC,train,541.0,499,2,0.004008016032064128
5WS5,train,622.0,5283,43,0.008139314783267083
5WS6,train,622.0,5283,47,0.00889646034450123
5WVR,val,796.0,417,2,0.004796163069544364
5X19,test,83.0,3550,33,0.009295774647887323
5X1B,test,83.0,3550,23,0.006478873239436619
5X1F,test,83.0,3550,34,0.009577464788732394
5X93,val,699.0,430,3,0.0069767441860465115
5XA7,train,464.0,994,5,0.005030181086519115
5XA8,train,464.0,994,1,0.001006036217303823
5XA9,train,464.0,994,4,0.004024144869215292
5XAA,train,464.0,994,5,0.005030181086519115
5XAB,train,464.0,994,5,0.005030181086519115
5XAN,train,266.0,1461,1,0.0006844626967830253
5XAP,train,266.0,732,5,0.006830601092896175
5XAR,train,660.0,1650,1,0.0006060606060606061
5XAS,train,660.0,816,2,0.0024509803921568627
5XAT,train,660.0,1641,2,0.001218769043266301
5XDQ,test,83.0,3542,45,0.012704686617730096
5XDX,test,83.0,3542,47,0.013269339356295878
5XHQ,train,789.0,978,4,0.00408997955010225
5XJ6,test,490.0,200,1,0.005
5XMJ,test,492.0,4296,5,0.0011638733705772813
5XNL,train,622.0,9364,44,0.004698846646732166
5XNM,train,622.0,8712,44,0.005050505050505051
5XNN,val,427.0,854,3,0.00351288056206089
5XNO,val,427.0,854,3,0.00351288056206089
5XR8,train,228.0,431,2,0.004640371229698376
5XRA,train,228.0,428,3,0.007009345794392523
5XSZ,val,699.0,448,3,0.006696428571428571
5XTC,train,668.0,4701,15,0.003190810465858328
5XTD,train,768.0,8191,15,0.0018312782322060799
5XTE,train,463.0,4222,23,0.005447655139744197
5Y5S,train,394.0,2726,87,0.031914893617021274
5Y78,test,245.0,610,12,0.019672131147540985
5Y79,test,245.0,610,7,0.011475409836065573
5Y7P,train,745.0,2575,1,0.0003883495145631068
5Y9I,train,73.0,297,1,0.003367003367003367
5YB1,val,601.0,1162,20,0.01721170395869191
5YCK,train,623.0,450,2,0.0044444444444444444
5YHF,train,266.0,734,4,0.005449591280653951
5YHJ,train,121.0,817,3,0.0036719706242350062
5YLU,train,406.0,1233,1,0.0008110300081103001
5YLV,train,406.0,1247,3,0.0024057738572574178
5YQZ,train,540.0,586,2,0.0034129692832764505
5YS3,train,11.0,552,1,0.0018115942028985507
5YUA,test,523.0,228,1,0.0043859649122807015
5YUB,test,523.0,229,1,0.004366812227074236
5Z0B,val,601.0,1694,6,0.0035419126328217238
5Z1N,train,636.0,166,2,0.012048192771084338
5Z62,test,83.0,1855,9,0.004851752021563342
5Z84,test,83.0,3550,55,0.015492957746478873
5Z85,test,83.0,3550,53,0.014929577464788733
5Z86,test,83.0,3550,42,0.011830985915492958
5Z96,val,667.0,2665,5,0.001876172607879925
5ZCO,test,83.0,3550,46,0.012957746478873239
5ZCP,test,83.0,3550,54,0.015211267605633802
5ZCQ,test,83.0,3550,61,0.017183098591549296
5ZGB,val,596.0,3102,3,0.0009671179883945841
5ZGH,val,596.0,2757,6,0.002176278563656148
5ZIH,test,515.0,562,9,0.01601423487544484
5ZJI,val,596.0,4086,9,0.0022026431718061676
5ZKQ,val,699.0,678,3,0.004424778761061947
5ZM7,val,796.0,366,1,0.00273224043715847
5ZMV,train,464.0,999,1,0.001001001001001001
5ZMW,train,464.0,1000,2,0.002
5ZTK,val,633.0,264,1,0.003787878787878788
5ZTL,val,633.0,260,3,0.011538461538461539
5ZTY,val,699.0,449,1,0.0022271714922048997
5ZVT,train,62.0,11588,30,0.0025888850535036242
5ZX5,train,685.0,3256,9,0.002764127764127764
5ZZN,train,622.0,5246,110,0.020968356843309187
6A15,val,456.0,439,1,0.002277904328018223
6A2J,train,187.0,309,11,0.03559870550161812
6A6M,test,95.0,589,4,0.006791171477079796
6A6N,test,95.0,587,2,0.0034071550255536627
6A91,train,650.0,1380,1,0.0007246376811594203
6A93,train,753.0,729,1,0.0013717421124828531
6A94,train,753.0,729,1,0.0013717421124828531
6A98,test,761.0,802,1,0.0012468827930174563
6A9J,train,385.0,675,3,0.0044444444444444444
6AB9,val,633.0,264,2,0.007575757575757576
6ABA,val,633.0,264,3,0.011363636363636364
6ACU,test,676.0,808,2,0.0024752475247524753
6ADQ,test,83.0,6026,40,0.006637902422834384
6AEI,val,667.0,2568,7,0.0027258566978193145
6AJG,train,233.0,900,13,0.014444444444444444
6AK3,train,216.0,544,5,0.009191176470588236
6AKS,test,676.0,824,2,0.0024271844660194173
6AKY,train,292.0,340,1,0.0029411764705882353
6AQ1,val,298.0,268,8,0.029850746268656716
6AQ3,train,92.0,1014,4,0.0039447731755424065
6AQF,val,699.0,390,6,0.015384615384615385
6AWN,test,156.0,976,4,0.004098360655737705
6AWO,test,156.0,976,1,0.0010245901639344263
6AWQ,test,156.0,976,1,0.0010245901639344263
6B21,train,752.0,369,3,0.008130081300813009
6B24,val,436.0,441,3,0.006802721088435374
6B2A,val,436.0,442,3,0.006787330316742082
6B2B,val,436.0,442,3,0.006787330316742082
6B2D,val,436.0,441,2,0.0045351473922902496
6B73,val,428.0,798,5,0.006265664160401002
6B80,train,443.0,244,5,0.020491803278688523
6BAJ,test,645.0,3042,7,0.0023011176857330702
6BD4,train,656.0,379,4,0.010554089709762533
6BFG,train,101.0,746,7,0.00938337801608579
6BHU,train,308.0,1208,1,0.0008278145695364238
6BL3,train,334.0,2208,3,0.001358695652173913
6BL4,train,334.0,2208,4,0.0018115942028985507
6BML,train,267.0,586,2,0.0034129692832764505
6BMS,train,267.0,563,2,0.003552397868561279
6BPL,test,95.0,1141,1,0.0008764241893076249
6BPM,train,386.0,1422,2,0.0014064697609001407
6BPN,train,386.0,656,1,0.001524390243902439
6BPO,train,386.0,2844,4,0.0014064697609001407
6BQH,train,753.0,351,1,0.002849002849002849
6BQO,val,436.0,349,5,0.014326647564469915
6BQR,train,457.0,3792,9,0.0023734177215189874
6BQV,train,457.0,3728,8,0.002145922746781116
6BR8,train,414.0,498,5,0.010040160642570281
6BR9,train,414.0,233,1,0.004291845493562232
6BWD,train,288.0,2600,14,0.005384615384615384
6BWI,train,158.0,2484,13,0.005233494363929146
6BX4,val,436.0,438,2,0.0045662100456621
6C1R,val,516.0,374,4,0.0106951871657754
6C3I,train,551.0,774,6,0.007751937984496124
6CB2,train,697.0,270,9,0.03333333333333333
6CC9,train,203.0,5810,1176,0.20240963855421687
6CCH,train,203.0,4067,989,0.24317678878780427
6CCX,train,203.0,5810,1848,0.3180722891566265
6CI0,test,83.0,1579,3,0.0018999366687777073
6CM4,val,699.0,423,2,0.004728132387706856
6CNJ,test,74.0,3122,4,0.0012812299807815502
6CNK,test,74.0,2694,2,0.0007423904974016332
6CNM,val,444.0,1700,8,0.004705882352941176
6CNN,val,444.0,2024,12,0.005928853754940711
6CO7,train,457.0,4244,28,0.006597549481621112
6CSM,val,30.0,1092,3,0.0027472527472527475
6CSN,test,515.0,281,1,0.0035587188612099642
6CSO,test,515.0,282,1,0.0035460992907801418
6CSX,test,645.0,2999,6,0.0020006668889629878
6CUG,train,510.0,803,4,0.0049813200498132005
6D0J,train,268.0,967,6,0.0062047569803516025
6D0K,train,268.0,967,6,0.0062047569803516025
6D0N,train,268.0,969,6,0.006191950464396285
6D27,val,699.0,442,1,0.0022624434389140274
6D64,train,510.0,382,5,0.013089005235602094
6D6U,test,621.0,2106,1,0.0004748338081671415
6D91,train,551.0,398,6,0.01507537688442211
6D9Z,train,20.0,1433,83,0.05792044661549198
6DIZ,test,676.0,842,2,0.0023752969121140144
6DJ6,val,217.0,555,4,0.007207207207207207
6DJZ,train,415.0,653,5,0.007656967840735069
6DK0,train,415.0,652,1,0.0015337423312883436
6DK1,train,415.0,652,6,0.009202453987730062
6DKE,train,694.0,283,1,0.0035335689045936395
6DMY,train,103.0,1144,2,0.0017482517482517483
6DO1,train,753.0,1006,1,0.0009940357852882703
6DRX,train,753.0,368,2,0.005434782608695652
6DRY,train,753.0,390,3,0.007692307692307693
6DRZ,train,753.0,388,4,0.010309278350515464
6DS0,train,753.0,368,3,0.008152173913043478
6DY1,train,304.0,327,8,0.024464831804281346
6DZY,test,156.0,988,2,0.0020242914979757085
6E0B,train,218.0,375,2,0.005333333333333333
6E12,train,75.0,422,2,0.004739336492890996
6E1H,train,103.0,2120,2,0.0009433962264150943
6E1K,val,186.0,1444,8,0.00554016620498615
6E1M,val,186.0,1066,6,0.005628517823639775
6E1N,val,186.0,1272,10,0.007861635220125786
6E1P,val,186.0,1286,8,0.006220839813374806
6E4V,test,452.0,672,8,0.011904761904761904
6E8Q,val,254.0,527,3,0.0056925996204933585
6EBU,test,12.0,165,1,0.006060606060606061
6EDQ,val,30.0,540,6,0.011111111111111112
6EHJ,test,225.0,763,2,0.002621231979030144
6EID,test,515.0,496,6,0.012096774193548387
6EIG,test,515.0,498,6,0.012048192771084338
6ENE,train,155.0,987,1,0.0010131712259371835
6ET5,val,708.0,3491,1,0.0002864508736751647
6EU6,test,257.0,405,2,0.0049382716049382715
6EW2,val,298.0,133,7,0.05263157894736842
6EW4,val,298.0,133,6,0.045112781954887216
6EW5,val,298.0,532,31,0.05827067669172932
6EXS,train,416.0,487,6,0.012320328542094456
6F0I,test,621.0,1555,2,0.0012861736334405145
6F0J,test,621.0,1555,2,0.0012861736334405145
6F0N,test,621.0,1555,1,0.0006430868167202572
6F0V,test,621.0,1555,1,0.0006430868167202572
6F10,test,621.0,1555,1,0.0006430868167202572
6F11,test,621.0,1555,1,0.0006430868167202572
6F12,test,621.0,1555,1,0.0006430868167202572
6F13,test,621.0,1555,2,0.0012861736334405145
6F15,test,621.0,1555,1,0.0006430868167202572
6F34,test,441.0,486,3,0.006172839506172839
6F6C,train,143.0,556,22,0.039568345323741004
6F6E,train,143.0,556,23,0.04136690647482014
6F6F,train,143.0,283,12,0.04240282685512368
6F6G,train,143.0,558,28,0.05017921146953405
6F6H,train,143.0,557,26,0.0466786355475763
6F6L,train,143.0,556,28,0.050359712230215826
6F6M,train,143.0,556,26,0.046762589928057555
6FFI,val,98.0,409,2,0.004889975550122249
6FJ3,test,329.0,591,2,0.00338409475465313
6FK6,train,365.0,326,8,0.024539877300613498
6FK7,train,365.0,326,9,0.027607361963190184
6FK8,train,365.0,326,3,0.009202453987730062
6FK9,train,365.0,326,10,0.03067484662576687
6FKA,train,365.0,326,8,0.024539877300613498
6FKB,train,365.0,328,8,0.024390243902439025
6FKC,train,365.0,326,5,0.015337423312883436
6FKD,train,365.0,326,6,0.018404907975460124
6FMS,train,552.0,616,11,0.017857142857142856
6FMT,train,697.0,254,2,0.007874015748031496
6FMV,train,697.0,270,5,0.018518518518518517
6FMW,train,697.0,270,3,0.011111111111111112
6FMX,train,33.0,201,9,0.04477611940298507
6FPI,val,323.0,1698,14,0.008244994110718492
6FPO,val,323.0,1688,2,0.001184834123222749
6FPW,val,323.0,1690,12,0.007100591715976331
6FYJ,train,121.0,417,1,0.002398081534772182
6G2J,train,768.0,8152,12,0.0014720314033366045
6G38,val,67.0,327,1,0.0030581039755351682
6G7H,train,106.0,230,12,0.05217391304347826
6G7I,train,106.0,230,12,0.05217391304347826
6G7J,train,106.0,230,16,0.06956521739130435
6G7K,train,106.0,230,11,0.04782608695652174
6G7L,train,106.0,230,12,0.05217391304347826
6G7R,val,323.0,1688,14,0.008293838862559242
6GCI,train,261.0,416,13,0.03125
6GE3,train,439.0,244,3,0.012295081967213115
6GE4,train,439.0,248,1,0.004032258064516129
6GE5,train,439.0,244,2,0.00819672131147541
6GE6,train,439.0,254,2,0.007874015748031496
6GEC,train,439.0,247,1,0.004048582995951417
6GEE,train,439.0,247,1,0.004048582995951417
6GEG,train,439.0,244,2,0.00819672131147541
6GEI,train,439.0,255,1,0.00392156862745098
6GEK,train,439.0,475,3,0.00631578947368421
6GPX,train,292.0,587,39,0.06643952299829642
6GS4,val,122.0,593,1,0.0016863406408094434
6GT3,val,699.0,388,16,0.041237113402061855
6GYN,train,27.0,1980,12,0.006060606060606061
6GYO,train,27.0,2004,12,0.005988023952095809
6H0A,train,347.0,339,2,0.0058997050147492625
6H5A,val,491.0,416,8,0.019230769230769232
6H5B,val,698.0,442,9,0.020361990950226245
6H6A,train,788.0,513,5,0.009746588693957114
6H7D,val,673.0,487,6,0.012320328542094456
6HAW,train,463.0,2006,9,0.00448654037886341
6HBG,test,676.0,784,1,0.0012755102040816326
6HD8,train,124.0,693,9,0.012987012987012988
6HD9,train,124.0,693,7,0.010101010101010102
6HDA,train,124.0,693,9,0.012987012987012988
6HDB,train,124.0,693,9,0.012987012987012988
6HDC,train,124.0,693,7,0.010101010101010102
6HEF,train,464.0,994,2,0.002012072434607646
6HFX,train,420.0,228,5,0.021929824561403508
6HIJ,test,717.0,1144,5,0.004370629370629371
6HIK,train,439.0,255,1,0.00392156862745098
6HIL,train,439.0,951,11,0.011566771819137749
6HJ3,test,621.0,1555,3,0.0019292604501607716
6HJA,test,621.0,1555,1,0.0006430868167202572
6HJB,test,621.0,1555,4,0.002572347266881029
6HJI,test,621.0,1555,2,0.0012861736334405145
6HJX,train,498.0,2131,4,0.0018770530267480056
6HJZ,test,621.0,3110,2,0.0006430868167202572
6HK0,train,498.0,3064,9,0.00293733681462141
6HLO,train,541.0,477,5,0.010482180293501049
6HLP,train,541.0,483,5,0.010351966873706004
6HPP,test,621.0,1555,1,0.0006430868167202572
6HQB,val,596.0,2233,10,0.0044782803403493054
6HU9,test,83.0,7636,14,0.0018334206390780514
6HWH,test,83.0,4916,15,0.0030512611879576893
6HWO,train,337.0,1296,2,0.0015432098765432098
6HWT,val,526.0,336,1,0.002976190476190476
6HWU,val,526.0,333,4,0.012012012012012012
6HWV,val,526.0,336,3,0.008928571428571428
6HY5,test,621.0,1555,5,0.003215434083601286
6HYV,test,621.0,1555,17,0.010932475884244373
6HYW,test,621.0,1555,4,0.002572347266881029
6HYZ,test,621.0,1555,6,0.0038585209003215433
6HZ0,test,621.0,1555,7,0.0045016077170418
6HZW,test,621.0,1555,8,0.005144694533762058
6I3V,train,517.0,493,3,0.006085192697768763
6I53,test,621.0,1821,1,0.0005491488193300384
6I6B,train,38.0,203,1,0.0049261083743842365
6I6H,train,38.0,213,2,0.009389671361502348
6I6J,train,38.0,325,1,0.003076923076923077
6I90,train,143.0,274,13,0.04744525547445255
6I9F,val,298.0,3100,226,0.07290322580645162
6I9K,train,246.0,310,1,0.0032258064516129032
6IBB,train,223.0,841,13,0.015457788347205707
6IDF,test,191.0,1363,3,0.0022010271460014674
6IDP,train,445.0,438,7,0.01598173515981735
6IDR,train,445.0,438,3,0.00684931506849315
6IDS,train,445.0,438,1,0.00228310502283105
6IE8,val,102.0,184,1,0.005434782608695652
6IED,train,187.0,309,3,0.009708737864077669
6IGK,val,699.0,492,2,0.0040650406504065045
6IGL,val,699.0,483,6,0.012422360248447204
6IGZ,val,596.0,4518,14,0.003098716246126605
6IIJ,test,676.0,814,3,0.0036855036855036856
6IIU,train,762.0,460,5,0.010869565217391304
6IJJ,val,596.0,3889,10,0.0025713551041398816
6IJO,val,596.0,4382,14,0.003194888178913738
6IS6,val,178.0,250,7,0.028
6ITC,test,28.0,1738,1,0.0005753739930955121
6IWO,test,775.0,182,3,0.016483516483516484
6IYC,test,191.0,1355,2,0.0014760147601476014
6J21,val,699.0,398,1,0.002512562814070352
6J3B,train,218.0,366,6,0.01639344262295082
6J3C,train,218.0,363,4,0.011019283746556474
6J8M,test,83.0,3550,48,0.013521126760563381
6JB1,train,308.0,6772,44,0.006497341996455995
6JLJ,train,622.0,5287,59,0.011159447701910347
6JLK,train,622.0,5287,63,0.01191602042746359
6JLL,train,622.0,5287,56,0.010592018157745414
6JLM,train,622.0,5287,61,0.011537734064686968
6JLN,train,622.0,5287,63,0.01191602042746359
6JLO,train,622.0,5287,61,0.011537734064686968
6JLP,train,622.0,5287,65,0.012294306790240211
6JMD,train,218.0,363,4,0.011019283746556474
6JME,train,218.0,365,4,0.010958904109589041
6JMQ,test,237.0,1223,1,0.0008176614881439084
6JO5,val,596.0,4170,10,0.002398081534772182
6JO6,val,596.0,3899,8,0.0020518081559374197
6JP5,train,565.0,2694,1,0.0003711952487008166
6JUW,test,83.0,3550,67,0.01887323943661972
6JXH,train,406.0,1249,4,0.0032025620496397116
6JXI,train,406.0,1249,1,0.0008006405124099279
6JXJ,train,406.0,1249,4,0.0032025620496397116
6JY3,test,83.0,1727,10,0.005790387955993051
6JY4,test,83.0,1727,13,0.007527504342790967
6JY6,val,633.0,264,1,0.003787878787878788
6JY7,val,633.0,264,1,0.003787878787878788
6JY8,val,633.0,264,1,0.003787878787878788
6JY9,val,633.0,264,1,0.003787878787878788
6JYA,val,633.0,264,2,0.007575757575757576
6JYB,val,633.0,264,2,0.007575757575757576
6JYC,val,633.0,264,1,0.003787878787878788
6JYD,val,633.0,264,1,0.003787878787878788
6JYE,val,633.0,264,2,0.007575757575757576
6JYF,val,633.0,264,1,0.003787878787878788
6JZH,val,699.0,390,34,0.08717948717948718
6JZO,val,667.0,2657,4,0.0015054572826496049
6K1Q,val,699.0,410,2,0.004878048780487805
6K4J,train,353.0,220,1,0.004545454545454545
6K61,val,596.0,4542,11,0.0024218405988551297
6K6I,train,106.0,219,4,0.0182648401826484
6K6J,train,106.0,219,7,0.0319634703196347
6K6K,train,106.0,219,4,0.0182648401826484
6K7L,train,604.0,1317,1,0.0007593014426727411
6K7Y,train,421.0,3872,1,0.00025826446280991736
6KA3,train,305.0,601,2,0.0033277870216306157
6KAC,train,622.0,7858,24,0.003054212267752609
6KAX,train,522.0,265,4,0.01509433962264151
6KHI,train,668.0,4095,8,0.0019536019536019536
6KHJ,train,668.0,3877,9,0.002321382512251741
6KI1,test,521.0,777,1,0.001287001287001287
6KLS,test,194.0,1530,4,0.00261437908496732
6KLV,test,194.0,1530,2,0.00130718954248366
6KO8,val,102.0,185,1,0.005405405405405406
6KPX,train,406.0,2626,3,0.0011424219345011425
6KQI,train,228.0,473,2,0.004228329809725159
6KRZ,train,269.0,1526,5,0.00327653997378768
6KS1,train,269.0,512,3,0.005859375
6KSB,train,638.0,1217,16,0.01314708299096138
6KUW,train,541.0,946,2,0.0021141649048625794
6KZO,train,637.0,967,3,0.0031023784901758012
6KZP,train,637.0,1014,3,0.0029585798816568047
6L07,train,252.0,2311,11,0.004759844223279966
6L35,val,596.0,3260,6,0.0018404907975460123
6L47,train,192.0,832,4,0.004807692307692308
6L48,train,192.0,794,2,0.0025188916876574307
6L4K,val,601.0,1162,15,0.012908777969018933
6L7O,train,668.0,4120,7,0.0016990291262135922
6L7P,train,668.0,3896,6,0.001540041067761807
6LA3,test,676.0,833,1,0.0012004801920768306
6LA4,test,676.0,833,2,0.0024009603841536613
6LAO,test,676.0,833,2,0.0024009603841536613
6LCP,train,604.0,1516,5,0.0032981530343007917
6LEO,train,68.0,328,5,0.01524390243902439
6LEP,train,68.0,318,2,0.006289308176100629
6LFM,train,55.0,1302,1,0.0007680491551459293
6LGP,train,200.0,2488,8,0.003215434083601286
6LHA,test,676.0,827,1,0.0012091898428053204
6LHK,test,676.0,826,2,0.002421307506053269
6LHP,test,676.0,1045,1,0.0009569377990430622
6LHQ,test,676.0,1055,2,0.0018957345971563982
6LHT,val,446.0,1329,10,0.007524454477050414
6LI0,train,228.0,441,5,0.011337868480725623
6LI2,test,458.0,347,5,0.01440922190201729
6LMT,train,502.0,2032,56,0.027559055118110236
6LP6,train,218.0,365,4,0.010958904109589041
6LP7,train,218.0,363,4,0.011019283746556474
6LP8,train,218.0,365,4,0.010958904109589041
6LPJ,val,699.0,390,5,0.01282051282051282
6LPK,val,699.0,390,6,0.015384615384615385
6LPL,val,699.0,390,6,0.015384615384615385
6LQ4,train,638.0,1214,18,0.014827018121911038
6LQ5,train,638.0,1214,5,0.004118616144975288
6LQG,test,191.0,1315,1,0.0007604562737642585
6LR4,test,191.0,1314,2,0.0015220700152207
6LU1,val,596.0,1986,3,0.0015105740181268882
6LUM,test,492.0,3178,6,0.0018879798615481435
6LUQ,val,699.0,421,3,0.007125890736342043
6LVF,train,219.0,1586,2,0.0012610340479192938
6LW5,val,516.0,432,1,0.0023148148148148147
6LX6,train,522.0,264,4,0.015151515151515152
6LX7,train,522.0,268,5,0.018656716417910446
6LX8,train,522.0,264,3,0.011363636363636364
6LY5,val,596.0,6510,40,0.006144393241167435
6M0R,train,555.0,2915,100,0.03430531732418525
6M2R,test,156.0,969,1,0.0010319917440660474
6M31,val,172.0,560,4,0.007142857142857143
6M34,val,172.0,560,5,0.008928571428571428
6M38,test,156.0,967,1,0.001034126163391934
6M3Z,test,156.0,966,2,0.002070393374741201
6M47,test,156.0,967,1,0.001034126163391934
6M84,train,333.0,326,1,0.003067484662576687
6M96,train,220.0,494,2,0.004048582995951417
6M9T,val,699.0,444,1,0.0022522522522522522
6MD0,train,522.0,512,3,0.005859375
6MD1,train,522.0,514,5,0.009727626459143969
6MD4,train,522.0,509,3,0.005893909626719057
6MG8,train,103.0,985,1,0.0010152284263959391
6MH9,train,694.0,569,6,0.01054481546572935
6MJP,val,602.0,1349,3,0.002223869532987398
6MPL,train,13.0,22,3,0.13636363636363635
6MPM,train,13.0,22,4,0.18181818181818182
6MPN,train,13.0,44,6,0.13636363636363635
6MSM,val,549.0,1181,2,0.001693480101608806
6MXT,train,639.0,569,1,0.0017574692442882249
6MYR,test,492.0,1092,1,0.0009157509157509158
6N4B,train,55.0,1121,3,0.0026761819803746653
6N7G,train,103.0,4306,6,0.0013934045517882026
6N7H,train,103.0,2153,3,0.0013934045517882026
6N7K,train,103.0,4306,6,0.0013934045517882026
6NBF,val,81.0,1148,5,0.004355400696864111
6NBH,val,81.0,1159,2,0.001725625539257981
6NC7,test,354.0,937,22,0.023479188900747065
6NC8,test,354.0,467,15,0.032119914346895075
6NC9,test,354.0,475,28,0.05894736842105263
6NF4,train,518.0,842,4,0.004750593824228029
6NF6,train,518.0,822,1,0.0012165450121654502
6NHG,train,463.0,2080,19,0.009134615384615385
6NHH,test,194.0,1722,9,0.005226480836236934
6NIN,test,194.0,5178,31,0.005986867516415605
6NKN,test,83.0,3538,24,0.006783493499152063
6NM1,train,694.0,573,4,0.006980802792321117
6NMF,test,83.0,3550,29,0.008169014084507042
6NMP,test,83.0,3550,19,0.005352112676056338
6NOK,train,694.0,285,1,0.0035087719298245615
6NPL,test,447.0,1722,1,0.0005807200929152149
6NT3,train,650.0,1278,1,0.000782472613458529
6NT4,train,650.0,1406,2,0.001422475106685633
6NV1,train,13.0,184,1,0.005434782608695652
6NWE,train,365.0,337,4,0.011869436201780416
6NWR,train,789.0,998,1,0.001002004008016032
6NYU,train,694.0,563,7,0.012433392539964476
6NZW,val,270.0,1878,24,0.012779552715654952
6NZZ,val,270.0,1836,24,0.013071895424836602
6O1T,train,763.0,378,3,0.007936507936507936
6O3C,train,387.0,606,2,0.0033003300330033004
6O6O,train,640.0,374,2,0.0053475935828877
6O77,train,457.0,3488,4,0.0011467889908256881
6O9U,val,31.0,283,2,0.007067137809187279
6OB7,val,553.0,381,34,0.08923884514435695
6OFR,val,493.0,758,1,0.0013192612137203166
6OFY,train,334.0,1103,2,0.001813236627379873
6OIH,train,220.0,971,3,0.003089598352214212
6OIJ,train,55.0,1152,1,0.0008680555555555555
6OJP,train,510.0,370,1,0.002702702702702703
6OL9,val,699.0,416,2,0.004807692307692308
6OMM,train,55.0,1141,2,0.0017528483786152498
6OOM,train,519.0,392,2,0.00510204081632653
6OR2,train,233.0,732,2,0.00273224043715847
6OR3,train,69.0,269,5,0.01858736059479554
6OS1,train,753.0,515,1,0.001941747572815534
6OS2,train,753.0,512,4,0.0078125
6OWS,test,645.0,3069,3,0.0009775171065493646
6P1Z,train,306.0,726,18,0.024793388429752067
6P20,train,306.0,415,8,0.01927710843373494
6P22,val,746.0,419,6,0.014319809069212411
6P2A,train,76.0,871,18,0.02066590126291619
6PAU,test,225.0,368,1,0.002717391304347826
6PAV,test,225.0,771,15,0.019455252918287938
6PB0,train,55.0,1068,1,0.0009363295880149813
6PB1,train,55.0,1069,2,0.0018709073900841909
6PEL,train,365.0,336,2,0.005952380952380952
6PEQ,train,113.0,2044,64,0.03131115459882583
6PFY,val,596.0,6720,17,0.002529761904761905
6PGK,val,596.0,6720,19,0.0028273809523809523
6PGS,train,365.0,337,1,0.002967359050445104
6PH7,train,365.0,337,3,0.008902077151335312
6PNJ,val,596.0,6660,12,0.0018018018018018018
6PRC,val,708.0,1185,3,0.002531645569620253
6PRZ,val,699.0,440,3,0.006818181818181818
6PS0,val,699.0,440,3,0.006818181818181818
6PS1,val,699.0,442,1,0.0022624434389140274
6PS2,val,699.0,443,4,0.009029345372460496
6PS3,val,699.0,442,1,0.0022624434389140274
6PS4,val,699.0,442,6,0.013574660633484163
6PS5,val,699.0,442,1,0.0022624434389140274
6PS6,val,699.0,443,3,0.006772009029345372
6PS7,val,699.0,392,9,0.02295918367346939
6PT0,train,626.0,1284,3,0.002336448598130841
6PT2,val,516.0,760,4,0.005263157894736842
6PTS,train,203.0,7130,1903,0.26690042075736325
6PTW,train,203.0,7130,1499,0.2102384291725105
6PW0,test,83.0,1578,2,0.0012674271229404308
6PW1,test,83.0,1579,2,0.001266624445851805
6PW4,train,422.0,2742,4,0.0014587892049598833
6PW5,train,422.0,3032,6,0.001978891820580475
6PWN,test,247.0,1960,20,0.01020408163265306
6PXZ,test,747.0,305,2,0.006557377049180328
6Q2X,train,439.0,243,1,0.00411522633744856
6Q36,train,439.0,451,2,0.004434589800443459
6Q4N,test,645.0,3414,17,0.00497949619214997
6Q4O,test,645.0,3421,14,0.0040923706518561824
6Q4P,test,645.0,3420,15,0.0043859649122807015
6Q6O,train,188.0,226,3,0.01327433628318584
6QD5,test,330.0,356,3,0.008426966292134831
6QE2,val,542.0,514,1,0.0019455252918287938
6QEE,test,769.0,1627,1,0.0006146281499692685
6QEX,test,769.0,1627,2,0.001229256299938537
6QGO,val,641.0,444,3,0.006756756756756757
6QGQ,val,641.0,888,16,0.018018018018018018
6QGS,val,641.0,1330,6,0.004511278195488722
6QJV,train,143.0,285,13,0.0456140350877193
6QK0,train,143.0,547,23,0.04204753199268738
6QK1,train,143.0,285,14,0.04912280701754386
6QK2,train,143.0,570,25,0.043859649122807015
6QKC,train,113.0,1902,2,0.0010515247108307045
6QPH,val,596.0,2790,9,0.0032258064516129032
6QQ6,test,34.0,1486,1,0.0006729475100942127
6QRM,test,225.0,800,2,0.0025
6QTI,train,248.0,2076,8,0.0038535645472061657
6QU2,val,355.0,1392,2,0.0014367816091954023
6QYX,val,526.0,339,2,0.0058997050147492625
6R7D,train,289.0,1790,5,0.002793296089385475
6R7X,test,70.0,1258,2,0.001589825119236884
6RCK,train,155.0,1038,18,0.017341040462427744
6RD5,train,173.0,1566,7,0.004469987228607918
6REX,val,633.0,1365,14,0.010256410256410256
6RF1,val,633.0,1365,14,0.010256410256410256
6RF3,val,633.0,1360,26,0.01911764705882353
6RF4,val,633.0,1365,20,0.014652014652014652
6RFC,val,633.0,271,3,0.01107011070110701
6RFQ,train,768.0,7637,17,0.0022260049757758284
6RFR,train,768.0,8057,20,0.002482313516197096
6RHZ,val,596.0,2783,24,0.008623787279913761
6RKO,test,665.0,875,6,0.006857142857142857
6RLD,test,247.0,1855,7,0.0037735849056603774
6RMG,train,103.0,1176,31,0.026360544217687076
6RNK,train,223.0,414,9,0.021739130434782608
6RP2,val,323.0,1688,2,0.001184834123222749
6RQF,train,226.0,1944,4,0.00205761316872428
6RQP,train,106.0,229,11,0.048034934497816595
6RTW,train,388.0,401,1,0.0024937655860349127
6RV2,test,803.0,1030,9,0.008737864077669903
6RV3,test,803.0,1036,7,0.006756756756756757
6RV4,test,803.0,1029,6,0.0058309037900874635
6RVD,train,103.0,2138,7,0.003274087932647334
6RX4,test,665.0,884,2,0.0022624434389140274
6RYO,train,552.0,156,2,0.01282051282051282
6RZ4,train,753.0,395,1,0.002531645569620253
6RZ5,train,753.0,754,7,0.009283819628647215
6RZ6,train,753.0,365,3,0.00821917808219178
6RZ7,train,753.0,360,5,0.013888888888888888
6RZ8,train,753.0,366,1,0.00273224043715847
6RZ9,train,753.0,363,1,0.0027548209366391185
6S0L,val,699.0,388,2,0.005154639175257732
6S0Q,val,699.0,388,3,0.007731958762886598
6S2M,val,298.0,131,5,0.03816793893129771
6S2S,val,298.0,133,4,0.03007518796992481
6S3Q,val,110.0,1290,6,0.004651162790697674
6S4M,val,307.0,426,1,0.002347417840375587
6S59,train,248.0,2066,1,0.000484027105517909
6S60,train,439.0,418,2,0.004784688995215311
6S64,train,439.0,405,2,0.0049382716049382715
6S66,train,439.0,400,3,0.0075
6S69,train,439.0,399,4,0.010025062656641603
6S6J,train,439.0,407,4,0.009828009828009828
6S7P,test,769.0,1128,1,0.0008865248226950354
6S8H,train,189.0,959,1,0.0010427528675703858
6SEK,train,104.0,1008,1,0.000992063492063492
6SK2,test,225.0,798,1,0.0012531328320802004
6SKJ,test,225.0,793,3,0.0037831021437578815
6SL5,val,596.0,3744,12,0.003205128205128205
6SLJ,train,29.0,2785,4,0.001436265709156194
6SLN,train,29.0,2794,3,0.0010737294201861132
6SM3,train,29.0,1398,1,0.000715307582260372
6SMG,test,676.0,823,3,0.0036452004860267314
6SML,train,29.0,1405,1,0.0007117437722419929
6SMQ,train,29.0,2791,2,0.0007165890361877463
6SNI,test,494.0,918,2,0.002178649237472767
6SNW,train,251.0,1114,3,0.0026929982046678637
6SNY,val,430.0,445,2,0.0044943820224719105
6SP2,train,35.0,2190,12,0.005479452054794521
6SSU,train,289.0,408,3,0.007352941176470588
6STS,val,298.0,266,9,0.03383458646616541
6SU3,val,178.0,512,2,0.00390625
6SU4,val,178.0,508,4,0.007874015748031496
6SWR,train,124.0,1372,16,0.011661807580174927
6T0B,test,83.0,7837,16,0.0020415975500829397
6T15,test,83.0,5956,14,0.0023505708529214238
6T40,test,676.0,808,2,0.0024752475247524753
6T48,test,676.0,808,2,0.0024752475247524753
6T4C,test,676.0,806,2,0.0024813895781637717
6T9N,train,249.0,1920,4,0.0020833333333333333
6TBU,test,309.0,842,25,0.029691211401425176
6TDV,val,77.0,5464,246,0.045021961932650074
6TEJ,train,448.0,1270,1,0.0007874015748031496
6THD,test,676.0,812,2,0.0024630541871921183
6THN,test,676.0,812,2,0.0024630541871921183
6TPJ,train,541.0,998,16,0.01603206412825651
6TPK,train,541.0,460,1,0.002173913043478261
6TPN,train,541.0,509,2,0.003929273084479371
6TQF,train,543.0,1268,6,0.00473186119873817
6TRA,val,596.0,2281,4,0.0017536168347216134
6TRC,val,596.0,6843,22,0.0032149641969896245
6TRD,val,596.0,6843,11,0.0016074820984948123
6TT7,test,389.0,5173,11,0.002126425671757201
6U0O,train,642.0,541,2,0.0036968576709796672
6U1U,test,335.0,216,1,0.004629629629629629
6U9V,train,554.0,1680,41,0.024404761904761905
6U9W,train,554.0,1686,19,0.011269276393831554
6UBL,train,495.0,422,11,0.026066350710900472
6UCB,train,113.0,2044,78,0.03816046966731898
6UCU,train,221.0,958,66,0.06889352818371608
6UD4,train,113.0,2044,45,0.02201565557729941
6UD8,train,113.0,2044,40,0.019569471624266144
6UH3,val,178.0,491,2,0.004073319755600814
6UH6,test,676.0,842,1,0.0011876484560570072
6UH7,test,676.0,842,1,0.0011876484560570072
6UKJ,test,234.0,582,2,0.003436426116838488
6UUI,train,71.0,215,1,0.004651162790697674
6UWZ,test,74.0,2177,5,0.0022967386311437757
6UXM,train,174.0,470,13,0.027659574468085105
6UXO,train,174.0,955,14,0.014659685863874346
6UY0,train,308.0,1210,1,0.0008264462809917355
6UZ8,val,667.0,2936,4,0.0013623978201634877
6UZA,val,667.0,2936,4,0.0013623978201634877
6UZV,val,596.0,6711,27,0.004023245417970496
6V22,val,725.0,4380,20,0.0045662100456621
6V38,val,725.0,3496,11,0.003146453089244851
6V3R,train,334.0,2208,7,0.003170289855072464
6V4S,val,666.0,2941,4,0.0013600816048962938
6V8Q,train,190.0,1134,9,0.007936507936507936
6VEJ,train,105.0,3717,3,0.0008071025020177562
6VGC,train,544.0,901,1,0.0011098779134295228
6VKS,test,645.0,3131,6,0.0019163206643244969
6VKT,test,645.0,3122,9,0.0028827674567584883
6VL4,test,514.0,142,1,0.007042253521126761
6VN7,train,55.0,1052,1,0.0009505703422053232
6VP0,train,643.0,808,6,0.007425742574257425
6VPV,val,596.0,6753,9,0.0013327410039982231
6VRH,test,156.0,764,5,0.006544502617801047
6VRK,test,156.0,764,3,0.003926701570680628
6VRL,test,156.0,764,5,0.006544502617801047
6VUM,train,192.0,1636,12,0.007334963325183374
6VVQ,train,222.0,920,3,0.003260869565217391
6VWX,test,523.0,900,8,0.008888888888888889
6VX3,test,523.0,900,8,0.008888888888888889
6VXI,test,717.0,1132,2,0.0017667844522968198
6VXO,test,523.0,904,12,0.01327433628318584
6VYK,test,247.0,1869,14,0.00749063670411985
6W1B,test,791.0,629,49,0.07790143084260731
6W25,train,541.0,472,2,0.00423728813559322
6W29,train,797.0,545,1,0.001834862385321101
6W4E,train,203.0,15280,4475,0.2928664921465969
6W4F,train,203.0,15120,4820,0.3187830687830688
6W5R,val,592.0,1194,2,0.0016750418760469012
6W5S,val,592.0,1194,2,0.0016750418760469012
6W5T,val,592.0,1175,3,0.002553191489361702
6W5U,val,592.0,1175,1,0.000851063829787234
6W5V,val,592.0,1307,4,0.00306044376434583
6W6O,test,523.0,1044,8,0.007662835249042145
6WA3,train,459.0,2360,208,0.08813559322033898
6WBF,train,132.0,2408,28,0.011627906976744186
6WBG,train,132.0,2408,28,0.011627906976744186
6WBM,train,132.0,2387,28,0.011730205278592375
6WBN,train,132.0,4774,49,0.010263929618768328
6WGT,train,753.0,1111,2,0.0018001800180018
6WH4,train,753.0,1111,1,0.0009000900090009
6WIV,test,764.0,1352,4,0.0029585798816568047
6WJ6,train,622.0,1898,11,0.005795574288724974
6WJC,val,699.0,514,1,0.0019455252918287938
6WK9,train,336.0,774,1,0.0012919896640826874
6WLW,train,577.0,2749,5,0.0018188432157148053
6WM2,train,555.0,9171,7,0.0007632755424708319
6WM5,train,700.0,672,3,0.004464285714285714
6WMV,train,700.0,672,3,0.004464285714285714
6WP8,train,106.0,222,1,0.0045045045045045045
6WQA,val,699.0,391,9,0.023017902813299233
6WUW,val,601.0,1164,13,0.011168384879725086
6WV3,train,235.0,380,3,0.007894736842105263
6WV6,train,235.0,381,1,0.0026246719160104987
6WVD,train,235.0,397,1,0.0025188916876574307
6WVG,train,235.0,883,1,0.0011325028312570782
6WVH,train,235.0,768,5,0.006510416666666667
6WVI,train,235.0,411,2,0.004866180048661801
6X0O,train,175.0,1037,7,0.006750241080038573
6X8D,train,423.0,180,3,0.016666666666666666
6XBJ,train,387.0,1301,2,0.0015372790161414297
6XBK,train,387.0,1304,1,0.0007668711656441718
6XBL,train,387.0,1304,2,0.0015337423312883436
6XBO,val,78.0,319,6,0.018808777429467086
6XBW,train,555.0,8186,9,0.0010994380649890056
6XBY,val,524.0,7765,7,0.0009014810045074051
6XE6,test,309.0,826,4,0.004842615012106538
6XIW,val,424.0,1399,4,0.0028591851322373124
6XK0,val,601.0,580,6,0.010344827586206896
6XL3,train,106.0,446,1,0.002242152466367713
6XMP,train,545.0,1086,4,0.003683241252302026
6XNO,test,383.0,214,4,0.018691588785046728
6XNT,test,383.0,214,2,0.009345794392523364
6XSV,train,765.0,476,10,0.02100840336134454
6XU5,val,298.0,133,4,0.03007518796992481
6XU9,val,298.0,133,5,0.03759398496240601
6XUA,val,298.0,133,6,0.045112781954887216
6XUW,val,298.0,133,4,0.03007518796992481
6XV0,val,601.0,581,5,0.008605851979345954
6XVF,train,463.0,2006,10,0.004985044865403789
6XVQ,val,298.0,133,4,0.03007518796992481
6XVR,val,298.0,133,5,0.03759398496240601
6XVY,val,298.0,532,24,0.045112781954887216
6XW9,val,298.0,133,4,0.03007518796992481
6XYT,val,633.0,1350,29,0.02148148148148148
6Y20,train,439.0,488,1,0.0020491803278688526
6Y79,train,768.0,7987,24,0.0030048829347689996
6Y7V,train,38.0,215,1,0.004651162790697674
6Y90,test,610.0,1218,4,0.003284072249589491
6Y92,test,610.0,1210,4,0.003305785123966942
6YAC,val,596.0,3332,10,0.003001200480192077
6YBZ,val,633.0,1347,13,0.009651076466221232
6YC0,val,633.0,1345,2,0.001486988847583643
6YC1,val,633.0,1365,27,0.01978021978021978
6YC3,val,633.0,1365,30,0.02197802197802198
6YC4,val,633.0,1345,2,0.001486988847583643
6YEZ,val,596.0,3438,12,0.0034904013961605585
6YG9,val,601.0,568,7,0.01232394366197183
6YJ4,train,768.0,8118,31,0.0038186745503818675
6YMX,test,83.0,5759,13,0.002257336343115124
6YMY,test,83.0,1766,3,0.0016987542468856172
6YP7,train,622.0,7002,32,0.004570122822050843
6YT4,val,633.0,1349,12,0.008895478131949592
6YU2,train,644.0,884,6,0.006787330316742082
6YU3,train,644.0,442,1,0.0022624434389140274
6YU4,train,644.0,442,2,0.004524886877828055
6YU5,train,644.0,888,1,0.0011261261261261261
6YU6,train,644.0,889,1,0.0011248593925759281
6YX9,train,269.0,514,1,0.0019455252918287938
6YXD,train,269.0,511,3,0.005870841487279843
6YXF,train,269.0,511,2,0.003913894324853229
6YXR,val,596.0,2783,8,0.002874595759971254
6Z02,train,394.0,823,6,0.007290400972053463
6Z10,train,223.0,412,7,0.01699029126213592
6Z16,train,36.0,3744,16,0.004273504273504274
6Z1J,train,394.0,823,5,0.006075334143377886
6Z27,train,394.0,812,8,0.009852216748768473
6Z3P,test,676.0,1070,7,0.0065420560747663555
6Z3Q,test,676.0,1066,8,0.0075046904315197
6Z5R,train,394.0,2321,66,0.02843601895734597
6Z5S,train,394.0,2201,63,0.02862335302135393
6Z6W,val,209.0,713,1,0.001402524544179523
6Z70,val,176.0,888,13,0.01463963963963964
6ZA9,train,595.0,1374,6,0.004366812227074236
6ZBB,train,595.0,1320,31,0.023484848484848483
6ZCL,test,676.0,813,2,0.0024600246002460025
6ZDR,val,699.0,383,5,0.013054830287206266
6ZDV,val,699.0,382,7,0.01832460732984293
6ZFS,train,463.0,2011,12,0.005967180507210343
6ZFT,train,463.0,2010,7,0.003482587064676617
6ZFU,train,463.0,2015,10,0.004962779156327543
6ZFZ,val,699.0,446,3,0.006726457399103139
6ZG4,val,699.0,446,6,0.013452914798206279
6ZG9,val,699.0,446,3,0.006726457399103139
6ZH7,train,546.0,1125,3,0.0026666666666666666
6ZHH,train,464.0,7035,22,0.003127221037668799
6ZI4,val,708.0,1185,2,0.0016877637130801688
6ZI5,val,708.0,1185,2,0.0016877637130801688
6ZI6,val,708.0,1185,1,0.0008438818565400844
6ZI9,val,708.0,1185,1,0.0008438818565400844
6ZIA,val,708.0,1185,1,0.0008438818565400844
6ZID,val,708.0,1185,1,0.0008438818565400844
6ZK9,train,768.0,3478,7,0.0020126509488211618
6ZKA,train,668.0,4689,29,0.00618468756664534
6ZKB,train,668.0,4698,26,0.005534269902085994
6ZKC,train,768.0,8220,29,0.0035279805352798053
6ZKD,train,768.0,8153,34,0.004170244081933031
6ZKE,train,768.0,8153,36,0.004415552557340856
6ZKF,train,768.0,8151,29,0.003557845663108821
6ZKG,train,768.0,8220,28,0.0034063260340632603
6ZKH,train,768.0,8156,28,0.0034330554193231977
6ZKI,train,768.0,8156,40,0.004904364884747425
6ZKJ,train,768.0,8156,27,0.003310446297204512
6ZKK,train,768.0,8220,19,0.0023114355231143554
6ZKL,train,768.0,8155,37,0.004537093807480074
6ZKM,train,768.0,7996,29,0.0036268134067033516
6ZKN,train,768.0,7996,29,0.0036268134067033516
6ZKO,train,768.0,8220,27,0.0032846715328467154
6ZKP,train,768.0,8150,29,0.003558282208588957
6ZKQ,train,768.0,8150,33,0.004049079754601227
6ZKR,train,768.0,8150,32,0.00392638036809816
6ZKS,train,768.0,8064,22,0.002728174603174603
6ZKT,train,768.0,8064,20,0.00248015873015873
6ZKU,train,768.0,7960,16,0.0020100502512562816
6ZKV,train,768.0,7926,24,0.003028009084027252
6ZL4,val,110.0,1270,2,0.0015748031496062992
6ZLH,val,110.0,1270,2,0.0015748031496062992
6ZMQ,train,465.0,589,5,0.008488964346349746
6ZMR,train,595.0,1271,13,0.010228166797797011
6ZO5,test,645.0,3410,15,0.004398826979472141
6ZO6,test,645.0,3419,16,0.00467973091547236
6ZO7,test,645.0,3406,14,0.004110393423370522
6ZO8,test,645.0,3421,13,0.003800058462437884
6ZO9,test,645.0,3421,12,0.0035077462730195848
6ZOA,test,645.0,3411,10,0.002931691586045148
6ZOB,test,645.0,3410,9,0.0026392961876832845
6ZOC,test,645.0,3410,10,0.002932551319648094
6ZOD,test,645.0,3391,7,0.0020642878207018578
6ZOE,test,645.0,1196,1,0.0008361204013377926
6ZOF,test,645.0,3420,10,0.0029239766081871343
6ZOG,test,645.0,3413,10,0.002929973630237328
6ZOH,test,645.0,3408,10,0.0029342723004694834
6ZOO,val,596.0,3339,13,0.003893381251871818
6ZQM,test,389.0,5147,32,0.006217213911016126
6ZQN,test,389.0,5157,26,0.005041690905565251
6ZR2,train,768.0,8171,18,0.0022029127401786805
6ZRE,train,356.0,912,3,0.003289473684210526
6ZTQ,train,768.0,8171,13,0.0015909925345734916
6ZXS,val,596.0,3233,13,0.004021033096195484
6ZY3,train,250.0,2071,2,0.0009657170449058426
6ZYD,train,607.0,1792,14,0.0078125
6ZZX,val,596.0,4684,33,0.007045260461144321
6ZZY,val,596.0,4594,31,0.006747932085328689
7A0W,train,364.0,1593,3,0.0018832391713747645
7A0X,train,364.0,1592,4,0.002512562814070352
7A0Y,train,364.0,1597,4,0.002504696305572949
7A23,train,768.0,7354,4,0.0005439216752787598
7A4P,val,596.0,4086,30,0.007342143906020558
7A69,test,769.0,1596,3,0.0018796992481203006
7A6C,test,769.0,1596,2,0.0012531328320802004
7A6E,test,769.0,1596,3,0.0018796992481203006
7A77,train,51.0,237,1,0.004219409282700422
7A78,train,51.0,225,1,0.0044444444444444444
7A79,train,51.0,458,4,0.008733624454148471
7AAG,train,337.0,1302,7,0.005376344086021506
7AAQ,val,673.0,487,3,0.006160164271047228
7ABJ,train,337.0,1301,2,0.0015372790161414297
7ABW,test,496.0,725,2,0.002758620689655172
7ADO,test,701.0,2069,2,0.0009666505558240696
7AHK,val,110.0,411,2,0.004866180048661801
7AK5,train,768.0,8058,11,0.001365103003226607
7AK6,train,768.0,8052,2,0.00024838549428713363
7AKX,train,569.0,446,3,0.006726457399103139
7AKZ,train,356.0,910,3,0.0032967032967032967
7AL4,train,104.0,2084,5,0.0023992322456813818
7AQQ,val,236.0,2887,3,0.0010391409767925182
7AR7,train,768.0,7564,4,0.0005288207297726071
7AR8,train,768.0,7676,3,0.0003908285565398645
7AR9,train,668.0,5059,16,0.003162680371614944
7ARB,train,768.0,7716,3,0.00038880248833592535
7ARD,train,768.0,8515,19,0.002231356429829712
7ARH,train,754.0,1261,1,0.0007930214115781126
7ARJ,train,754.0,1262,1,0.000792393026941363
7ARL,train,754.0,1256,1,0.0007961783439490446
7ARM,train,754.0,1438,1,0.0006954102920723226
7ARO,val,699.0,381,1,0.0026246719160104987
7ATE,test,83.0,1098,7,0.006375227686703097
7ATN,test,83.0,1098,3,0.00273224043715847
7AU3,test,83.0,1096,5,0.004562043795620438
7AU6,test,83.0,1092,6,0.005494505494505495
7AVN,train,474.0,434,3,0.0069124423963133645
7B0O,train,271.0,427,7,0.01639344262295082
7B0P,train,271.0,439,8,0.018223234624145785
7B0Q,train,271.0,220,5,0.022727272727272728
7B0R,train,271.0,224,2,0.008928571428571428
7B1K,test,338.0,402,2,0.004975124378109453
7B1L,test,338.0,404,3,0.007425742574257425
7B4L,train,425.0,886,6,0.006772009029345372
7B5F,test,676.0,958,1,0.0010438413361169101
7B93,train,768.0,8225,14,0.001702127659574468
7BCW,test,95.0,1148,3,0.002613240418118467
7BGI,val,596.0,4369,22,0.0050354772259098195
7BLX,val,596.0,3988,18,0.004513540621865597
7BLZ,val,596.0,2817,48,0.01703940362087327
7BMH,train,488.0,484,5,0.010330578512396695
7BQ1,train,522.0,271,2,0.007380073800738007
7BR3,train,541.0,470,1,0.002127659574468085
7BSW,train,17.0,1139,15,0.013169446883230905
7BT2,train,464.0,991,1,0.0010090817356205853
7BVG,train,175.0,2234,1,0.0004476275738585497
7BW1,train,177.0,245,2,0.00816326530612245
7BYD,train,625.0,1635,3,0.001834862385321101
7BZN,test,676.0,800,1,0.00125
7BZT,train,251.0,1094,1,0.0009140767824497258
7C4S,val,748.0,1428,3,0.0021008403361344537
7C52,train,394.0,2809,95,0.03381986472054112
7C80,test,676.0,1245,3,0.0024096385542168677
7C81,test,676.0,1247,3,0.0024057738572574178
7C83,train,177.0,251,5,0.0199203187250996
7C86,test,515.0,296,6,0.02027027027027027
7C9I,test,191.0,1313,1,0.0007616146230007616
7C9R,train,394.0,3009,16,0.005317381189764041
7C9S,test,676.0,822,4,0.004866180048661801
7C9V,test,676.0,1184,2,0.0016891891891891893
7C9W,test,676.0,1014,3,0.0029585798816568047
7C9X,test,676.0,820,2,0.0024390243902439024
7C9Y,test,676.0,820,6,0.007317073170731708
7C9Z,test,676.0,814,3,0.0036855036855036856
7CAQ,test,556.0,415,2,0.004819277108433735
7CAR,test,556.0,411,2,0.004866180048661801
7CAS,test,556.0,418,2,0.004784688995215311
7CB3,train,497.0,724,2,0.0027624309392265192
7CFF,train,702.0,156,2,0.01282051282051282
7CFM,train,55.0,1027,6,0.005842259006815969
7CFN,train,55.0,1031,3,0.002909796314258002
7CGP,train,290.0,1569,1,0.0006373486297004461
7CJ3,test,570.0,526,12,0.022813688212927757
7CJI,train,622.0,5283,36,0.0068143100511073255
7CJJ,train,622.0,5283,34,0.006435737270490252
7CJS,train,678.0,1731,8,0.00462160600808781
7CK6,val,609.0,936,1,0.0010683760683760685
7CKX,train,55.0,1035,1,0.000966183574879227
7CLJ,val,178.0,250,6,0.024
7CM3,val,424.0,1460,7,0.004794520547945206
7CNW,train,252.0,569,1,0.0017574692442882249
7CNY,train,252.0,566,1,0.0017667844522968198
7COH,test,83.0,3470,68,0.019596541786743516
7COU,train,622.0,5283,32,0.006057164489873178
7CP5,test,83.0,3544,47,0.013261851015801355
7CP9,val,609.0,1021,13,0.012732615083251714
7CRI,val,633.0,264,1,0.003787878787878788
7CRJ,val,633.0,264,1,0.003787878787878788
7CRK,val,633.0,264,1,0.003787878787878788
7CRL,val,633.0,264,1,0.003787878787878788
7CRT,val,633.0,264,1,0.003787878787878788
7CRX,val,633.0,264,2,0.007575757575757576
7CRZ,train,462.0,469,9,0.019189765458422176
7CUM,test,764.0,1358,8,0.005891016200294551
7CZ5,train,55.0,1046,1,0.0009560229445506692
7CZ9,test,645.0,6243,106,0.016979016498478296
7CZL,train,622.0,4304,8,0.0018587360594795538
7D06,train,250.0,2374,14,0.005897219882055603
7D0J,val,596.0,5922,13,0.002195204322863897
7D1T,train,622.0,5304,28,0.005279034690799397
7D1U,train,622.0,5304,30,0.005656108597285068
7D1X,test,224.0,523,1,0.0019120458891013384
7D3U,train,36.0,1873,9,0.004805125467164976
7D4P,val,667.0,2676,16,0.005979073243647235
7D4Q,val,667.0,2672,16,0.005988023952095809
7D5W,test,83.0,3544,48,0.013544018058690745
7D5X,test,83.0,3544,52,0.014672686230248307
7D76,train,55.0,874,2,0.002288329519450801
7D77,train,55.0,1105,1,0.0009049773755656109
7D7Q,test,570.0,588,2,0.003401360544217687
7D8X,test,191.0,1313,3,0.002284843869002285
7D91,train,406.0,1318,8,0.006069802731411229
7D92,train,406.0,1318,6,0.004552352048558422
7D93,train,406.0,2636,12,0.004552352048558422
7D94,train,406.0,2630,12,0.0045627376425855515
7DDF,train,406.0,2630,8,0.003041825095057034
7DDH,train,406.0,2630,13,0.00494296577946768
7DDI,train,406.0,2630,8,0.003041825095057034
7DDK,train,406.0,2630,13,0.00494296577946768
7DDL,train,406.0,2630,15,0.005703422053231939
7DEG,test,617.0,1520,5,0.003289473684210526
7DF8,train,368.0,918,3,0.0032679738562091504
7DFW,train,368.0,957,7,0.0073145245559038665
7DFZ,train,368.0,897,4,0.004459308807134894
7DGZ,train,768.0,7992,8,0.001001001001001001
7DH0,train,768.0,7904,4,0.0005060728744939271
7DJ2,train,644.0,988,4,0.004048582995951417
7DJC,train,644.0,489,2,0.00408997955010225
7DKZ,val,596.0,3200,19,0.0059375
7DL4,val,601.0,581,11,0.0189328743545611
7DL9,train,504.0,810,1,0.0012345679012345679
7DNY,test,95.0,1146,5,0.004363001745200698
7DNZ,test,95.0,1182,2,0.001692047377326565
7DQV,test,95.0,589,4,0.006791171477079796
7DR0,val,596.0,2171,3,0.0013818516812528789
7DR1,val,596.0,2114,4,0.001892147587511826
7DRJ,train,357.0,376,1,0.0026595744680851063
7DRK,train,357.0,369,1,0.0027100271002710027
7DRT,train,771.0,830,6,0.007228915662650603
7DSK,test,237.0,935,1,0.0010695187165775401
7DSL,test,237.0,935,1,0.0010695187165775401
7DSQ,test,237.0,934,1,0.0010706638115631692
7DUQ,val,81.0,1174,3,0.002555366269165247
7DUR,val,81.0,1126,3,0.0026642984014209592
7DW9,train,55.0,1283,1,0.000779423226812159
7DWQ,val,596.0,1943,6,0.003088008234688626
7DXA,train,622.0,1629,1,0.0006138735420503376
7DXB,val,667.0,2952,12,0.0040650406504065045
7DXC,val,667.0,2808,8,0.002849002849002849
7DXD,val,667.0,2928,8,0.00273224043715847
7DXE,val,667.0,2740,4,0.00145985401459854
7DXF,val,667.0,2740,16,0.00583941605839416
7DXG,val,667.0,2792,12,0.004297994269340974
7DXH,train,622.0,2150,1,0.00046511627906976747
7DZ7,val,596.0,5996,25,0.004169446297531688
7DZ8,val,596.0,5985,21,0.0035087719298245615
7DZE,train,162.0,256,2,0.0078125
7DZF,train,162.0,256,2,0.0078125
7DZG,train,162.0,256,2,0.0078125
7DZH,train,162.0,256,2,0.0078125
7DZI,train,162.0,256,2,0.0078125
7DZJ,train,162.0,256,2,0.0078125
7DZK,train,162.0,256,2,0.0078125
7DZL,train,162.0,256,2,0.0078125
7E0H,val,427.0,661,2,0.0030257186081694403
7E0I,val,427.0,676,3,0.004437869822485207
7E0J,val,427.0,671,3,0.004470938897168405
7E0K,val,427.0,676,3,0.004437869822485207
7E1V,test,83.0,5122,28,0.005466614603670442
7E1W,test,83.0,5132,20,0.003897116134060795
7E1X,test,83.0,5132,20,0.003897116134060795
7E1Z,train,406.0,1302,7,0.005376344086021506
7E20,train,406.0,1321,8,0.006056018168054504
7E21,train,406.0,1302,6,0.004608294930875576
7E2B,train,585.0,253,11,0.043478260869565216
7E2G,test,309.0,901,3,0.003329633740288568
7E2H,test,309.0,907,1,0.0011025358324145535
7E2X,train,55.0,870,4,0.004597701149425287
7E2Z,train,55.0,870,4,0.004597701149425287
7E4G,train,79.0,588,15,0.025510204081632654
7E4T,val,667.0,2656,16,0.006024096385542169
7E6X,test,515.0,296,3,0.010135135135135136
7E6Y,test,515.0,296,6,0.02027027027027027
7E6Z,test,515.0,296,4,0.013513513513513514
7E70,test,515.0,296,3,0.010135135135135136
7E71,test,515.0,296,5,0.016891891891891893
7E7F,train,736.0,472,1,0.00211864406779661
7EAK,test,676.0,1056,2,0.001893939393939394
7EDA,train,622.0,2564,13,0.005070202808112325
7EHL,test,95.0,1126,2,0.0017761989342806395
7ELL,test,390.0,7917,1,0.00012631047113805733
7EN0,val,646.0,939,3,0.003194888178913738
7EOV,test,224.0,274,1,0.0036496350364963502
7EPT,train,55.0,1009,1,0.0009910802775024777
7EQD,train,394.0,2286,60,0.026246719160104987
7ET1,train,406.0,1249,3,0.0024019215372297837
7EU3,train,668.0,5338,1,0.00018733608092918696
7EV7,test,83.0,3542,60,0.01693958215697346
7EVM,train,55.0,1037,6,0.0057859209257473485
7EW3,train,55.0,1149,1,0.0008703220191470844
7EW6,val,596.0,3108,6,0.0019305019305019305
7EWK,val,596.0,3110,7,0.0022508038585209
7EZZ,train,375.0,511,7,0.0136986301369863
7F0L,train,394.0,2265,58,0.025607064017660046
7F61,train,647.0,407,1,0.002457002457002457
7F6I,train,55.0,915,1,0.001092896174863388
7F6V,test,586.0,626,2,0.003194888178913738
7F83,train,753.0,785,1,0.0012738853503184713
7F9Y,train,55.0,1051,1,0.0009514747859181732
7FD2,train,253.0,4060,21,0.005172413793103448
7FEE,train,228.0,486,3,0.006172839506172839
7FIN,val,81.0,1168,1,0.0008561643835616438
7FW5,val,298.0,133,1,0.007518796992481203
7FXL,val,298.0,130,1,0.007692307692307693
7FY1,val,298.0,134,1,0.007462686567164179
7FYH,val,298.0,130,1,0.007692307692307693
7G0X,val,298.0,130,1,0.007692307692307693
7G1P,val,298.0,130,1,0.007692307692307693
7JLP,val,547.0,1455,9,0.006185567010309278
7JNI,val,516.0,801,2,0.0024968789013732834
7JPK,train,565.0,2257,1,0.00044306601683650863
7JPL,train,565.0,2256,2,0.0008865248226950354
7JPV,train,565.0,2227,1,0.000449034575662326
7JPW,train,565.0,2257,1,0.00044306601683650863
7JPX,train,565.0,2258,2,0.0008857395925597874
7JRG,train,463.0,3983,11,0.0027617373838814963
7JRO,test,83.0,1492,1,0.0006702412868632708
7JRP,test,83.0,5472,9,0.001644736842105263
7JSV,train,703.0,2706,110,0.04065040650406504
7JV5,train,55.0,1044,4,0.0038314176245210726
7JVP,train,55.0,1041,5,0.004803073967339097
7JVQ,train,55.0,1047,2,0.0019102196752626551
7JWN,val,601.0,584,5,0.008561643835616438
7K4A,train,200.0,2420,8,0.003305785123966942
7K4B,train,200.0,2428,10,0.004118616144975288
7KAN,train,238.0,1371,3,0.002188183807439825
7KAY,test,648.0,1749,24,0.0137221269296741
7KAZ,test,648.0,1746,18,0.010309278350515464
7KC4,train,771.0,771,2,0.0025940337224383916
7KGE,test,645.0,3060,3,0.000980392156862745
7KGG,test,645.0,3060,6,0.00196078431372549
7KGH,test,645.0,3060,2,0.00065359477124183
7KGI,test,645.0,3060,2,0.00065359477124183
7KHR,train,555.0,8212,8,0.000974184120798831
7KK8,val,436.0,442,2,0.004524886877828055
7KK9,val,436.0,442,11,0.024886877828054297
7KKA,val,436.0,442,2,0.004524886877828055
7KKB,val,436.0,442,2,0.004524886877828055
7KKR,val,436.0,442,11,0.024886877828054297
7KMT,train,107.0,1838,2,0.001088139281828074
7KSQ,val,596.0,3347,19,0.005676725425754407
7KUX,val,596.0,3259,19,0.005830009205277692
7KY7,test,272.0,1247,2,0.0016038492381716118
7KY8,test,272.0,1274,3,0.002354788069073783
7KYA,train,604.0,1545,1,0.0006472491909385113
7KYB,train,604.0,1322,2,0.0015128593040847202
7KYC,train,604.0,1552,6,0.003865979381443299
7L1E,val,30.0,532,1,0.0018796992481203006
7L5K,train,557.0,316,1,0.0031645569620253164
7L6Q,train,498.0,1555,11,0.00707395498392283
7L78,train,704.0,711,1,0.0014064697609001407
7LEP,train,113.0,2222,4,0.0018001800180018
7LFT,val,37.0,1800,28,0.015555555555555555
7LGU,train,360.0,1360,3,0.0022058823529411764
7LH2,train,360.0,1360,1,0.0007352941176470588
7LI7,test,156.0,765,1,0.00130718954248366
7LIA,test,156.0,767,1,0.001303780964797914
7LJC,train,55.0,1040,1,0.0009615384615384616
7LKP,val,649.0,1941,8,0.004121586810922205
7LKZ,val,649.0,1920,2,0.0010416666666666667
7LQJ,train,644.0,506,1,0.001976284584980237
7LQK,train,644.0,506,2,0.003952569169960474
7LQY,train,200.0,2636,15,0.005690440060698027
7LQZ,train,200.0,2604,19,0.007296466973886329
7LR0,train,200.0,2584,68,0.02631578947368421
7LX0,val,596.0,6699,14,0.0020898641588296763
7M17,val,270.0,1878,1,0.0005324813631522897
7M19,val,270.0,1878,1,0.0005324813631522897
7M5V,test,460.0,1046,18,0.017208413001912046
7M5X,test,460.0,1000,34,0.034
7M5Y,test,460.0,1000,29,0.029
7M75,val,596.0,2244,21,0.009358288770053475
7M76,val,596.0,2244,20,0.008912655971479501
7M78,val,596.0,2244,17,0.007575757575757576
7M93,train,391.0,652,3,0.004601226993865031
7M94,train,391.0,659,4,0.006069802731411229
7M95,train,391.0,331,2,0.006042296072507553
7M96,train,391.0,660,2,0.0030303030303030303
7MBY,train,55.0,890,1,0.0011235955056179776
7MFI,train,391.0,650,5,0.007692307692307693
7MH3,train,394.0,821,5,0.0060901339829476245
7MH4,train,394.0,818,6,0.007334963325183374
7MH5,train,394.0,819,5,0.006105006105006105
7MH8,train,394.0,820,5,0.006097560975609756
7MH9,train,394.0,821,3,0.0036540803897685747
7MHA,train,394.0,821,5,0.0060901339829476245
7MHZ,train,32.0,723,1,0.0013831258644536654
7MIJ,train,200.0,2556,28,0.010954616588419406
7MIK,train,200.0,2560,16,0.00625
7MIM,train,200.0,2560,8,0.003125
7MIN,train,200.0,2560,16,0.00625
7MIX,train,565.0,2623,6,0.002287457110179184
7MIY,train,565.0,2598,2,0.0007698229407236335
7MJO,train,308.0,2981,5,0.0016772895001677288
7N2X,train,310.0,201,1,0.004975124378109453
7N4U,train,368.0,1906,6,0.0031479538300104933
7N4V,train,368.0,1906,8,0.004197271773347324
7N4X,train,368.0,953,2,0.002098635886673662
7N5D,train,525.0,2612,6,0.002297090352220521
7N5E,train,525.0,2176,6,0.0027573529411764708
7N5G,train,525.0,371,1,0.0026954177897574125
7N6Q,train,192.0,1500,20,0.013333333333333334
7N6R,train,192.0,1500,8,0.005333333333333333
7N70,test,460.0,1032,5,0.0048449612403100775
7N72,test,460.0,1030,28,0.027184466019417475
7N73,test,460.0,1036,5,0.004826254826254826
7N74,test,460.0,1036,5,0.004826254826254826
7N77,test,460.0,1036,5,0.004826254826254826
7N78,test,460.0,1030,22,0.021359223300970873
7N8O,train,622.0,5536,64,0.011560693641618497
7N9K,val,31.0,282,9,0.031914893617021274
7N9L,val,31.0,282,4,0.014184397163120567
7N9Z,train,89.0,1202,56,0.04658901830282862
7NF6,test,705.0,1078,1,0.0009276437847866419
7NF8,test,705.0,1078,1,0.0009276437847866419
7NHO,train,622.0,2086,2,0.0009587727708533077
7NHP,train,622.0,2350,1,0.000425531914893617
7NIV,test,769.0,2020,1,0.0004950495049504951
7NIW,test,769.0,1585,2,0.0012618296529968455
7NNL,test,716.0,1455,3,0.002061855670103093
7NNP,test,716.0,1456,3,0.0020604395604395605
7NRW,val,298.0,133,4,0.03007518796992481
7NSR,val,298.0,132,5,0.03787878787878788
7NTP,val,298.0,265,10,0.03773584905660377
7NXG,val,587.0,390,10,0.02564102564102564
7O0K,train,162.0,251,3,0.01195219123505976
7O1V,val,596.0,1869,2,0.001070090957731407
7O37,test,83.0,5970,15,0.002512562814070352
7O3C,test,83.0,5967,14,0.0023462376403552876
7O3E,test,83.0,5417,8,0.0014768321949418497
7O3H,train,463.0,4161,17,0.004085556356645037
7O3L,test,645.0,6256,14,0.002237851662404092
7O3M,test,645.0,6260,10,0.001597444089456869
7O3N,test,645.0,6260,8,0.0012779552715654952
7O60,val,298.0,133,4,0.03007518796992481
7O6R,train,108.0,536,1,0.0018656716417910447
7O6Y,train,768.0,7921,29,0.0036611538947102637
7O71,train,768.0,8035,25,0.0031113876789047915
7O8F,val,633.0,262,3,0.011450381679389313
7O8G,val,633.0,262,2,0.007633587786259542
7O8H,val,633.0,262,2,0.007633587786259542
7O8J,val,633.0,264,5,0.01893939393939394
7O8K,val,633.0,265,2,0.007547169811320755
7O8L,val,633.0,262,2,0.007633587786259542
7O8M,val,633.0,264,2,0.007575757575757576
7O8N,val,633.0,265,1,0.0037735849056603774
7O8O,val,633.0,264,1,0.003787878787878788
7O8P,val,633.0,263,1,0.0038022813688212928
7O8Q,val,633.0,258,4,0.015503875968992248
7O8R,val,633.0,258,3,0.011627906976744186
7O8S,val,633.0,265,1,0.0037735849056603774
7O8T,val,633.0,265,1,0.0037735849056603774
7O8U,val,633.0,264,2,0.007575757575757576
7O8V,val,633.0,262,1,0.003816793893129771
7O8Y,val,633.0,262,4,0.015267175572519083
7O8Z,val,633.0,262,3,0.011450381679389313
7OCA,val,343.0,3802,10,0.0026301946344029457
7OCD,train,113.0,1920,2,0.0010416666666666667
7OCE,train,113.0,2322,10,0.004306632213608958
7OCF,train,113.0,2298,8,0.0034812880765883376
7OCI,train,749.0,2071,1,0.0004828585224529213
7OD5,train,394.0,825,3,0.0036363636363636364
7OJI,test,717.0,1144,3,0.0026223776223776225
7OKS,val,430.0,671,1,0.0014903129657228018
7OKT,val,430.0,324,2,0.006172839506172839
7OKU,val,430.0,173,1,0.005780346820809248
7ONJ,test,247.0,1834,29,0.015812431842966195
7OO0,test,247.0,1834,25,0.013631406761177753
7OO6,test,247.0,1827,28,0.01532567049808429
7OOA,test,247.0,1834,14,0.007633587786259542
7OQZ,test,273.0,948,4,0.004219409282700422
7OTS,train,196.0,576,3,0.005208333333333333
7OUI,train,622.0,8342,28,0.003356509230400384
7OUK,test,645.0,3411,9,0.002638522427440633
7OUL,test,645.0,3408,7,0.0020539906103286387
7OUM,test,645.0,3410,9,0.0026392961876832845
7OVQ,test,664.0,2760,24,0.008695652173913044
7OVR,test,664.0,2760,24,0.008695652173913044
7OWO,test,225.0,795,1,0.0012578616352201257
7OWU,test,225.0,802,3,0.003740648379052369
7OXE,train,38.0,216,10,0.046296296296296294
7OY2,test,665.0,858,1,0.0011655011655011655
7OY8,train,394.0,2278,54,0.02370500438981563
7OYJ,train,439.0,396,1,0.0025252525252525255
7OZ1,test,717.0,1088,8,0.007352941176470588
7P00,train,55.0,1144,1,0.0008741258741258741
7P02,train,55.0,1138,1,0.0008787346221441124
7P0Q,train,394.0,824,5,0.006067961165048544
7P17,train,394.0,824,3,0.0036407766990291263
7P1K,train,425.0,866,7,0.008083140877598153
7P2C,train,394.0,822,4,0.004866180048661801
7PGB,test,610.0,5430,3,0.0005524861878453039
7PGE,train,750.0,198,1,0.005050505050505051
7PH3,test,95.0,1380,4,0.002898550724637681
7PH4,test,95.0,1378,2,0.001451378809869376
7PI0,train,622.0,7438,36,0.004840010755579457
7PN6,val,461.0,325,2,0.006153846153846154
7POW,test,338.0,406,2,0.0049261083743842365
7PX4,val,699.0,390,12,0.03076923076923077
7PYR,val,699.0,390,12,0.03076923076923077
7Q1U,val,548.0,1356,23,0.01696165191740413
7Q21,test,83.0,5585,28,0.005013428827215756
7Q35,train,106.0,225,1,0.0044444444444444444
7Q38,train,106.0,228,3,0.013157894736842105
7Q4H,test,679.0,504,1,0.001984126984126984
7Q4J,test,679.0,492,2,0.0040650406504065045
7Q5D,val,430.0,174,1,0.005747126436781609
7Q6Z,train,32.0,597,16,0.02680067001675042
7Q7F,train,394.0,821,45,0.05481120584652863
7Q7G,train,394.0,821,34,0.04141291108404385
7Q7H,train,394.0,821,54,0.06577344701583435
7Q7J,train,394.0,821,48,0.058465286236297195
7Q7M,train,394.0,821,46,0.05602923264311815
7Q7N,train,394.0,820,49,0.05975609756097561
7Q7O,train,394.0,821,44,0.0535931790499391
7QA8,test,358.0,620,6,0.00967741935483871
7QAA,train,51.0,447,3,0.006711409395973154
7QB9,test,358.0,598,1,0.0016722408026755853
7QBC,test,358.0,622,4,0.006430868167202572
7QBI,test,358.0,622,7,0.011254019292604502
7QBP,test,231.0,291,12,0.041237113402061855
7QCO,val,596.0,8812,3,0.0003404448479346346
7QEQ,test,589.0,2268,2,0.0008818342151675485
7QER,test,589.0,2244,3,0.001336898395721925
7QET,test,589.0,2256,1,0.0004432624113475177
7QEW,test,589.0,1128,1,0.0008865248226950354
7QEY,test,589.0,1092,1,0.0009157509157509158
7QFE,val,601.0,581,4,0.0068846815834767644
7QHB,train,113.0,1966,2,0.001017293997965412
7QHH,train,113.0,1982,2,0.0010090817356205853
7QHM,test,83.0,5886,199,0.03380903839619436
7QHO,test,83.0,5870,151,0.025724020442930155
7QKO,test,74.0,1996,2,0.001002004008016032
7QL5,test,74.0,1989,1,0.0005027652086475615
7QOA,train,274.0,801,2,0.0024968789013732834
7QSD,train,768.0,8195,16,0.0019524100061012813
7QSK,train,768.0,8279,36,0.004348351250150984
7QSL,train,768.0,8275,31,0.0037462235649546828
7QSM,train,768.0,8250,29,0.003515151515151515
7QSN,train,768.0,8189,25,0.0030528758090120896
7QSO,train,768.0,8007,30,0.003746721618583739
7QTV,train,406.0,2638,6,0.002274450341167551
7QW9,test,676.0,839,1,0.0011918951132300357
7R0W,train,226.0,2040,12,0.0058823529411764705
7R33,train,546.0,1125,3,0.0026666666666666666
7R34,train,546.0,1125,3,0.0026666666666666666
7R35,train,546.0,1125,5,0.0044444444444444444
7R36,train,546.0,1125,5,0.0044444444444444444
7R3K,val,596.0,3854,47,0.012195121951219513
7R3V,train,463.0,2015,12,0.005955334987593052
7R41,train,768.0,8183,39,0.00476597824758646
7R42,train,768.0,8193,44,0.005370438178933235
7R43,train,768.0,8177,27,0.0033019444784150665
7R44,train,768.0,8152,33,0.0040480863591756625
7R45,train,768.0,8087,34,0.00420427847162112
7R46,train,768.0,8089,30,0.0037087402645568056
7R47,train,768.0,8078,37,0.004580341668729884
7R48,train,768.0,8107,40,0.004934007647711854
7R4C,train,768.0,8058,34,0.004219409282700422
7R4D,train,768.0,8045,34,0.004226227470478558
7R4F,train,768.0,7779,18,0.0023139220979560356
7R4G,train,768.0,7793,30,0.003849608623123316
7R8B,val,193.0,1371,1,0.0007293946024799417
7R8D,test,717.0,1090,2,0.001834862385321101
7RCV,train,622.0,5536,52,0.00939306358381503
7RH5,test,83.0,6072,87,0.01432806324110672
7RH6,test,83.0,5901,83,0.014065412641925098
7RH7,test,83.0,6072,92,0.015151515151515152
7RHQ,train,103.0,1305,3,0.0022988505747126436
7RHR,train,103.0,974,1,0.001026694045174538
7RK3,test,225.0,360,1,0.002777777777777778
7RM5,val,699.0,390,5,0.01282051282051282
7ROQ,val,649.0,1831,1,0.0005461496450027307
7RPH,test,309.0,926,11,0.011879049676025918
7RPI,test,309.0,926,15,0.016198704103671708
7RPJ,test,309.0,926,1,0.0010799136069114472
7RPK,test,309.0,1104,11,0.009963768115942028
7RQW,train,200.0,2128,24,0.011278195488721804
7RR6,test,645.0,3063,10,0.00326477309826967
7RR7,test,645.0,3061,12,0.003920287487749101
7RR8,test,645.0,3075,18,0.005853658536585366
7RR9,test,239.0,1120,2,0.0017857142857142857
7RYY,val,798.0,2024,1,0.0004940711462450593
7RZ5,val,798.0,2046,1,0.0004887585532746823
7RZ6,val,343.0,3538,2,0.0005652911249293386
7RZ8,val,798.0,2044,10,0.004892367906066536
7S24,train,364.0,375,11,0.029333333333333333
7S3D,val,596.0,7074,30,0.004240882103477523
7S4H,train,449.0,2577,88,0.03414823438106325
7S4I,train,449.0,2577,78,0.030267753201396973
7S4J,train,449.0,2577,87,0.033760186263096625
7S4K,train,449.0,2577,85,0.03298409002716337
7S88,train,200.0,2456,79,0.03216612377850163
7S89,train,200.0,2376,36,0.015151515151515152
7S8B,train,200.0,2448,51,0.020833333333333332
7S8C,train,200.0,2448,43,0.017565359477124183
7S9Y,test,466.0,901,4,0.004439511653718091
7S9Z,test,466.0,890,4,0.0044943820224719105
7SA3,train,622.0,1644,8,0.004866180048661801
7SB5,val,651.0,3550,11,0.0030985915492957746
7SCL,train,694.0,574,6,0.010452961672473868
7SFJ,train,339.0,849,6,0.007067137809187279
7SFK,train,339.0,849,9,0.01060070671378092
7SG3,train,694.0,544,4,0.007352941176470588
7SHE,train,558.0,1081,9,0.008325624421831638
7SHF,val,499.0,1326,6,0.004524886877828055
7SIL,val,145.0,1562,3,0.0019206145966709346
7SIM,val,145.0,1562,3,0.0019206145966709346
7SIP,val,296.0,892,4,0.004484304932735426
7SK3,val,428.0,831,17,0.02045728038507822
7SK4,val,428.0,831,4,0.0048134777376654635
7SK5,val,428.0,897,5,0.005574136008918618
7SK7,val,428.0,854,5,0.00585480093676815
7SK8,val,428.0,835,21,0.025149700598802394
7SK9,val,428.0,716,4,0.00558659217877095
7SL8,test,799.0,700,2,0.002857142857142857
7SLA,test,799.0,702,1,0.0014245014245014246
7SMM,test,74.0,2030,6,0.002955665024630542
7SMQ,test,74.0,2030,6,0.002955665024630542
7SMR,test,74.0,2022,3,0.001483679525222552
7SMS,test,74.0,2015,1,0.0004962779156327543
7SMT,test,74.0,2022,2,0.0009891196834817012
7SP7,train,450.0,739,1,0.0013531799729364006
7SPS,train,462.0,936,8,0.008547008547008548
7SPT,train,462.0,470,9,0.019148936170212766
7SQO,train,55.0,1111,2,0.0018001800180018
7SR8,train,55.0,1141,1,0.0008764241893076249
7SUS,test,458.0,347,2,0.005763688760806916
7SV7,val,549.0,1173,2,0.0017050298380221654
7SVD,val,549.0,1173,1,0.0008525149190110827
7SX3,train,275.0,4607,3,0.0006511829824180595
7SX4,train,275.0,4566,1,0.0002190100744634253
7T4O,train,449.0,2310,21,0.00909090909090909
7T4P,train,449.0,2577,88,0.03414823438106325
7T4X,train,672.0,1778,36,0.020247469066366704
7T6B,train,55.0,1119,2,0.0017873100983020554
7T6T,train,55.0,907,1,0.0011025358324145535
7T71,test,500.0,695,1,0.0014388489208633094
7T92,test,706.0,1159,15,0.012942191544434857
7TAC,train,227.0,1526,4,0.002621231979030144
7TAE,train,39.0,206,2,0.009708737864077669
7TAI,train,291.0,1272,3,0.0023584905660377358
7TAY,train,463.0,2076,18,0.008670520231213872
7TBP,test,664.0,309,2,0.006472491909385114
7TBW,val,649.0,1928,1,0.0005186721991701245
7TBY,val,649.0,1788,2,0.0011185682326621924
7TCE,test,194.0,3456,27,0.0078125
7TD3,train,55.0,909,2,0.0022002200220022
7THU,test,83.0,3562,48,0.01347557551937114
7TIE,test,83.0,3550,53,0.014929577464788733
7TIH,test,83.0,3550,43,0.012112676056338029
7TII,test,83.0,3550,46,0.012957746478873239
7TJ8,train,806.0,1242,1,0.0008051529790660225
7TJ9,train,806.0,1273,3,0.002356637863315004
7TQS,test,676.0,4249,2,0.0004706989879971758
7TQT,test,676.0,4212,1,0.00023741690408357076
7TQU,test,676.0,2544,2,0.0007861635220125787
7TVZ,train,47.0,2340,6,0.002564102564102564
7TY4,test,467.0,1030,1,0.000970873786407767
7TY6,test,467.0,1032,3,0.0029069767441860465
7TY8,test,467.0,1030,2,0.001941747572815534
7TYA,test,467.0,1028,1,0.0009727626459143969
7TYF,val,81.0,1266,3,0.002369668246445498
7TYI,val,81.0,1154,2,0.0017331022530329288
7TYO,val,81.0,1141,2,0.0017528483786152498
7TYS,train,308.0,2788,5,0.001793400286944046
7TYT,train,308.0,2759,6,0.0021747009786154403
7TYX,val,81.0,1269,3,0.002364066193853428
7TYY,val,81.0,1250,3,0.0024
7TZF,val,81.0,1272,3,0.0023584905660377358
7U1Q,train,308.0,2791,8,0.002866356144750985
7U1S,train,308.0,2792,10,0.0035816618911174787
7U24,train,308.0,2770,4,0.001444043321299639
7U2X,train,308.0,2753,7,0.0025426807119505995
7U8G,val,571.0,621,22,0.03542673107890499
7UEA,train,359.0,2793,9,0.00322234156820623
7UGG,train,200.0,2480,14,0.00564516129032258
7UHF,train,565.0,2502,1,0.0003996802557953637
7URC,test,800.0,658,2,0.00303951367781155
7URD,test,800.0,678,1,0.0014749262536873156
7USW,train,588.0,1676,2,0.0011933174224343676
7USX,train,588.0,1670,5,0.0029940119760479044
7USY,train,588.0,2025,5,0.0024691358024691358
7UWP,val,254.0,888,4,0.0045045045045045045
7UZ3,test,467.0,1114,24,0.02154398563734291
7UZE,train,678.0,984,20,0.02032520325203252
7UZQ,train,451.0,1315,14,0.01064638783269962
7V07,test,467.0,1114,8,0.00718132854578097
7V0S,train,451.0,1315,1,0.0007604562737642585
7V19,test,467.0,1114,2,0.0017953321364452424
7V2C,train,768.0,8268,20,0.0024189646831156266
7V2D,train,768.0,8139,19,0.0023344391202850473
7V2E,train,768.0,8268,23,0.0027818093855829706
7V2F,train,768.0,8139,28,0.003440226071999017
7V2H,train,768.0,8269,34,0.004111742653283347
7V2K,train,768.0,8173,25,0.0030588523186100575
7V2R,train,768.0,8269,32,0.003869875438384327
7V30,train,768.0,8139,22,0.0027030347708563705
7V31,train,768.0,8268,32,0.0038703434929850023
7V32,train,768.0,8139,16,0.001965843469713724
7V33,train,768.0,8269,37,0.004474543475631878
7V3K,val,501.0,1173,15,0.01278772378516624
7V3M,train,768.0,8139,26,0.0031944956382848016
7V3Z,train,228.0,431,1,0.002320185614849188
7V62,val,796.0,1547,5,0.003232062055591467
7V6Z,train,103.0,1008,1,0.000992063492063492
7V73,train,360.0,597,2,0.0033500837520938024
7V74,train,360.0,597,2,0.0033500837520938024
7VB7,train,768.0,3542,2,0.000564652738565782
7VBL,train,668.0,4727,31,0.006558070657922572
7VBN,train,768.0,3521,2,0.0005680204487361545
7VBP,train,668.0,4652,22,0.004729148753224419
7VBY,val,609.0,951,79,0.08307045215562565
7VBZ,train,768.0,3542,3,0.0008469791078486731
7VC0,train,668.0,4727,30,0.006346519991537973
7VD2,val,609.0,951,33,0.03470031545741325
7VFI,test,95.0,1149,1,0.0008703220191470844
7VFS,train,565.0,2383,1,0.000419639110365086
7VFV,train,565.0,2383,1,0.000419639110365086
7VFW,train,565.0,2383,1,0.000419639110365086
7VFX,train,55.0,1138,1,0.0008787346221441124
7VGZ,train,55.0,1125,1,0.0008888888888888889
7VH5,train,109.0,4824,6,0.0012437810945273632
7VH6,train,109.0,4608,9,0.001953125
7VIE,train,55.0,1134,1,0.0008818342151675485
7VKT,train,55.0,1143,2,0.0017497812773403325
7VL5,train,276.0,1409,4,0.0028388928317956
7VLR,train,308.0,1145,1,0.0008733624454148472
7VLS,train,308.0,1141,1,0.0008764241893076249
7VLT,train,308.0,1145,1,0.0008733624454148472
7VLU,train,308.0,1159,1,0.0008628127696289905
7VNM,train,394.0,2112,15,0.007102272727272727
7VNY,train,394.0,2283,24,0.010512483574244415
7VOD,train,753.0,355,3,0.008450704225352112
7VOE,train,753.0,356,4,0.011235955056179775
7VR7,val,110.0,402,5,0.012437810945273632
7VR8,val,110.0,402,3,0.007462686567164179
7VR9,val,601.0,1156,8,0.006920415224913495
7VRJ,train,394.0,2590,63,0.024324324324324326
7VSI,test,799.0,616,2,0.003246753246753247
7VTZ,train,718.0,435,4,0.009195402298850575
7VU0,train,718.0,870,21,0.02413793103448276
7VU1,train,718.0,870,39,0.04482758620689655
7VUW,test,83.0,3535,41,0.011598302687411598
7VVR,test,83.0,3541,52,0.014685117198531489
7VWJ,train,768.0,3487,3,0.0008603383997705764
7VWL,train,668.0,4652,27,0.005803955288048152
7VXP,train,768.0,3542,1,0.000282326369282891
7VXS,train,668.0,4726,17,0.0035971223021582736
7VY0,test,676.0,818,1,0.0012224938875305623
7VY1,train,668.0,4652,12,0.0025795356835769563
7VY3,train,394.0,1838,49,0.02665941240478781
7VY5,test,676.0,942,1,0.0010615711252653928
7VY9,train,668.0,4726,20,0.004231908590774439
7VYA,train,768.0,3487,1,0.00028677946659019213
7VYE,train,668.0,4652,26,0.005588993981083405
7VYF,train,768.0,3542,1,0.000282326369282891
7VYG,train,668.0,4726,21,0.004443504020313161
7VYH,train,768.0,3487,5,0.0014338973329509608
7VYI,train,668.0,4652,10,0.0021496130696474634
7VYS,train,668.0,4727,29,0.006134969325153374
7VZ1,train,768.0,3487,3,0.0008603383997705764
7VZ8,train,668.0,4648,20,0.004302925989672977
7VZV,train,768.0,8268,15,0.00181422351233672
7VZW,train,768.0,8268,21,0.0025399129172714078
7W00,train,768.0,8139,12,0.001474382602285293
7W01,train,707.0,1598,1,0.0006257822277847309
7W0H,train,768.0,8139,13,0.0015972478191424008
7W0R,train,768.0,8268,20,0.0024189646831156266
7W0Y,train,768.0,8268,22,0.002660861151427189
7W1O,train,768.0,8139,14,0.0017201130359995086
7W1P,train,768.0,8139,20,0.002457304337142155
7W1T,train,768.0,8268,21,0.0025399129172714078
7W1U,train,768.0,8268,19,0.0022980164489598454
7W1V,train,768.0,8269,27,0.0032652074011367757
7W1Z,train,768.0,8269,27,0.0032652074011367757
7W20,train,768.0,8269,24,0.0029024065787882454
7W2B,train,415.0,2590,28,0.010810810810810811
7W2C,train,415.0,2590,5,0.0019305019305019305
7W2F,train,415.0,2583,24,0.009291521486643438
7W2G,train,415.0,2564,22,0.00858034321372855
7W2K,train,768.0,8139,18,0.0022115739034279398
7W2L,train,768.0,8139,18,0.0022115739034279398
7W2R,train,768.0,8269,21,0.0025396057564397146
7W2U,train,768.0,8269,25,0.0030233401862377555
7W2Y,train,768.0,8269,27,0.0032652074011367757
7W2Z,train,55.0,1154,2,0.0017331022530329288
7W31,train,768.0,8173,19,0.0023247277621436437
7W32,train,768.0,8173,18,0.0022023736693992414
7W35,train,768.0,8173,18,0.0022023736693992414
7W3E,test,83.0,3530,56,0.01586402266288952
7W4A,train,406.0,1244,1,0.0008038585209003215
7W4C,train,768.0,8269,24,0.0029024065787882454
7W4D,train,768.0,8269,20,0.0024186721489902045
7W4E,train,768.0,8269,19,0.0022977385415406944
7W4F,train,768.0,8269,21,0.0025396057564397146
7W4G,train,768.0,8269,21,0.0025396057564397146
7W4J,train,768.0,8139,16,0.001965843469713724
7W4K,train,768.0,8139,12,0.001474382602285293
7W4L,train,768.0,8139,18,0.0022115739034279398
7W4M,train,768.0,8139,11,0.0013515173854281852
7W4N,train,768.0,8139,16,0.001965843469713724
7W4Q,train,768.0,8139,14,0.0017201130359995086
7W74,train,106.0,452,5,0.011061946902654867
7W7H,train,719.0,1355,2,0.0014760147601476014
7W9K,train,650.0,1705,7,0.004105571847507331
7W9L,train,650.0,1712,11,0.006425233644859813
7W9M,train,650.0,1710,2,0.0011695906432748538
7W9P,train,650.0,1705,4,0.002346041055718475
7W9T,train,650.0,1709,5,0.002925687536571094
7WAG,test,354.0,522,7,0.013409961685823755
7WAW,test,354.0,496,3,0.006048387096774193
7WAX,test,354.0,510,3,0.0058823529411764705
7WC4,train,753.0,370,3,0.008108108108108109
7WC5,train,753.0,363,1,0.0027548209366391185
7WC6,train,753.0,355,4,0.011267605633802818
7WC7,train,753.0,358,1,0.002793296089385475
7WC8,train,753.0,360,6,0.016666666666666666
7WE4,train,806.0,1122,8,0.0071301247771836
7WEL,train,806.0,1102,10,0.009074410163339383
7WF7,train,55.0,1034,1,0.0009671179883945841
7WFF,train,668.0,4065,10,0.0024600246002460025
7WFR,train,806.0,1100,9,0.008181818181818182
7WFW,train,806.0,998,5,0.00501002004008016
7WGD,test,156.0,969,1,0.0010319917440660474
7WGL,train,522.0,513,17,0.03313840155945419
7WGN,train,522.0,261,2,0.007662835249042145
7WGT,test,156.0,969,3,0.0030959752321981426
7WJ3,train,625.0,379,3,0.0079155672823219
7WLD,train,766.0,2393,17,0.0071040534893439195
7WLF,val,601.0,584,9,0.015410958904109588
7WLI,train,637.0,1135,4,0.003524229074889868
7WLJ,train,637.0,1135,4,0.003524229074889868
7WLK,train,637.0,1135,3,0.0026431718061674008
7WLL,train,637.0,1135,2,0.001762114537444934
7WLM,val,427.0,603,3,0.004975124378109453
7WLT,train,801.0,4059,3,0.0007390983000739098
7WLV,test,645.0,6254,3,0.00047969299648225136
7WLW,test,156.0,969,1,0.0010319917440660474
7WM2,train,672.0,1878,1,0.0005324813631522897
7WOJ,val,601.0,567,8,0.014109347442680775
7WQ3,train,55.0,1160,2,0.0017241379310344827
7WSR,val,255.0,1200,2,0.0016666666666666668
7WST,val,255.0,1202,4,0.0033277870216306157
7WSU,val,255.0,1202,4,0.0033277870216306157
7WSW,train,672.0,1868,4,0.0021413276231263384
7WUA,train,87.0,2283,20,0.008760402978537012
7WYS,train,406.0,2630,15,0.005703422053231939
7WYT,train,406.0,2630,14,0.00532319391634981
7WYU,train,406.0,2652,10,0.003770739064856712
7WYV,train,406.0,2652,10,0.003770739064856712
7WYW,train,406.0,2652,8,0.0030165912518853697
7WYX,train,406.0,2652,8,0.0030165912518853697
7WYY,train,406.0,2652,8,0.0030165912518853697
7WYZ,train,406.0,2652,14,0.005279034690799397
7WZ0,train,406.0,2652,10,0.003770739064856712
7WZ9,val,601.0,581,3,0.0051635111876075735
7WZM,train,680.0,458,3,0.006550218340611353
7X21,train,406.0,1263,2,0.001583531274742676
7X22,train,406.0,1263,19,0.015043547110055424
7X24,train,406.0,1263,9,0.007125890736342043
7X2D,train,55.0,1032,1,0.0009689922480620155
7X6C,val,667.0,2700,4,0.0014814814814814814
7X6I,val,667.0,3968,12,0.0030241935483870967
7XBW,train,55.0,886,2,0.002257336343115124
7XBX,train,292.0,908,3,0.003303964757709251
7XEU,train,200.0,2456,4,0.0016286644951140066
7XK3,train,362.0,1894,4,0.0021119324181626186
7XK4,train,362.0,1894,2,0.0010559662090813093
7XK5,train,362.0,1894,1,0.0005279831045406547
7XK6,train,362.0,1919,3,0.001563314226159458
7XK7,train,362.0,1921,4,0.002082248828735034
7XKT,test,589.0,1992,96,0.04819277108433735
7XLQ,train,565.0,2436,7,0.0028735632183908046
7XMA,test,83.0,3531,40,0.011328235627301049
7XMB,test,83.0,3531,43,0.012177853299348626
7XMC,train,89.0,1197,5,0.004177109440267335
7XMD,train,89.0,1197,9,0.007518796992481203
7XQB,test,589.0,2424,171,0.07054455445544554
7XQD,test,589.0,2412,155,0.0642620232172471
7XQF,test,589.0,2412,133,0.05514096185737977
7XQG,test,589.0,1206,6,0.004975124378109453
7XQP,val,596.0,5075,16,0.0031527093596059115
7XR4,val,110.0,1278,3,0.002347417840375587
7XR6,val,110.0,1272,4,0.0031446540880503146
7XT8,train,55.0,1055,23,0.021800947867298578
7XT9,train,55.0,927,21,0.022653721682847898
7XTC,train,55.0,1038,2,0.0019267822736030828
7XUH,train,360.0,1414,2,0.0014144271570014145
7XUJ,train,360.0,1406,2,0.001422475106685633
7XVE,train,650.0,1569,10,0.006373486297004461
7XVF,train,650.0,1554,13,0.008365508365508366
7XW5,test,767.0,1522,3,0.0019710906701708277
7XW6,test,767.0,1550,52,0.03354838709677419
7XXF,val,708.0,2977,46,0.015451797111185758
7XZH,val,195.0,4379,6,0.0013701758392327015
7XZI,val,40.0,4770,6,0.0012578616352201257
7Y12,train,55.0,1109,3,0.002705139765554554
7Y13,train,361.0,264,5,0.01893939393939394
7Y14,train,361.0,264,2,0.007575757575757576
7Y15,train,55.0,1109,2,0.0018034265103697023
7Y2D,val,601.0,581,4,0.0068846815834767644
7Y3F,val,596.0,3158,8,0.00253324889170361
7Y44,test,83.0,3550,59,0.016619718309859154
7Y45,train,406.0,2654,12,0.00452147701582517
7Y46,train,406.0,2654,2,0.0007535795026375283
7Y48,test,95.0,567,1,0.001763668430335097
7Y5T,test,191.0,1314,2,0.0015220700152207
7Y5X,test,191.0,1216,3,0.0024671052631578946
7Y6I,train,80.0,938,9,0.009594882729211088
7Y7B,val,596.0,5082,15,0.0029515938606847697
7Y7M,test,676.0,1259,3,0.0023828435266084196
7Y8A,val,596.0,4518,15,0.0033200531208499337
7YAE,train,55.0,1145,1,0.0008733624454148472
7YCA,val,596.0,5631,20,0.003551767004084532
7YG5,train,565.0,2436,9,0.003694581280788177
7YKD,train,55.0,1133,3,0.00264783759929391
7YM8,val,468.0,556,1,0.0017985611510791368
7YMI,train,622.0,6610,12,0.001815431164901664
7YML,train,394.0,1839,30,0.01631321370309951
7YPY,test,83.0,3551,63,0.017741481272880878
7YQ2,train,622.0,5294,130,0.02455610124669437
7YQ7,train,622.0,5292,84,0.015873015873015872
7YRF,val,209.0,1167,2,0.001713796058269066
7YRH,val,209.0,1171,3,0.0025619128949615714
7YTB,val,633.0,507,4,0.007889546351084813
7YTJ,test,709.0,1574,4,0.0025412960609911056
7YXA,train,753.0,748,21,0.02807486631016043
7Z09,train,106.0,229,13,0.056768558951965066
7Z0A,train,106.0,229,11,0.048034934497816595
7Z0C,train,106.0,229,12,0.05240174672489083
7Z0D,train,106.0,229,12,0.05240174672489083
7Z0E,train,106.0,229,9,0.039301310043668124
7Z0S,train,240.0,2026,5,0.0024679170779861796
7Z3Z,val,651.0,3267,12,0.0036730945821854912
7Z57,val,601.0,581,3,0.0051635111876075735
7Z6Q,train,359.0,3956,11,0.002780586450960566
7Z8D,train,394.0,825,5,0.006060606060606061
7ZBC,train,365.0,607,3,0.004942339373970346
7ZBE,train,365.0,608,1,0.001644736842105263
7ZD6,train,768.0,8153,8,0.0009812339016313013
7ZDH,train,768.0,8220,7,0.0008515815085158151
7ZDJ,train,768.0,8153,1,0.00012265423770391266
7ZDM,train,768.0,8220,7,0.0008515815085158151
7ZDP,train,768.0,8153,1,0.00012265423770391266
7ZEB,train,768.0,8188,8,0.0009770395701025891
7ZGO,train,80.0,940,7,0.007446808510638298
7ZI0,train,387.0,1171,4,0.0034158838599487617
7ZJ8,test,120.0,1482,3,0.0020242914979757085
7ZK4,test,769.0,1176,2,0.0017006802721088435
7ZK5,test,769.0,1177,2,0.0016992353440951572
7ZK8,test,769.0,1181,2,0.001693480101608806
7ZKA,test,769.0,1177,5,0.004248088360237893
7ZKP,train,340.0,2447,9,0.0036779730281977932
7ZKQ,train,340.0,1497,7,0.004676018704074816
7ZL9,train,753.0,398,1,0.002512562814070352
7ZLY,train,753.0,394,2,0.005076142131979695
7ZM7,train,768.0,8383,51,0.006083740904210903
7ZM8,train,668.0,4424,46,0.010397830018083183
7ZMB,train,768.0,8348,44,0.005270723526593196
7ZME,train,668.0,4391,35,0.007970849464814394
7ZMG,train,768.0,8349,41,0.004910767756617559
7ZMH,train,668.0,4385,44,0.010034207525655644
7ZMY,train,488.0,661,9,0.01361573373676248
7ZN0,train,488.0,660,9,0.013636363636363636
7ZN3,train,488.0,657,12,0.0182648401826484
7ZN8,train,488.0,661,8,0.012102874432677761
7ZN9,train,488.0,660,9,0.013636363636363636
7ZNA,train,488.0,661,6,0.009077155824508321
7ZNB,train,488.0,660,9,0.013636363636363636
7ZNC,train,488.0,664,8,0.012048192771084338
7ZND,train,488.0,662,7,0.010574018126888218
7ZNE,train,488.0,660,6,0.00909090909090909
7ZNG,train,488.0,661,4,0.006051437216338881
7ZNH,train,488.0,661,5,0.007564296520423601
7ZNI,train,488.0,660,4,0.006060606060606061
7ZOU,train,106.0,223,3,0.013452914798206279
7ZOV,train,106.0,223,3,0.013452914798206279
7ZOW,train,106.0,223,3,0.013452914798206279
7ZP9,train,111.0,2802,57,0.020342612419700215
7ZPO,train,111.0,1932,4,0.002070393374741201
7ZRD,test,716.0,1451,2,0.0013783597518952446
7ZRE,test,716.0,1445,4,0.002768166089965398
7ZRG,test,716.0,1447,4,0.0027643400138217
7ZRH,test,716.0,1449,3,0.002070393374741201
7ZRI,test,716.0,1449,2,0.0013802622498274672
7ZRJ,test,716.0,1448,4,0.0027624309392265192
7ZRK,test,716.0,1448,3,0.0020718232044198894
7ZXN,test,589.0,1242,30,0.024154589371980676
7ZXY,train,226.0,1913,14,0.007318348144276007
7ZY3,train,106.0,237,5,0.02109704641350211
7ZYI,train,398.0,852,1,0.0011737089201877935
8A0U,train,439.0,832,4,0.004807692307692308
8A0V,train,439.0,837,6,0.007168458781362007
8A1T,train,362.0,1889,8,0.004235044997353097
8A1U,train,362.0,1898,11,0.005795574288724974
8A1V,train,362.0,1892,14,0.007399577167019027
8A1W,train,362.0,1908,15,0.007861635220125786
8A1X,train,362.0,1893,12,0.006339144215530904
8A1Y,train,362.0,1920,10,0.005208333333333333
8A26,train,590.0,289,12,0.04152249134948097
8A2O,val,699.0,386,3,0.007772020725388601
8A2P,val,699.0,386,6,0.015544041450777202
8A6C,train,365.0,608,1,0.001644736842105263
8A6D,train,365.0,607,1,0.0016474464579901153
8A6E,train,365.0,607,2,0.0032948929159802307
8A8R,train,439.0,484,4,0.008264462809917356
8A9Q,val,601.0,1164,8,0.006872852233676976
8AB6,train,463.0,3878,59,0.015214027849406911
8AB7,train,463.0,4124,53,0.012851600387972843
8AB8,train,463.0,3997,50,0.012509382036527395
8AB9,train,463.0,3999,55,0.013753438359589898
8ABA,train,463.0,3999,50,0.012503125781445362
8ABB,train,463.0,3999,51,0.012753188297074268
8ABE,train,463.0,3999,51,0.012753188297074268
8ABF,train,463.0,3999,54,0.01350337584396099
8ABG,train,463.0,3999,49,0.012253063265816454
8ABH,train,463.0,3999,50,0.012503125781445362
8ABI,train,463.0,3999,50,0.012503125781445362
8ABJ,train,463.0,3999,47,0.011752938234558639
8ABK,train,463.0,3997,60,0.015011258443832875
8ABL,train,463.0,3878,52,0.013408973697782363
8ABM,train,463.0,3999,51,0.012753188297074268
8AC3,train,463.0,3999,52,0.013003250812703177
8AC4,train,463.0,3999,54,0.01350337584396099
8AC5,train,463.0,3997,47,0.011758819114335751
8ACW,train,572.0,1834,12,0.006543075245365322
8ACY,train,572.0,1839,9,0.004893964110929853
8AD0,train,572.0,1839,12,0.0065252854812398045
8AHX,train,258.0,1608,6,0.0037313432835820895
8AJZ,test,617.0,752,4,0.005319148936170213
8AM5,val,596.0,3194,7,0.0021916092673763305
8AP7,val,591.0,4074,389,0.09548355424644084
8APY,train,38.0,325,6,0.018461538461538463
8AQ2,train,789.0,520,6,0.011538461538461539
8AQ3,train,789.0,508,1,0.001968503937007874
8AQ4,train,789.0,509,1,0.0019646365422396855
8ASI,test,194.0,1789,20,0.011179429849077696
8ASJ,test,194.0,1789,11,0.006148686416992733
8ASL,val,596.0,3198,8,0.0025015634771732333
8ASP,val,596.0,2230,8,0.003587443946188341
8AT5,test,676.0,828,6,0.007246376811594203
8ATG,test,621.0,1555,40,0.02572347266881029
8AW5,train,112.0,798,10,0.012531328320802004
8AYL,train,113.0,1998,52,0.026026026026026026
8AYM,train,113.0,2008,5,0.00249003984063745
8AYN,train,113.0,1998,3,0.0015015015015015015
8AYO,train,113.0,1962,4,0.0020387359836901123
8AYZ,val,209.0,802,1,0.0012468827930174563
8B01,train,681.0,684,2,0.0029239766081871343
8B0L,train,789.0,510,2,0.00392156862745098
8B17,val,122.0,581,3,0.0051635111876075735
8B19,val,122.0,581,1,0.0017211703958691911
8B1A,val,122.0,580,1,0.0017241379310344827
8B1B,val,122.0,580,1,0.0017241379310344827
8B1C,val,122.0,581,2,0.0034423407917383822
8B1D,val,122.0,581,2,0.0034423407917383822
8B1E,val,122.0,580,1,0.0017241379310344827
8B1F,val,122.0,580,2,0.0034482758620689655
8B1G,val,122.0,580,3,0.005172413793103448
8B1H,val,122.0,580,1,0.0017241379310344827
8B1I,val,122.0,580,1,0.0017241379310344827
8B1J,val,122.0,580,1,0.0017241379310344827
8B1K,val,122.0,580,1,0.0017241379310344827
8B21,train,14.0,1429,4,0.0027991602519244225
8B6J,train,426.0,5313,294,0.05533596837944664
8B70,test,366.0,1144,4,0.0034965034965034965
8B9Z,train,768.0,8177,7,0.0008560596795890913
8BA0,train,768.0,8135,4,0.0004917025199754148
8BCV,val,596.0,3258,5,0.001534683855125844
8BCW,val,596.0,2029,3,0.0014785608674223755
8BDC,train,457.0,3852,4,0.0010384215991692627
8BEF,val,236.0,3167,16,0.0050520997789706345
8BEH,train,668.0,1589,1,0.0006293266205160479
8BEL,test,194.0,2054,19,0.009250243427458617
8BHG,test,621.0,1675,34,0.020298507462686566
8BHT,test,717.0,1138,1,0.0008787346221441124
8BJF,train,308.0,1195,3,0.002510460251046025
8BLP,test,330.0,1065,18,0.016901408450704224
8BW1,train,197.0,6346,4,0.0006303183107469272
8BZY,train,392.0,549,1,0.0018214936247723133
8C17,train,439.0,232,1,0.004310344827586207
8C1L,train,51.0,446,5,0.011210762331838564
8C1P,train,113.0,2300,12,0.0052173913043478265
8C1Q,train,113.0,2315,8,0.0034557235421166306
8C1R,train,113.0,2331,8,0.003432003432003432
8C1S,train,293.0,1318,8,0.006069802731411229
8C29,train,622.0,6772,24,0.0035440047253396337
8C2H,train,293.0,1238,13,0.01050080775444265
8C2I,train,293.0,1259,14,0.011119936457505957
8C2S,train,768.0,7790,8,0.0010269576379974327
8C3F,train,394.0,822,6,0.0072992700729927005
8C44,train,720.0,623,3,0.004815409309791332
8C5X,train,394.0,823,7,0.00850546780072904
8C6K,train,394.0,823,6,0.007290400972053463
8C7C,train,394.0,833,3,0.003601440576230492
8C87,train,394.0,823,14,0.01701093560145808
8C88,train,394.0,826,8,0.009685230024213076
8C9W,val,699.0,387,19,0.04909560723514212
8CA3,train,768.0,7790,10,0.0012836970474967907
8CA5,train,768.0,7843,10,0.0012750223128904757
8CIC,val,699.0,386,11,0.02849740932642487
8CKS,val,601.0,585,6,0.010256410256410256
8CMO,val,596.0,4259,26,0.0061047194177036865
8CRQ,test,467.0,1114,2,0.0017953321364452424
8CRR,test,467.0,1114,2,0.0017953321364452424
8CRT,test,467.0,2305,2,0.0008676789587852494
8CSX,train,451.0,1158,2,0.0017271157167530224
8CT2,train,678.0,984,8,0.008130081300813009
8CT3,test,467.0,1114,2,0.0017953321364452424
8CTE,train,47.0,4980,12,0.0024096385542168677
8CU6,val,699.0,393,14,0.035623409669211195
8CU7,val,699.0,396,16,0.04040404040404041
8CXO,val,682.0,551,1,0.0018148820326678765
8D2S,train,123.0,879,10,0.011376564277588168
8D2T,train,123.0,864,3,0.003472222222222222
8D2U,train,123.0,864,7,0.008101851851851851
8D2V,train,123.0,864,2,0.0023148148148148147
8D2W,train,123.0,864,9,0.010416666666666666
8D2X,train,123.0,864,3,0.003472222222222222
8D2Y,test,294.0,460,4,0.008695652173913044
8D4I,test,294.0,922,12,0.013015184381778741
8D4T,test,83.0,1736,7,0.004032258064516129
8D8P,train,121.0,840,6,0.007142857142857143
8DE3,test,156.0,767,5,0.00651890482398957
8DE4,test,156.0,767,4,0.005215123859191656
8DE7,test,803.0,526,1,0.0019011406844106464
8DEU,test,645.0,3130,18,0.005750798722044728
8DEV,test,645.0,3125,8,0.00256
8DEW,test,645.0,3172,31,0.009773013871374527
8DJK,train,256.0,870,1,0.0011494252873563218
8DJM,train,256.0,862,3,0.0034802784222737818
8DL7,train,392.0,904,1,0.0011061946902654867
8DPF,train,55.0,1093,2,0.0018298261665141812
8DPG,train,55.0,1093,8,0.007319304666056725
8DPH,train,55.0,1093,2,0.0018298261665141812
8DPI,train,55.0,1093,1,0.0009149130832570906
8DR8,val,270.0,1878,9,0.004792332268370607
8DRE,val,195.0,3069,9,0.002932551319648094
8DRK,val,270.0,1901,9,0.004734350341925302
8DS3,val,195.0,3888,9,0.0023148148148148147
8DS9,val,270.0,1418,2,0.0014104372355430183
8DSA,val,270.0,1418,2,0.0014104372355430183
8DU3,val,699.0,390,7,0.017948717948717947
8E1M,train,393.0,760,7,0.009210526315789473
8E2X,test,676.0,842,1,0.0011876484560570072
8E38,test,676.0,842,2,0.0023752969121140144
8E4P,train,457.0,3596,24,0.006674082313681869
8E5S,train,551.0,392,15,0.03826530612244898
8E5V,train,551.0,392,19,0.04846938775510204
8E5W,train,710.0,470,7,0.014893617021276596
8E60,train,551.0,393,10,0.02544529262086514
8E6H,train,551.0,392,15,0.03826530612244898
8E6I,train,551.0,392,16,0.04081632653061224
8E6L,train,551.0,385,7,0.01818181818181818
8E6M,train,551.0,388,15,0.03865979381443299
8E6N,train,551.0,398,6,0.01507537688442211
8E7S,test,83.0,7618,14,0.0018377526909950119
8E7W,train,435.0,462,11,0.023809523809523808
8E7X,train,435.0,462,1,0.0021645021645021645
8E7Y,train,435.0,314,3,0.009554140127388535
8E7Z,train,435.0,460,5,0.010869565217391304
8E8R,test,676.0,1068,2,0.0018726591760299626
8E8S,test,676.0,1059,2,0.0018885741265344666
8E8X,test,676.0,1066,2,0.001876172607879925
8E9Z,train,55.0,1129,1,0.0008857395925597874
8EF6,train,55.0,1439,2,0.001389854065323141
8EFJ,val,526.0,348,12,0.034482758620689655
8EFO,train,55.0,1441,3,0.002081887578070784
8EG3,train,669.0,553,2,0.003616636528028933
8EIG,val,549.0,1141,1,0.0008764241893076249
8EN9,test,483.0,304,12,0.039473684210526314
8EPL,train,565.0,2546,2,0.0007855459544383347
8EQJ,val,469.0,384,4,0.010416666666666666
8EQM,train,622.0,4678,22,0.00470286447199658
8EQS,val,469.0,438,2,0.0045662100456621
8EQT,val,469.0,382,2,0.005235602094240838
8EQU,val,469.0,542,2,0.0036900369003690036
8ES7,train,341.0,1080,1,0.000925925925925926
8ES8,train,341.0,1464,1,0.0006830601092896175
8ES9,train,341.0,1459,1,0.0006854009595613434
8ESK,test,74.0,2030,24,0.011822660098522168
8ESV,val,711.0,933,4,0.004287245444801715
8EW4,val,601.0,584,15,0.025684931506849314
8EW7,val,601.0,583,2,0.003430531732418525
8EX4,train,573.0,417,1,0.002398081534772182
8EX6,train,573.0,416,1,0.002403846153846154
8EY5,val,601.0,584,8,0.0136986301369863
8EZ5,train,622.0,5302,22,0.004149377593360996
8F0J,val,81.0,1157,2,0.001728608470181504
8F0K,val,81.0,1272,2,0.0015723270440251573
8F0P,train,806.0,1116,9,0.008064516129032258
8F0Q,train,806.0,1114,10,0.008976660682226212
8F0R,train,806.0,1114,4,0.003590664272890485
8F0S,train,806.0,1158,2,0.0017271157167530224
8F1C,train,661.0,1576,4,0.0025380710659898475
8F2B,val,81.0,1273,5,0.003927729772191673
8F2S,test,74.0,2023,2,0.0009886307464162135
8F4C,train,622.0,5302,19,0.0035835533760844966
8F4D,train,622.0,5302,19,0.0035835533760844966
8F4E,train,622.0,5302,21,0.003960769520935496
8F4F,train,622.0,5302,20,0.003772161448509996
8F4G,train,622.0,5302,16,0.003017729158807997
8F4H,train,622.0,5302,21,0.003960769520935496
8F4I,train,622.0,5302,19,0.0035835533760844966
8F4J,train,622.0,5302,16,0.003017729158807997
8F4K,train,622.0,5302,18,0.0033949453036589967
8F6P,train,806.0,1091,44,0.04032997250229148
8F6Y,test,74.0,2022,2,0.0009891196834817012
8F6Z,test,74.0,2015,2,0.0009925558312655087
8F79,val,195.0,3882,1,0.00025759917568263783
8F7B,val,270.0,1894,1,0.0005279831045406547
8F7Q,train,55.0,1484,3,0.0020215633423180594
8F7R,train,55.0,1443,2,0.001386001386001386
8FC8,train,200.0,2468,24,0.009724473257698542
8FCA,train,200.0,2400,15,0.00625
8FCB,train,200.0,3228,40,0.012391573729863693
8FD7,train,565.0,2416,2,0.0008278145695364238
8FE1,test,621.0,1772,1,0.000564334085778781
8FFN,train,200.0,2408,8,0.0033222591362126247
8FHC,val,721.0,428,2,0.004672897196261682
8FHD,train,650.0,1467,1,0.0006816632583503749
8FHH,train,200.0,2424,16,0.006600660066006601
8FHI,train,200.0,2440,12,0.004918032786885246
8FHK,train,48.0,1219,52,0.04265791632485644
8FMV,train,48.0,1234,99,0.08022690437601297
8FOA,train,200.0,2448,27,0.011029411764705883
8FOB,train,200.0,2376,19,0.007996632996632997
8FPF,train,48.0,1224,57,0.04656862745098039
8FRL,val,602.0,1131,2,0.0017683465959328027
8FRN,val,602.0,1063,4,0.0037629350893697085
8FT4,train,644.0,508,2,0.003937007874015748
8FWS,train,113.0,1680,7,0.004166666666666667
8FWU,train,113.0,1680,8,0.004761904761904762
8FWW,train,113.0,1680,6,0.0035714285714285713
8FY8,train,55.0,914,2,0.002188183807439825
8FYE,train,55.0,914,1,0.0010940919037199124
8FYL,train,55.0,914,3,0.0032822757111597373
8FYN,val,699.0,390,58,0.14871794871794872
8FYT,train,55.0,914,6,0.006564551422319475
8FYX,train,55.0,914,2,0.002188183807439825
8G1A,train,650.0,1574,3,0.0019059720457433292
8G52,val,342.0,558,21,0.03763440860215054
8G8W,train,124.0,902,4,0.004434589800443459
8GBT,test,83.0,3550,28,0.007887323943661971
8GCQ,test,83.0,3550,41,0.011549295774647887
8GEW,val,298.0,132,5,0.03787878787878788
8GF8,train,200.0,2520,251,0.0996031746031746
8GF9,train,200.0,2092,220,0.10516252390057361
8GFA,train,200.0,2124,215,0.1012241054613936
8GHF,val,725.0,3568,25,0.007006726457399103
8GHT,test,363.0,608,4,0.006578947368421052
8GI8,test,41.0,240,1,0.004166666666666667
8GI9,test,41.0,240,3,0.0125
8GKA,train,200.0,2500,45,0.018
8GMP,train,502.0,1728,40,0.023148148148148147
8GMQ,train,502.0,1872,16,0.008547008547008548
8GMR,train,502.0,1712,8,0.004672897196261682
8GN0,train,622.0,5210,118,0.022648752399232246
8GN1,train,622.0,5274,120,0.022753128555176336
8GN2,train,622.0,5272,74,0.014036418816388467
8GNE,val,699.0,391,11,0.028132992327365727
8GNG,val,468.0,1440,12,0.008333333333333333
8GNK,test,156.0,751,2,0.002663115845539281
8GRS,train,45.0,626,2,0.003194888178913738
8GTI,test,670.0,423,10,0.02364066193853428
8GTR,train,132.0,2156,7,0.003246753246753247
8GVH,train,47.0,1576,1,0.0006345177664974619
8GVM,test,83.0,3550,50,0.014084507042253521
8GVW,val,667.0,2684,8,0.0029806259314456036
8GVX,val,667.0,3964,12,0.0030272452068617556
8GW6,val,646.0,1101,15,0.013623978201634877
8GW7,val,646.0,945,18,0.01904761904761905
8GYO,train,132.0,2337,1,0.0004278990158322636
8GYX,test,674.0,760,2,0.002631578947368421
8GYZ,train,39.0,427,2,0.00468384074941452
8H0B,train,559.0,771,4,0.005188067444876783
8H0O,val,601.0,583,5,0.008576329331046312
8H2U,val,596.0,3881,10,0.002576655501159495
8H5E,train,399.0,356,1,0.0028089887640449437
8H86,test,41.0,255,1,0.00392156862745098
8H87,test,41.0,259,4,0.015444015444015444
8H8J,train,55.0,1139,1,0.000877963125548727
8H8R,test,83.0,3470,58,0.016714697406340056
8H8S,test,83.0,3470,62,0.017867435158501442
8H9F,train,595.0,1596,6,0.0037593984962406013
8H9O,test,523.0,225,2,0.008888888888888889
8H9W,test,523.0,218,2,0.009174311926605505
8H9X,test,523.0,222,1,0.0045045045045045045
8H9Y,test,523.0,227,2,0.00881057268722467
8HA0,val,81.0,1155,8,0.006926406926406926
8HA1,test,523.0,221,2,0.00904977375565611
8HA2,test,523.0,218,2,0.009174311926605505
8HAF,val,81.0,1167,4,0.003427592116538132
8HBV,val,603.0,414,10,0.024154589371980676
8HBW,val,603.0,414,8,0.01932367149758454
8HDF,train,87.0,539,2,0.0037105751391465678
8HDO,train,55.0,1028,8,0.007782101167315175
8HDP,train,55.0,1041,2,0.0019212295869356388
8HF3,train,470.0,419,6,0.014319809069212411
8HF8,train,522.0,521,14,0.026871401151631478
8HFC,train,470.0,498,1,0.002008032128514056
8HGZ,test,277.0,200,4,0.02
8HJU,train,88.0,2330,14,0.006008583690987125
8HJV,train,394.0,2265,5,0.002207505518763797
8HK2,train,55.0,1212,1,0.0008250825082508251
8HK5,train,55.0,967,1,0.001034126163391934
8HKJ,val,125.0,4996,3,0.0006004803843074459
8HLV,val,427.0,669,3,0.004484304932735426
8HNL,train,55.0,1135,1,0.000881057268722467
8HNM,train,55.0,1117,1,0.0008952551477170994
8HPD,val,427.0,651,2,0.0030721966205837174
8HQ8,val,427.0,1337,9,0.006731488406881077
8HSI,test,144.0,405,6,0.014814814814814815
8HTU,val,596.0,5088,14,0.002751572327044025
8HUA,test,617.0,752,3,0.003989361702127659
8I2G,test,767.0,1540,43,0.02792207792207792
8I35,train,476.0,3168,48,0.015151515151515152
8I41,test,621.0,1565,5,0.003194888178913738
8I42,test,621.0,1560,10,0.00641025641025641
8I47,test,621.0,1560,20,0.01282051282051282
8I48,test,621.0,1560,20,0.01282051282051282
8I5B,train,650.0,1563,7,0.004478566858605247
8I5G,train,650.0,1565,4,0.0025559105431309905
8I5X,train,650.0,1565,12,0.0076677316293929714
8I5Y,train,650.0,1565,6,0.0038338658146964857
8I6M,train,476.0,3168,18,0.005681818181818182
8I6V,test,709.0,1594,2,0.0012547051442910915
8I8E,train,476.0,3606,24,0.0066555740432612314
8IAP,train,768.0,4261,6,0.0014081201595869514
8IAQ,train,668.0,3846,9,0.00234009360374415
8IB5,train,768.0,4182,11,0.0026303204208512673
8IB6,train,668.0,3817,10,0.0026198585276395073
8IBA,train,768.0,4194,12,0.002861230329041488
8IBB,train,668.0,3815,9,0.00235910878112713
8IBE,train,768.0,4227,9,0.0021291696238466998
8IBF,train,668.0,3836,6,0.0015641293013555788
8IC3,train,768.0,4194,11,0.0026227944682880307
8IC4,train,668.0,3804,12,0.0031545741324921135
8ID6,train,55.0,1139,2,0.001755926251097454
8IJL,train,406.0,1248,8,0.00641025641025641
8IJM,train,406.0,1248,2,0.0016025641025641025
8IJN,test,83.0,3550,49,0.01380281690140845
8IJV,train,406.0,1250,8,0.0064
8IJW,train,406.0,1250,4,0.0032
8IJX,train,406.0,1250,10,0.008
8IM7,test,191.0,1289,1,0.0007757951900698216
8IMX,train,766.0,2402,4,0.0016652789342214821
8IMY,train,766.0,2393,11,0.00459674049310489
8IOG,train,463.0,4181,3,0.0007175316909830184
8IPZ,test,277.0,200,5,0.025
8IR5,train,622.0,5283,37,0.007003596441415862
8IR6,train,622.0,5283,39,0.0073821692220329355
8IR7,train,622.0,5283,38,0.007192882831724399
8IR8,train,622.0,5283,35,0.006625023660798789
8IR9,train,622.0,5283,37,0.007003596441415862
8IRA,train,622.0,5283,38,0.007192882831724399
8IRB,train,622.0,5283,38,0.007192882831724399
8IRC,train,622.0,5283,41,0.00776074200265001
8IRD,train,622.0,5283,39,0.0073821692220329355
8IRE,train,622.0,5283,36,0.0068143100511073255
8IRF,train,622.0,5283,34,0.006435737270490252
8IRG,train,622.0,5283,37,0.007003596441415862
8IRH,train,622.0,5283,39,0.0073821692220329355
8IRI,train,622.0,5283,36,0.0068143100511073255
8IRR,train,55.0,1032,13,0.012596899224806201
8IRU,train,55.0,1123,36,0.032056990204808546
8IRV,train,55.0,912,46,0.05043859649122807
8IS0,test,395.0,750,4,0.005333333333333333
8ISM,val,601.0,581,4,0.0068846815834767644
8ITT,val,601.0,1158,13,0.011226252158894647
8IU0,test,41.0,255,1,0.00392156862745098
8IUG,train,88.0,2356,11,0.00466893039049236
8IUN,train,88.0,2318,15,0.0064710957722174285
8IVL,val,298.0,134,2,0.014925373134328358
8IWH,train,622.0,7531,9,0.001195060416943301
8IWX,val,427.0,654,3,0.0045871559633027525
8IWY,val,427.0,654,2,0.0030581039755351682
8IWZ,val,427.0,654,2,0.0030581039755351682
8IX0,val,427.0,654,1,0.0015290519877675841
8IX1,val,427.0,654,4,0.0061162079510703364
8IX2,val,427.0,654,1,0.0015290519877675841
8IXN,train,801.0,4050,8,0.0019753086419753087
8IXO,train,801.0,4185,9,0.002150537634408602
8IZB,train,55.0,1046,1,0.0009560229445506692
8J0D,val,427.0,711,1,0.0014064697609001407
8J0J,val,646.0,1131,18,0.015915119363395226
8J1E,val,646.0,954,12,0.012578616352201259
8J1N,val,603.0,414,12,0.028985507246376812
8J4C,train,68.0,816,14,0.01715686274509804
8J4F,train,650.0,1446,5,0.003457814661134163
8J5K,train,622.0,7302,10,0.001369487811558477
8J5O,train,88.0,2318,6,0.0025884383088869713
8J5P,train,88.0,2331,2,0.000858000858000858
8J5Z,test,581.0,3056,7,0.0022905759162303663
8J6M,val,198.0,1282,11,0.00858034321372855
8J6Z,val,596.0,3963,8,0.0020186727226848347
8J7A,val,596.0,3121,4,0.001281640499839795
8J7B,val,596.0,3213,6,0.0018674136321195146
8J7F,train,396.0,1176,4,0.003401360544217687
8J7M,train,396.0,1028,10,0.009727626459143969
8J8E,val,601.0,1162,12,0.010327022375215147
8JBK,train,406.0,2641,12,0.004543733434305188
8JBL,train,406.0,2640,13,0.004924242424242424
8JBM,train,406.0,2640,11,0.004166666666666667
8JC0,test,114.0,589,2,0.003395585738539898
8JC8,train,400.0,1398,17,0.012160228898426323
8JC9,train,400.0,1307,27,0.020657995409334353
8JD0,val,145.0,1532,1,0.0006527415143603133
8JD1,val,145.0,1508,1,0.000663129973474801
8JD3,val,145.0,2148,1,0.0004655493482309125
8JD5,val,145.0,2389,2,0.0008371703641691084
8JD9,train,722.0,1870,6,0.0032085561497326204
8JEM,val,241.0,1674,20,0.011947431302270013
8JES,val,241.0,1674,18,0.010752688172043012
8JEW,train,802.0,512,5,0.009765625
8JEZ,train,802.0,513,5,0.009746588693957114
8JF1,train,802.0,513,5,0.009746588693957114
8JF2,val,241.0,1990,11,0.005527638190954774
8JFZ,train,406.0,2642,15,0.005677517032551098
8JIM,train,55.0,1144,1,0.0008741258741258741
8JJ3,test,621.0,1560,22,0.014102564102564103
8JJR,val,596.0,5073,13,0.002562586240883107
8JKV,test,311.0,1054,6,0.0056925996204933585
8JL1,test,311.0,1054,2,0.0018975332068311196
8JL3,test,311.0,1054,6,0.0056925996204933585
8JL4,test,311.0,1066,4,0.00375234521575985
8JMN,train,406.0,1250,10,0.008
8JQR,train,200.0,2124,3,0.0014124293785310734
8JT6,train,55.0,1100,23,0.02090909090909091
8JT8,train,753.0,355,5,0.014084507042253521
8JUN,val,198.0,1356,4,0.0029498525073746312
8JW0,val,596.0,5585,4,0.0007162041181736795
8JWY,val,699.0,448,12,0.026785714285714284
8JWZ,val,699.0,450,13,0.028888888888888888
8JXQ,train,308.0,1388,2,0.001440922190201729
8JZE,val,596.0,4960,2,0.0004032258064516129
8JZF,val,596.0,4640,2,0.0004310344827586207
8JZN,train,712.0,1489,7,0.0047011417058428475
8JZS,train,42.0,972,10,0.0102880658436214
8JZX,train,42.0,910,9,0.00989010989010989
8K1M,train,574.0,951,2,0.002103049421661409
8K1N,train,574.0,952,1,0.0010504201680672268
8K1O,train,574.0,937,4,0.004268943436499467
8K1P,train,574.0,934,1,0.0010706638115631692
8K1Q,test,803.0,484,4,0.008264462809917356
8K1R,train,68.0,814,12,0.014742014742014743
8K1V,test,803.0,484,1,0.002066115702479339
8K1Y,val,601.0,582,10,0.01718213058419244
8K2W,val,428.0,386,1,0.0025906735751295338
8K3P,train,82.0,1320,6,0.004545454545454545
8K3Q,train,82.0,1448,4,0.0027624309392265192
8K3R,train,82.0,1404,4,0.002849002849002849
8K3T,train,82.0,1254,8,0.006379585326953748
8K3U,train,82.0,1194,2,0.0016750418760469012
8K3V,train,82.0,1400,4,0.002857142857142857
8K3W,train,82.0,1388,4,0.002881844380403458
8K65,test,617.0,752,5,0.006648936170212766
8K66,test,312.0,886,17,0.019187358916478554
8K69,test,312.0,916,32,0.034934497816593885
8K6Y,test,617.0,752,5,0.006648936170212766
8K9Q,val,199.0,927,2,0.002157497303128371
8K9R,val,199.0,962,3,0.0031185031185031187
8K9T,val,199.0,965,2,0.002072538860103627
8KCO,test,191.0,1313,2,0.0015232292460015233
8KCP,test,191.0,1313,2,0.0015232292460015233
8KCS,test,191.0,1313,1,0.0007616146230007616
8KCT,test,191.0,1313,2,0.0015232292460015233
8KCU,test,191.0,1313,3,0.002284843869002285
8KCW,val,198.0,1252,4,0.003194888178913738
8KDE,train,622.0,2344,9,0.0038395904436860067
8KDH,test,43.0,506,1,0.001976284584980237
8KDJ,test,43.0,499,2,0.004008016032064128
8KH4,train,55.0,1001,1,0.000999000999000999
8KH5,train,55.0,1030,2,0.001941747572815534
8OLT,train,768.0,8202,19,0.002316508168739332
8OM1,train,768.0,8234,35,0.004250667962108331
8OMZ,train,804.0,1072,6,0.005597014925373134
8ONT,train,551.0,558,5,0.008960573476702509
8OO1,train,804.0,1068,2,0.0018726591760299626
8OQZ,test,191.0,1316,3,0.0022796352583586625
8OUD,val,110.0,1596,2,0.0012531328320802004
8OUO,train,367.0,1273,3,0.002356637863315004
8OVC,test,83.0,5551,31,0.005584579355071158
8OVD,test,83.0,5532,44,0.007953723788864787
8OX9,train,604.0,1411,3,0.002126151665485471
8OXB,train,604.0,1363,1,0.0007336757153338225
8OYF,test,527.0,310,6,0.01935483870967742
8OYI,train,449.0,2577,78,0.030267753201396973
8OZP,train,671.0,2627,10,0.003806623524933384
8P0M,train,439.0,828,2,0.0024154589371980675
8P3Q,train,113.0,2299,7,0.003044802087864289
8P3S,train,113.0,2316,7,0.0030224525043177895
8P3W,train,113.0,2251,15,0.006663705019991115
8PD0,test,472.0,880,2,0.0022727272727272726
8PDA,test,472.0,973,2,0.0020554984583761563
8PEE,test,769.0,1157,1,0.000864304235090752
8PG0,train,683.0,737,2,0.0027137042062415195
8PIV,train,113.0,2293,8,0.0034888791975577847
8PJK,train,55.0,902,3,0.0033259423503325942
8PM6,test,560.0,872,6,0.006880733944954129
8PMJ,test,769.0,1133,2,0.00176522506619594
8POJ,train,439.0,398,1,0.002512562814070352
8PON,train,439.0,408,1,0.0024509803921568627
8PS0,train,364.0,744,2,0.002688172043010753
8PUY,train,439.0,406,1,0.0024630541871921183
8PWN,val,699.0,389,8,0.02056555269922879
8PXO,test,717.0,1581,1,0.0006325110689437065
8PY4,test,717.0,1582,2,0.0012642225031605564
8PYZ,train,155.0,1038,9,0.008670520231213872
8PZ4,val,652.0,466,4,0.008583690987124463
8Q0A,train,768.0,8271,43,0.005198887679845243
8Q0F,train,768.0,8228,36,0.004375303840544483
8Q0J,train,768.0,7990,13,0.0016270337922403004
8Q0M,train,768.0,8271,47,0.0056825051384354975
8Q0O,train,768.0,8228,42,0.005104521147301896
8Q0Q,train,768.0,7990,21,0.0026282853566958696
8Q1B,test,83.0,5948,8,0.0013449899125756557
8Q1P,train,768.0,8228,41,0.004982984929508993
8Q1U,train,768.0,8259,28,0.003390240949267466
8Q1Y,train,768.0,8228,36,0.004375303840544483
8Q25,train,768.0,8257,44,0.005328811917161197
8Q26,test,225.0,802,2,0.0024937655860349127
8Q2P,train,789.0,510,3,0.0058823529411764705
8Q2Z,test,225.0,801,2,0.0024968789013732834
8Q3S,test,225.0,797,2,0.002509410288582183
8Q3T,test,225.0,806,2,0.0024813895781637717
8Q45,train,768.0,8278,56,0.0067649190625755015
8Q46,train,768.0,8228,34,0.004132231404958678
8Q47,train,768.0,8259,35,0.004237801186584332
8Q48,train,768.0,8271,49,0.005924313867730625
8Q49,train,768.0,8228,43,0.005226057365094798
8Q4A,train,768.0,8257,42,0.005086593193653869
8Q7B,test,717.0,1582,1,0.0006321112515802782
8Q9Z,test,589.0,2316,1,0.0004317789291882556
8QA1,test,589.0,2190,13,0.005936073059360731
8QA2,test,589.0,2260,4,0.0017699115044247787
8QA3,test,589.0,2226,4,0.0017969451931716084
8QB4,val,110.0,412,12,0.02912621359223301
8QB5,val,110.0,406,9,0.022167487684729065
8QBY,train,768.0,5131,4,0.0007795751315533034
8QC1,train,668.0,1118,1,0.0008944543828264759
8QCM,test,717.0,1582,3,0.0018963337547408343
8QEB,val,592.0,1098,20,0.018214936247723135
8QEC,val,592.0,1101,22,0.019981834695731154
8QED,val,592.0,1101,17,0.015440508628519528
8QEE,train,368.0,823,8,0.009720534629404616
8QJ3,test,257.0,800,1,0.00125
8QJF,test,589.0,2352,1,0.00042517006802721087
8QKI,test,589.0,1242,6,0.004830917874396135
8QLE,val,633.0,271,1,0.0036900369003690036
8QLF,val,633.0,271,1,0.0036900369003690036
8QQK,train,89.0,1227,7,0.0057049714751426246
8QQZ,val,633.0,1350,10,0.007407407407407408
8QR0,val,633.0,1355,9,0.006642066420664207
8QSK,train,42.0,1046,9,0.008604206500956023
8QSL,train,42.0,1046,9,0.008604206500956023
8QUC,train,661.0,1580,4,0.002531645569620253
8QUD,train,661.0,1580,4,0.002531645569620253
8QVN,test,589.0,2256,12,0.005319148936170213
8QYD,test,397.0,1892,5,0.002642706131078224
8QYH,test,397.0,1837,10,0.005443658138268917
8QYK,test,397.0,1817,5,0.00275178866263071
8QYY,test,126.0,1717,5,0.0029120559114735
8QZ4,test,803.0,733,6,0.008185538881309686
8QZ6,test,659.0,906,6,0.006622516556291391
8QZ7,test,659.0,914,6,0.006564551422319475
8R0M,val,653.0,1410,10,0.0070921985815602835
8R0N,val,653.0,1415,10,0.007067137809187279
8R0O,val,653.0,1415,5,0.0035335689045936395
8R2I,train,622.0,1923,3,0.0015600624024961
8R2V,test,52.0,638,5,0.007836990595611285
8R2W,test,52.0,580,4,0.006896551724137931
8R2X,test,52.0,554,1,0.0018050541516245488
8R96,val,653.0,1440,1,0.0006944444444444445
8R97,val,653.0,2874,3,0.0010438413361169101
8RB8,train,258.0,1605,6,0.003738317757009346
8RB9,train,258.0,1605,8,0.004984423676012461
8RBM,train,258.0,1425,7,0.004912280701754386
8RBQ,train,258.0,1561,3,0.0019218449711723255
8RCO,val,601.0,1164,96,0.08247422680412371
8RCP,val,601.0,1164,111,0.09536082474226804
8RCR,train,578.0,2420,41,0.016942148760330577
8RGK,val,601.0,1164,96,0.08247422680412371
8RGL,val,601.0,1164,92,0.07903780068728522
8RGP,train,768.0,8211,18,0.0021921812203142127
8RGQ,train,768.0,8141,18,0.0022110305859231053
8RGR,train,768.0,8225,23,0.0027963525835866263
8RGT,train,768.0,8141,18,0.0022110305859231053
8RL7,train,573.0,1100,9,0.008181818181818182
8RL8,train,573.0,421,8,0.019002375296912115
8RLC,train,573.0,866,7,0.008083140877598153
8RLD,train,573.0,422,6,0.014218009478672985
8RMK,train,684.0,4521,22,0.004866180048661801
8RMM,train,684.0,4163,12,0.002882536632236368
8RQ4,train,308.0,1402,1,0.0007132667617689016
8RQ5,val,633.0,1340,3,0.002238805970149254
8RQZ,val,770.0,2244,4,0.0017825311942959
8RSO,train,474.0,433,4,0.009237875288683603
8RSP,train,474.0,433,2,0.004618937644341801
8RSS,train,474.0,218,1,0.0045871559633027525
8RW0,val,699.0,386,9,0.023316062176165803
8S5G,train,575.0,1343,1,0.0007446016381236039
8S8Z,train,502.0,2096,16,0.007633587786259542
8S9B,train,650.0,1565,5,0.003194888178913738
8S9C,train,650.0,1565,7,0.0044728434504792336
8SCX,train,393.0,760,5,0.006578947368421052
8SD3,val,296.0,948,36,0.0379746835443038
8SDA,val,296.0,939,20,0.021299254526091587
8SGO,test,621.0,2121,19,0.008958038661008957
8SGW,train,360.0,1226,2,0.0016313213703099511
8SH3,train,360.0,1226,3,0.0024469820554649264
8SHC,train,360.0,1226,5,0.004078303425774877
8SI2,train,457.0,4420,60,0.013574660633484163
8SI3,train,457.0,4420,317,0.07171945701357466
8SI4,train,457.0,4420,276,0.06244343891402715
8SI5,train,457.0,4388,334,0.07611668185961713
8SI6,train,457.0,4428,348,0.07859078590785908
8SI7,train,457.0,4420,326,0.07375565610859729
8SI8,train,457.0,4420,297,0.0671945701357466
8SIA,train,457.0,4420,324,0.07330316742081448
8SID,test,621.0,2121,28,0.013201320132013201
8SIE,train,360.0,1226,4,0.0032626427406199023
8SLY,train,200.0,2364,4,0.001692047377326565
8SNC,train,450.0,728,1,0.0013736263736263737
8SNE,train,450.0,735,2,0.0027210884353741495
8SP8,train,200.0,2448,197,0.08047385620915033
8SQL,train,308.0,1396,2,0.0014326647564469914
8SQW,train,449.0,2577,78,0.030267753201396973
8SR1,train,449.0,2577,74,0.02871556072953046
8SR2,train,449.0,2577,83,0.03220799379123011
8SR7,train,723.0,5500,8,0.0014545454545454545
8SR8,train,723.0,5412,4,0.0007390983000739098
8SR9,train,723.0,5408,4,0.0007396449704142012
8SRA,train,723.0,5392,4,0.000741839762611276
8SRB,train,723.0,5396,4,0.0007412898443291327
8SRC,train,723.0,5464,4,0.0007320644216691069
8SRD,train,723.0,5472,8,0.0014619883040935672
8SRE,train,723.0,5508,4,0.0007262164124909223
8SRF,train,723.0,5508,4,0.0007262164124909223
8SRG,train,723.0,5464,8,0.0014641288433382138
8SRH,train,723.0,5464,8,0.0014641288433382138
8SRI,train,723.0,5472,8,0.0014619883040935672
8SRK,train,259.0,4284,4,0.0009337068160597573
8SS2,val,343.0,3802,8,0.0021041557075223566
8SS3,val,798.0,2280,15,0.006578947368421052
8SS6,val,343.0,3794,26,0.006852925672113864
8SS7,val,798.0,2266,37,0.016328331862312445
8SS8,val,343.0,3514,6,0.001707455890722823
8SS9,val,798.0,1986,4,0.002014098690835851
8SSA,val,343.0,3840,4,0.0010416666666666667
8SSB,val,798.0,2304,9,0.00390625
8SWN,train,308.0,1135,13,0.01145374449339207
8SZA,test,471.0,606,6,0.009900990099009901
8SZC,train,48.0,1235,87,0.07044534412955465
8SZG,val,145.0,2237,2,0.000894054537326777
8SZH,val,145.0,2267,3,0.0013233348037053375
8SZI,val,145.0,2249,3,0.0013339261894175188
8T03,train,127.0,852,2,0.002347417840375587
8T04,train,127.0,852,4,0.004694835680751174
8T05,train,561.0,631,1,0.001584786053882726
8T1P,train,48.0,1239,88,0.07102502017756256
8T3K,train,48.0,1204,39,0.03239202657807309
8T3R,test,467.0,961,1,0.001040582726326743
8T3S,train,55.0,1119,1,0.0008936550491510277
8T3U,test,467.0,906,2,0.002207505518763797
8T44,test,467.0,957,3,0.003134796238244514
8T45,test,467.0,917,1,0.0010905125408942203
8T47,test,467.0,1022,1,0.0009784735812133072
8T56,val,46.0,1498,12,0.00801068090787717
8T57,train,654.0,1008,6,0.005952380952380952
8T5T,test,805.0,195,1,0.005128205128205128
8T6L,train,650.0,1237,1,0.0008084074373484236
8T6U,test,467.0,1032,2,0.001937984496124031
8T6V,test,467.0,1032,1,0.0009689922480620155
8TEH,test,807.0,1108,20,0.018050541516245487
8TEI,test,807.0,1108,16,0.01444043321299639
8TEO,val,296.0,784,12,0.015306122448979591
8TF5,train,753.0,363,13,0.03581267217630854
8TGY,train,336.0,763,2,0.002621231979030144
8THG,train,650.0,1565,2,0.0012779552715654952
8THH,train,650.0,1565,5,0.003194888178913738
8THJ,val,297.0,1230,3,0.0024390243902439024
8TKP,train,588.0,1698,10,0.005889281507656066
8TOW,train,622.0,5542,54,0.009743774810537712
8TQM,test,472.0,843,48,0.05693950177935943
8TR5,train,554.0,1659,27,0.0162748643761302
8TR6,train,554.0,1665,27,0.016216216216216217
8TR7,train,554.0,1665,30,0.018018018018018018
8TR8,train,554.0,1656,24,0.014492753623188406
8TRA,train,554.0,1665,27,0.016216216216216217
8TRK,train,554.0,1659,21,0.012658227848101266
8TW6,val,562.0,821,3,0.0036540803897685747
8TZO,train,771.0,1070,2,0.001869158878504673
8TZP,train,771.0,859,3,0.0034924330616996507
8TZR,train,771.0,1079,4,0.0037071362372567192
8U2Z,train,200.0,2040,60,0.029411764705882353
8U3A,test,576.0,405,10,0.024691358024691357
8U3C,test,576.0,405,10,0.024691358024691357
8U43,train,200.0,2224,32,0.014388489208633094
8U4N,train,55.0,889,1,0.0011248593925759281
8U4P,train,55.0,892,1,0.0011210762331838565
8U53,val,655.0,1074,4,0.0037243947858473
8U56,val,594.0,1082,4,0.0036968576709796672
8U5C,val,594.0,1150,7,0.00608695652173913
8U8F,train,55.0,889,7,0.007874015748031496
8UBR,val,549.0,1156,1,0.0008650519031141869
8UBW,train,528.0,418,11,0.02631578947368421
8UBX,train,528.0,419,6,0.014319809069212411
8UBY,train,528.0,419,11,0.026252983293556086
8UBZ,train,528.0,415,8,0.01927710843373494
8UC0,train,528.0,422,3,0.0071090047393364926
8UC8,train,27.0,1936,4,0.002066115702479339
8UCJ,test,83.0,2081,3,0.0014416146083613647
8UCK,test,83.0,1887,2,0.0010598834128245894
8UCL,test,83.0,1916,3,0.0015657620041753654
8UCM,test,83.0,1916,2,0.0010438413361169101
8UCN,test,83.0,1905,3,0.0015748031496062992
8UCO,test,83.0,1880,5,0.0026595744680851063
8UCP,test,83.0,1905,3,0.0015748031496062992
8UFD,train,724.0,950,4,0.004210526315789474
8UFG,val,602.0,1120,1,0.0008928571428571428
8UGY,train,55.0,864,1,0.0011574074074074073
8UL9,train,128.0,774,5,0.006459948320413436
8UO9,test,563.0,674,5,0.00741839762611276
8URP,train,128.0,774,6,0.007751937984496124
8URT,train,128.0,774,6,0.007751937984496124
8UT1,test,74.0,1970,75,0.03807106598984772
8UTB,test,74.0,1875,25,0.013333333333333334
8UUK,train,360.0,1226,2,0.0016313213703099511
8UVC,test,605.0,1026,6,0.005847953216374269
8UVD,test,605.0,1026,12,0.011695906432748537
8UVE,test,605.0,1010,6,0.005940594059405941
8UVF,test,605.0,1026,12,0.011695906432748537
8UVG,test,605.0,1010,6,0.005940594059405941
8UVI,test,605.0,994,6,0.006036217303822937
8UY6,train,678.0,2928,104,0.03551912568306011
8UZJ,test,74.0,1970,40,0.02030456852791878
8V0G,val,369.0,985,1,0.0010152284263959391
8V4S,train,554.0,1656,15,0.009057971014492754
8V60,val,725.0,3624,8,0.002207505518763797
8V63,val,725.0,3624,5,0.0013796909492273732
8V64,val,725.0,3640,27,0.007417582417582417
8V6K,train,200.0,2560,230,0.08984375
8V6L,train,200.0,2612,12,0.004594180704441042
8V6M,train,200.0,2560,56,0.021875
8V6N,train,200.0,2544,24,0.009433962264150943
8V6O,train,200.0,2560,45,0.017578125
8V7Z,val,549.0,1104,1,0.0009057971014492754
8V80,test,74.0,1970,60,0.030456852791878174
8V82,test,74.0,1970,90,0.04568527918781726
8V86,test,74.0,1970,74,0.03756345177664975
8V88,test,74.0,1970,55,0.027918781725888325
8V89,test,74.0,1970,25,0.012690355329949238
8V8A,test,74.0,1970,115,0.0583756345177665
8VAV,val,129.0,2096,16,0.007633587786259542
8VEJ,train,564.0,482,2,0.004149377593360996
8VT6,val,526.0,348,11,0.031609195402298854
8VT9,train,44.0,1624,16,0.009852216748768473
8VTA,train,44.0,1616,12,0.007425742574257425
8VTB,train,44.0,1600,6,0.00375
8VTJ,train,394.0,821,3,0.0036540803897685747
8VTK,train,394.0,821,4,0.0048721071863581
8VTM,train,394.0,821,4,0.0048721071863581
8VU3,val,596.0,6786,15,0.0022104332449160036
8VUX,val,53.0,2010,1,0.0004975124378109452
8VWK,train,121.0,430,2,0.004651162790697674
8VWM,val,526.0,348,10,0.028735632183908046
8VYJ,train,650.0,1395,1,0.0007168458781362007
8W1J,train,121.0,1259,5,0.003971405877680699
8W1K,train,121.0,1259,6,0.004765687053216839
8W2L,train,457.0,4056,50,0.01232741617357002
8W4A,test,311.0,1066,5,0.004690431519699813
8W6C,test,605.0,1060,1,0.0009433962264150943
8W6O,test,605.0,907,3,0.0033076074972436605
8W75,train,529.0,1610,12,0.007453416149068323
8W78,train,529.0,1625,8,0.004923076923076923
8W7F,train,529.0,1637,11,0.006719609040928528
8W8B,train,55.0,1096,2,0.0018248175182481751
8WA5,train,406.0,1249,2,0.0016012810248198558
8WB4,train,622.0,7846,19,0.002421616110119806
8WBA,test,717.0,1106,2,0.0018083182640144665
8WCI,train,751.0,1903,1,0.0005254860746190226
8WCK,train,201.0,680,7,0.010294117647058823
8WCL,train,201.0,847,4,0.004722550177095631
8WCQ,test,621.0,1560,20,0.01282051282051282
8WCR,test,621.0,1560,25,0.016025641025641024
8WD9,train,130.0,1626,2,0.0012300123001230013
8WDA,train,130.0,1626,1,0.0006150061500615006
8WDU,train,394.0,2565,120,0.04678362573099415
8WDV,train,394.0,2571,100,0.038895371450797356
8WEY,val,596.0,3113,10,0.0032123353678123997
8WG3,train,45.0,547,1,0.0018281535648994515
8WGH,val,596.0,3412,18,0.005275498241500586
8WKY,train,541.0,473,1,0.0021141649048625794
8WKZ,train,541.0,472,1,0.00211864406779661
8WM5,train,724.0,950,13,0.01368421052631579
8WM6,val,596.0,5216,14,0.0026840490797546013
8WM9,train,656.0,719,5,0.006954102920723227
8WMJ,val,596.0,4540,14,0.0030837004405286344
8WMV,val,596.0,5017,12,0.002391867649990034
8WMW,val,596.0,4350,14,0.003218390804597701
8WOQ,val,198.0,1294,8,0.0061823802163833074
8WOR,val,198.0,1294,11,0.008500772797527048
8WOS,val,198.0,1272,7,0.00550314465408805
8WOT,val,198.0,1272,8,0.006289308176100629
8WPL,val,667.0,2676,3,0.0011210762331838565
8WPN,val,667.0,2720,4,0.0014705882352941176
8WR3,val,594.0,1154,11,0.009532062391681109
8WTZ,train,672.0,1778,2,0.0011248593925759281
8WUI,train,672.0,1826,9,0.004928806133625411
8WXE,test,114.0,548,1,0.0018248175182481751
8WY0,test,114.0,587,3,0.005110732538330494
8X1N,val,601.0,591,4,0.00676818950930626
8X1U,train,360.0,1403,2,0.0014255167498218105
8X52,test,191.0,1334,1,0.0007496251874062968
8X53,test,191.0,1334,2,0.0014992503748125937
8X54,test,191.0,1337,1,0.0007479431563201197
8X5B,train,568.0,786,9,0.011450381679389313
8X5F,test,505.0,1232,9,0.007305194805194805
8X90,train,565.0,2665,5,0.001876172607879925
8X91,train,565.0,2691,5,0.0018580453363062058
8X93,train,565.0,2659,5,0.00188040616773223
8X95,test,676.0,768,1,0.0013020833333333333
8XAJ,val,46.0,1410,2,0.0014184397163120568
8XBS,train,146.0,1282,14,0.0109204368174727
8XC1,train,146.0,1320,8,0.006060606060606061
8XDN,val,609.0,872,3,0.0034403669724770644
8XGD,test,589.0,2148,48,0.0223463687150838
8XKL,train,54.0,1280,1,0.00078125
8XLP,train,622.0,6652,18,0.0027059530968129887
8XLS,val,596.0,3129,10,0.0031959092361776927
8XM6,train,593.0,645,2,0.0031007751937984496
8XMM,train,650.0,1318,5,0.0037936267071320183
8XMN,train,650.0,1569,1,0.0006373486297004461
8XMO,train,650.0,1578,4,0.0025348542458808617
8XNL,train,768.0,4259,7,0.001643578304766377
8XNM,train,768.0,4282,8,0.0018682858477347033
8XNN,train,768.0,4249,6,0.0014120969639915275
8XNO,train,768.0,4178,11,0.002632838678793681
8XNP,train,768.0,4205,10,0.0023781212841854932
8XNQ,train,768.0,4179,11,0.002632208662359416
8XNR,train,768.0,4189,6,0.0014323227500596801
8XNS,train,768.0,4215,1,0.00023724792408066428
8XNT,train,768.0,4037,1,0.00024770869457517957
8XNV,train,768.0,4226,9,0.002129673450070989
8XNW,train,768.0,4194,5,0.0011921793037672865
8XNX,train,768.0,4213,8,0.0018988844054118206
8XNY,train,768.0,4116,2,0.00048590864917395527
8XNZ,train,768.0,4214,11,0.0026103464641670624
8XO0,train,768.0,4185,11,0.0026284348864994028
8XOK,train,308.0,1206,1,0.0008291873963515755
8XOR,train,55.0,1160,9,0.007758620689655172
8XOS,train,55.0,1136,4,0.0035211267605633804
8XQL,train,55.0,1052,2,0.0019011406844106464
8XQN,train,55.0,1135,4,0.003524229074889868
8XQO,train,55.0,1132,3,0.00265017667844523
8XQP,train,55.0,1136,1,0.0008802816901408451
8XQS,train,55.0,1122,4,0.0035650623885918
8XQT,train,55.0,1125,1,0.0008888888888888889
8XR6,train,622.0,8208,18,0.0021929824561403508
8XX8,train,106.0,1520,26,0.017105263157894738
8Y21,test,657.0,556,2,0.0035971223021582736
8Y4X,val,297.0,732,1,0.001366120218579235
8Y56,val,594.0,586,4,0.006825938566552901
8Y60,train,27.0,1892,4,0.0021141649048625794
8Y69,test,370.0,2255,1,0.0004434589800443459
8Y72,train,55.0,1137,2,0.001759014951627089
8YC0,test,114.0,583,1,0.0017152658662092624
8YDM,test,84.0,1662,2,0.0012033694344163659
8YFY,train,530.0,301,3,0.009966777408637873
8YFZ,train,530.0,301,2,0.006644518272425249
8YGD,train,394.0,2301,14,0.006084311169056932
8YGL,train,394.0,2297,18,0.00783630822812364
8YJP,val,313.0,596,6,0.010067114093959731
8YK0,train,55.0,1232,3,0.002435064935064935
8YMN,val,46.0,1328,2,0.0015060240963855422
8YMO,val,46.0,1328,4,0.0030120481927710845
8YMQ,val,46.0,1302,2,0.0015360983102918587
8YN2,train,55.0,1131,1,0.0008841732979664014
8YN5,train,55.0,1141,2,0.0017528483786152498
8YN6,train,55.0,1142,1,0.0008756567425569177
8YN9,train,55.0,1130,2,0.0017699115044247787
8YPB,train,400.0,1330,68,0.05112781954887218
8YPD,train,566.0,1190,51,0.04285714285714286
8YQ5,train,772.0,1026,1,0.0009746588693957114
8YQN,test,74.0,2166,2,0.0009233610341643582
8YR9,train,360.0,1404,2,0.0014245014245014246
8YS8,train,360.0,1384,2,0.001445086705202312
8YU7,val,428.0,1120,20,0.017857142857142856
8YUU,train,55.0,1145,3,0.0026200873362445414
8YVU,val,503.0,530,3,0.005660377358490566
8YW6,val,773.0,333,4,0.012012012012012012
8YW8,val,773.0,329,5,0.015197568389057751
8YW9,val,658.0,458,1,0.002183406113537118
8YXA,val,601.0,1151,3,0.0026064291920069507
8YXB,val,601.0,1150,10,0.008695652173913044
8Z11,val,596.0,6274,11,0.0017532674529805547
8Z81,train,371.0,2529,238,0.0941083432186635
8Z82,val,708.0,2777,119,0.042851998559596684
8Z83,val,708.0,2677,110,0.04109077325364214
8Z9A,train,85.0,1557,13,0.008349389852280027
8Z9Z,train,85.0,1519,12,0.007899934167215274
8ZA6,test,114.0,595,1,0.0016806722689075631
8ZBR,train,308.0,1149,2,0.0017406440382941688
8ZEE,train,622.0,2101,7,0.0033317467872441696
8ZEH,val,596.0,4640,9,0.001939655172413793
8ZET,val,596.0,3229,8,0.0024775472282440383
8ZJG,train,55.0,1274,1,0.0007849293563579278
8ZJW,test,473.0,1428,60,0.04201680672268908
8ZK2,val,708.0,2772,88,0.031746031746031744
8ZKP,train,506.0,2667,13,0.004874390701162355
8ZKQ,train,506.0,2667,8,0.0029996250468691415
8ZKW,test,605.0,1080,6,0.005555555555555556
8ZKZ,test,605.0,1080,6,0.005555555555555556
8ZL1,test,605.0,1078,8,0.0074211502782931356
8ZL2,test,605.0,1081,6,0.005550416281221091
8ZL3,test,605.0,1078,5,0.00463821892393321
8ZL4,test,605.0,1082,5,0.0046210720887245845
8ZL6,test,605.0,1078,6,0.0055658627087198514
8ZLE,train,47.0,1562,4,0.002560819462227913
8ZLL,train,147.0,834,21,0.025179856115107913
8ZNO,train,463.0,4221,6,0.0014214641080312722
8ZOJ,train,504.0,795,7,0.00880503144654088
8ZOY,test,156.0,666,7,0.010510510510510511
8ZPA,val,601.0,572,4,0.006993006993006993
8ZPB,test,156.0,667,7,0.010494752623688156
8ZTE,train,159.0,770,8,0.01038961038961039
8ZTG,train,159.0,760,32,0.042105263157894736
8ZTH,train,159.0,770,6,0.007792207792207792
8ZTI,train,159.0,770,17,0.02207792207792208
8ZTL,train,159.0,770,13,0.016883116883116882
8ZTM,train,159.0,768,11,0.014322916666666666
8ZW0,train,55.0,1064,2,0.0018796992481203006
8ZWB,val,596.0,1786,49,0.027435610302351622
8ZXS,test,645.0,3123,6,0.0019212295869356388
8ZYJ,train,406.0,1273,2,0.0015710919088766694
9AUC,val,81.0,1275,1,0.000784313725490196
9AVU,test,74.0,2046,7,0.003421309872922776
9AVV,test,74.0,2171,24,0.011054813450023031
9AWJ,test,74.0,2041,7,0.0034296913277804997
9AWK,test,74.0,2161,28,0.012956964368347987
9AXF,val,145.0,2605,2,0.0007677543186180423
9AYG,train,637.0,1055,3,0.002843601895734597
9AZL,train,624.0,1428,3,0.0021008403361344537
9B29,train,685.0,3192,32,0.010025062656641603
9B36,val,343.0,4320,6,0.001388888888888889
9B37,val,343.0,3846,6,0.0015600624024961
9B3J,test,389.0,5049,6,0.0011883541295306002
9B6D,train,457.0,3732,39,0.01045016077170418
9B6E,train,457.0,3716,76,0.02045209903121636
9B6G,train,457.0,3660,68,0.018579234972677595
9B6H,train,457.0,3736,12,0.0032119914346895075
9B6I,train,457.0,3424,60,0.017523364485981307
9B8O,train,577.0,3028,33,0.010898282694848084
9BBC,train,341.0,1052,2,0.0019011406844106464
9BC6,train,27.0,1936,8,0.004132231404958678
9BHM,train,55.0,890,1,0.0011235955056179776
9BI6,train,55.0,913,7,0.007667031763417305
9BPB,test,83.0,7384,26,0.0035211267605633804
9BPG,train,595.0,1740,5,0.0028735632183908046
9BQH,test,372.0,1122,36,0.03208556149732621
9BQI,test,372.0,1122,30,0.026737967914438502
9BUM,train,260.0,538,1,0.0018587360594795538
9BYB,train,808.0,1764,1,0.0005668934240362812
9C3E,train,86.0,1356,2,0.0014749262536873156
9C3F,train,606.0,485,2,0.004123711340206186
9CDC,test,41.0,240,2,0.008333333333333333
9CDD,test,41.0,240,1,0.004166666666666667
9CDE,test,41.0,240,2,0.008333333333333333
9CIA,test,114.0,1025,3,0.002926829268292683
9CQ4,test,114.0,1054,1,0.0009487666034155598
9CRS,test,621.0,2122,3,0.001413760603204524
9CRV,test,621.0,1886,1,0.0005302226935312832
9CS5,train,752.0,372,5,0.013440860215053764
9CT0,test,621.0,1761,4,0.002271436683702442
9CTP,test,621.0,1751,5,0.0028555111364934323
9CTV,test,621.0,1751,2,0.001142204454597373
9CUH,train,200.0,2376,29,0.012205387205387205
9CUI,train,200.0,2650,17,0.006415094339622641
9CUJ,train,200.0,2440,34,0.013934426229508197
9CUK,train,200.0,2635,27,0.010246679316888045
9CUP,train,48.0,1245,87,0.06987951807228916
9CUR,train,48.0,1225,83,0.06775510204081632
9CUS,train,48.0,1244,47,0.03778135048231511
9CXB,test,621.0,1749,4,0.002287021154945683
9CYA,test,294.0,460,3,0.006521739130434782
9CZH,val,725.0,4352,7,0.001608455882352941
9CZJ,val,725.0,4420,4,0.0009049773755656109
9CZK,val,725.0,4396,14,0.0031847133757961785
9CZM,val,725.0,4367,50,0.01144950767117014
9CZO,val,725.0,4344,22,0.0050644567219152855
9CZQ,val,725.0,4392,14,0.0031876138433515485
9D18,val,725.0,4392,14,0.0031876138433515485
9D19,val,725.0,4392,14,0.0031876138433515485
9D9S,test,676.0,822,1,0.0012165450121654502
9DBK,train,806.0,998,6,0.006012024048096192
9DBL,train,806.0,998,8,0.008016032064128256
9DBM,train,806.0,998,9,0.009018036072144289
9DBN,train,806.0,1047,8,0.007640878701050621
9DBQ,test,95.0,1182,18,0.015228426395939087
9DK5,train,650.0,1517,5,0.0032959789057350032
9DM1,test,83.0,6557,74,0.011285648924813176
9DMG,test,74.0,2049,50,0.02440214738897023
9DMH,test,74.0,2046,18,0.008797653958944282
9DMJ,test,74.0,2913,31,0.010641949879848954
9DMK,test,74.0,2481,24,0.009673518742442563
9DMQ,test,74.0,2489,45,0.01807955002008839
9DMS,test,74.0,2478,41,0.016545601291364002
9DMT,test,74.0,2480,45,0.018145161290322582
9DMV,test,74.0,2475,46,0.018585858585858588
9DO0,train,131.0,1394,6,0.00430416068866571
9DRV,val,567.0,2335,1,0.00042826552462526765
9DVJ,train,568.0,754,13,0.017241379310344827
9DVK,train,568.0,760,7,0.009210526315789473
9DVL,train,568.0,756,14,0.018518518518518517
9DVM,test,505.0,1152,13,0.011284722222222222
9DVN,test,505.0,1145,14,0.01222707423580786
9DVO,test,505.0,1152,13,0.011284722222222222
9DVP,test,505.0,1143,14,0.012248468941382326
9DWZ,train,202.0,792,27,0.03409090909090909
9DX7,val,270.0,1873,3,0.001601708489054992
9DXA,val,270.0,1880,2,0.0010638297872340426
9DYE,train,55.0,892,1,0.0011210762331838565
9E0J,val,596.0,6498,22,0.003385657125269314
9E3F,test,74.0,2021,1,0.0004948045522018803
9E3G,test,74.0,2013,1,0.0004967709885742673
9E3M,train,554.0,1638,75,0.045787545787545784
9E3Q,train,554.0,1620,24,0.014814814814814815
9E51,train,55.0,882,2,0.0022675736961451248
9E62,train,607.0,2317,24,0.010358221838584376
9E63,train,607.0,2317,21,0.00906344410876133
9E64,train,607.0,2317,24,0.010358221838584376
9E65,train,607.0,2065,28,0.013559322033898305
9E66,train,607.0,2065,1,0.00048426150121065375
9E67,train,607.0,2317,20,0.008631851532153647
9E9S,train,55.0,1071,1,0.0009337068160597573
9EAH,train,753.0,702,1,0.0014245014245014246
9EAI,train,753.0,687,1,0.001455604075691412
9EB5,train,625.0,373,2,0.005361930294906166
9EB6,train,625.0,369,1,0.0027100271002710027
9EFN,test,662.0,618,4,0.006472491909385114
9EFP,test,662.0,577,5,0.008665511265164644
9EH5,train,622.0,5536,62,0.011199421965317919
9EIH,test,713.0,3584,17,0.004743303571428571
9EII,test,713.0,1789,8,0.004471771939631079
9EIJ,test,713.0,2121,11,0.005186232909005186
9EK1,test,664.0,4485,76,0.0169453734671126
9EK2,test,664.0,4485,69,0.015384615384615385
9EK3,test,664.0,4485,70,0.01560758082497213
9EK8,train,202.0,792,15,0.01893939393939394
9EMZ,train,552.0,608,18,0.029605263157894735
9EO4,test,156.0,546,15,0.027472527472527472
9EOS,val,601.0,1166,47,0.04030874785591767
9EOT,test,659.0,904,4,0.004424778761061947
9EPO,train,656.0,692,14,0.02023121387283237
9ETM,val,609.0,928,4,0.004310344827586207
9ETZ,test,83.0,5846,27,0.004618542593226137
9EUP,test,156.0,965,12,0.012435233160621761
9EYS,val,596.0,6924,23,0.0033217793183131137
9F41,train,809.0,888,4,0.0045045045045045045
9F59,val,209.0,772,1,0.0012953367875647669
9F5N,train,608.0,1550,25,0.016129032258064516
9F5S,val,209.0,773,3,0.0038809831824062097
9F5Y,train,768.0,9058,27,0.0029807904614705233
9F6A,val,209.0,784,4,0.00510204081632653
9F9B,train,106.0,231,14,0.06060606060606061
9F9C,train,106.0,231,13,0.05627705627705628
9F9D,train,106.0,231,17,0.0735930735930736
9F9E,train,106.0,230,10,0.043478260869565216
9F9F,train,106.0,231,12,0.05194805194805195
9F9G,train,106.0,231,17,0.0735930735930736
9F9H,train,106.0,231,14,0.06060606060606061
9F9I,train,106.0,231,17,0.0735930735930736
9F9J,train,106.0,231,15,0.06493506493506493
9FAJ,test,621.0,2219,2,0.0009013068949977468
9FAK,test,621.0,2219,2,0.0009013068949977468
9FAQ,test,621.0,2062,2,0.0009699321047526673
9FAR,train,714.0,274,1,0.0036496350364963502
9FAS,test,621.0,1726,1,0.0005793742757821553
9FAU,test,621.0,2238,1,0.00044682752457551384
9FAX,test,621.0,2242,4,0.001784121320249777
9FFL,test,621.0,1784,2,0.0011210762331838565
9FFN,test,621.0,1784,1,0.0005605381165919282
9FFR,test,621.0,1784,1,0.0005605381165919282
9FFU,test,621.0,1784,3,0.0016816143497757848
9FFZ,test,621.0,1799,1,0.0005558643690939411
9FKA,test,665.0,806,4,0.004962779156327543
9FKS,test,83.0,4019,21,0.0052251803931326205
9FP5,test,676.0,827,6,0.007255139056831923
9FQT,test,441.0,760,4,0.005263157894736842
9FQU,test,441.0,770,7,0.00909090909090909
9FQV,test,441.0,770,9,0.011688311688311689
9FQW,test,441.0,767,8,0.010430247718383311
9FU0,test,83.0,3605,20,0.005547850208044383
9FUP,val,699.0,383,41,0.10704960835509138
9FZQ,val,603.0,540,10,0.018518518518518517
9G11,val,673.0,476,2,0.004201680672268907
9G15,train,474.0,218,1,0.0045871559633027525
9G16,train,474.0,218,3,0.013761467889908258
9G6D,train,0.0,1380,1,0.0007246376811594203
9G6E,train,0.0,1412,3,0.002124645892351275
9G6F,train,622.0,4205,33,0.007847800237812128
9G6G,train,622.0,4722,34,0.007200338839474798
9G6H,train,622.0,5235,49,0.009360076408787011
9G71,test,686.0,798,15,0.018796992481203006
9G8K,train,14.0,1398,4,0.002861230329041488
9G9V,test,803.0,522,4,0.007662835249042145
9G9W,test,803.0,516,4,0.007751937984496124
9G9X,test,803.0,488,2,0.004098360655737705
9GBI,val,596.0,3230,6,0.0018575851393188853
9GC2,val,596.0,3190,3,0.0009404388714733542
9GDF,test,617.0,752,5,0.006648936170212766
9GG5,train,55.0,929,1,0.001076426264800861
9GHZ,train,726.0,500,7,0.014
9GI0,train,506.0,799,13,0.016270337922403004
9GIU,train,726.0,493,5,0.010141987829614604
9GJ8,val,160.0,1400,16,0.011428571428571429
9GKK,test,715.0,1525,1,0.0006557377049180328
9GKL,val,160.0,1424,8,0.0056179775280898875
9GKP,val,160.0,1424,24,0.016853932584269662
9GNW,train,622.0,2618,9,0.003437738731856379
9GO1,test,515.0,294,1,0.003401360544217687
9GO2,test,515.0,294,1,0.003401360544217687
9GRC,train,754.0,1263,1,0.000791765637371338
9GYO,train,55.0,1028,3,0.0029182879377431907
9H1W,train,488.0,212,3,0.014150943396226415
9H20,train,488.0,212,3,0.014150943396226415
9H80,val,90.0,2239,34,0.015185350602947744
9H8T,train,463.0,4091,73,0.017844047910046443
9H93,val,209.0,696,1,0.0014367816091954023
9H94,val,209.0,724,2,0.0027624309392265192
9H9E,test,621.0,934,15,0.016059957173447537
9HAO,test,645.0,3407,48,0.01408864103316701
9HC0,val,98.0,412,3,0.007281553398058253
9HC3,val,98.0,413,3,0.007263922518159807
9HCI,test,645.0,3418,8,0.0023405500292568754
9HE7,val,461.0,1005,3,0.0029850746268656717
9HEI,train,622.0,2736,14,0.005116959064327485
9HF3,train,132.0,2170,14,0.0064516129032258064
9HJK,test,441.0,631,2,0.003169572107765452
9HKL,test,715.0,1561,25,0.016015374759769378
9HKM,test,715.0,1493,9,0.006028131279303416
9HNP,val,401.0,766,40,0.05221932114882506
9HVC,train,481.0,69,2,0.028985507246376812
9HZL,train,463.0,4209,65,0.015443098123069612
9I3R,train,578.0,2052,12,0.005847953216374269
9I6B,train,221.0,1020,10,0.00980392156862745
9I6F,test,83.0,1834,49,0.026717557251908396
9I6H,val,633.0,1342,9,0.0067064083457526085
9I6I,val,633.0,1343,6,0.004467609828741623
9I7P,train,221.0,1020,8,0.00784313725490196
9I7S,train,221.0,1358,2,0.0014727540500736377
9I7T,train,221.0,1358,6,0.004418262150220913
9I7U,test,83.0,1846,56,0.030335861321776816
9I93,val,735.0,725,12,0.016551724137931035
9I94,val,735.0,722,7,0.009695290858725761
9I96,val,735.0,726,6,0.008264462809917356
9I98,val,735.0,718,10,0.013927576601671309
9I9L,val,596.0,6924,24,0.0034662045060658577
9IFM,train,622.0,7734,51,0.0065942591155934835
9IHO,train,668.0,7464,44,0.005894962486602358
9IHP,train,768.0,8307,50,0.006019020103527146
9IHQ,train,668.0,7721,57,0.007382463411475197
9IHR,train,768.0,8508,51,0.005994358251057828
9IIU,train,622.0,2301,10,0.004345936549326379
9IKF,test,83.0,3470,57,0.016426512968299712
9IKG,test,83.0,3470,59,0.017002881844380403
9IKH,test,83.0,3470,59,0.017002881844380403
9IKI,test,83.0,3470,61,0.017579250720461095
9IMN,train,622.0,4462,9,0.0020170327207530256
9IN9,train,569.0,224,1,0.004464285714285714
9INE,train,568.0,802,6,0.007481296758104738
9INF,train,568.0,802,2,0.0024937655860349127
9INH,test,505.0,1215,2,0.0016460905349794238
9IOX,train,622.0,4394,12,0.0027309968138370506
9IRS,train,341.0,1921,1,0.0005205622071837585
9IS4,train,622.0,5569,13,0.0023343508708924404
9ITB,train,55.0,1017,1,0.0009832841691248771
9ITE,train,55.0,1130,1,0.0008849557522123894
9ITG,test,505.0,1209,4,0.0033085194375516956
9ITI,train,650.0,1268,4,0.0031545741324921135
9IWL,train,522.0,273,2,0.007326007326007326
9IWN,train,522.0,272,3,0.011029411764705883
9IY1,train,121.0,2489,11,0.0044194455604660505
9IY7,test,156.0,540,1,0.001851851851851852
9J22,test,330.0,1041,3,0.002881844380403458
9J2F,val,708.0,3463,37,0.010684377707190298
9J3X,val,594.0,1156,6,0.005190311418685121
9J3Z,val,594.0,1146,4,0.0034904013961605585
9J40,val,594.0,1152,6,0.005208333333333333
9J4X,train,568.0,764,5,0.006544502617801047
9J51,train,568.0,762,4,0.005249343832020997
9J52,train,568.0,764,6,0.007853403141361256
9J53,train,568.0,764,7,0.009162303664921465
9J7D,val,115.0,1194,2,0.0016750418760469012
9J7M,test,156.0,543,1,0.001841620626151013
9J7N,test,156.0,543,1,0.001841620626151013
9J8C,test,156.0,542,1,0.0018450184501845018
9J99,train,221.0,980,6,0.006122448979591836
9J9B,train,393.0,775,1,0.0012903225806451613
9JBF,val,594.0,1382,8,0.005788712011577424
9JBH,train,15.0,668,8,0.011976047904191617
9JC9,train,133.0,434,2,0.004608294930875576
9JD5,test,156.0,527,1,0.0018975332068311196
9JDM,train,200.0,2440,36,0.014754098360655738
9JEE,train,200.0,2448,12,0.004901960784313725
9JGF,val,601.0,1164,23,0.019759450171821305
9JH5,train,55.0,1249,2,0.0016012810248198558
9JJK,val,727.0,1048,1,0.0009541984732824427
9JJN,val,727.0,1048,1,0.0009541984732824427
9JJO,val,727.0,1051,1,0.0009514747859181732
9JK3,val,727.0,1054,1,0.0009487666034155598
9JK4,val,727.0,1048,1,0.0009541984732824427
9JK5,val,727.0,1052,1,0.0009505703422053232
9JLN,test,156.0,521,1,0.0019193857965451055
9JMD,train,55.0,1149,5,0.004351610095735422
9JOX,val,633.0,1315,17,0.012927756653992395
9JPB,val,708.0,2863,3,0.001047851903597625
9JTQ,train,474.0,248,3,0.012096774193548387
9JVV,val,110.0,1245,3,0.0024096385542168677
9JVW,val,110.0,1245,5,0.004016064257028112
9JXV,val,609.0,934,2,0.0021413276231263384
9JXZ,test,114.0,597,3,0.005025125628140704
9JY0,test,114.0,822,3,0.0036496350364963502
9JY2,test,114.0,818,2,0.0024449877750611247
9K1D,train,55.0,858,4,0.004662004662004662
9K4I,val,667.0,2709,2,0.0007382798080472499
9K7B,test,156.0,544,2,0.003676470588235294
9KCG,train,406.0,1283,3,0.002338269680436477
9KCI,train,406.0,1286,8,0.006220839813374806
9KCJ,train,406.0,1283,5,0.003897116134060795
9KCK,train,406.0,1252,1,0.0007987220447284345
9KCU,test,687.0,1292,3,0.0023219814241486067
9KHI,val,667.0,2610,3,0.0011494252873563218
9KHJ,val,667.0,2700,8,0.002962962962962963
9KHK,val,667.0,2660,4,0.0015037593984962407
9KNW,val,773.0,333,2,0.006006006006006006
9KNX,val,773.0,329,1,0.00303951367781155
9KNY,val,773.0,333,2,0.006006006006006006
9KPS,test,492.0,1109,1,0.0009017132551848512
9KPT,test,492.0,1105,5,0.004524886877828055
9KQB,train,622.0,5822,10,0.0017176228100309172
9KQP,val,596.0,4513,19,0.0042100598271659646
9KQQ,val,596.0,3967,17,0.004285354171918326
9KR8,val,651.0,3489,25,0.0071653768988248785
9KR9,val,651.0,3552,12,0.0033783783783783786
9KUK,test,83.0,3470,62,0.017867435158501442
9KUL,test,83.0,3470,63,0.018155619596541786
9KUM,test,83.0,3470,65,0.018731988472622477
9KUN,train,373.0,1068,1,0.0009363295880149813
9KVG,train,55.0,1125,1,0.0008888888888888889
9KZ9,val,596.0,5195,8,0.0015399422521655437
9L0K,val,596.0,4544,8,0.0017605633802816902
9L5V,train,622.0,6430,20,0.003110419906687403
9LAG,test,621.0,1560,15,0.009615384615384616
9LAI,test,621.0,1560,8,0.005128205128205128
9LAJ,test,621.0,1560,9,0.0057692307692307696
9LAK,test,621.0,1560,8,0.005128205128205128
9LAY,train,116.0,3381,2,0.0005915409642117716
9LAZ,train,116.0,3381,12,0.00354924578527063
9LB0,train,116.0,3381,1,0.0002957704821058858
9LB1,train,116.0,3381,1,0.0002957704821058858
9LB9,test,621.0,1560,10,0.00641025641025641
9LBA,test,621.0,1560,14,0.008974358974358974
9LBB,test,621.0,1560,4,0.002564102564102564
9LBC,test,621.0,1560,1,0.000641025641025641
9LBD,test,621.0,1560,3,0.0019230769230769232
9LBE,test,621.0,1560,7,0.004487179487179487
9LHQ,val,594.0,566,2,0.0035335689045936395
9LHV,val,594.0,1332,8,0.006006006006006006
9LJG,test,314.0,746,28,0.03753351206434316
9LJH,test,314.0,745,19,0.025503355704697986
9LK4,train,622.0,6872,18,0.002619324796274738
9LK5,train,622.0,6886,27,0.003920999128666861
9LNM,test,156.0,529,4,0.007561436672967864
9LNN,test,156.0,530,1,0.0018867924528301887
9LSH,val,56.0,1981,1,0.0005047955577990914
9LSK,train,660.0,858,1,0.0011655011655011655
9LVC,test,277.0,200,1,0.005
9LVX,test,277.0,200,5,0.025
9LW1,train,295.0,516,2,0.003875968992248062
9LYJ,test,645.0,2892,4,0.0013831258644536654
9LZK,val,596.0,6539,6,0.0009175714941122495
9M56,test,83.0,3470,65,0.018731988472622477
9MD1,train,55.0,1044,2,0.0019157088122605363
9MEW,test,610.0,2703,3,0.0011098779134295228
9MFL,train,518.0,708,2,0.002824858757062147
9MGW,val,596.0,4642,33,0.0071090047393364926
9MGZ,val,596.0,3918,21,0.005359877488514548
9MH0,val,596.0,3664,31,0.008460698689956333
9MH1,val,596.0,3640,15,0.004120879120879121
9MHG,val,1.0,2795,2,0.0007155635062611807
9MND,test,467.0,960,24,0.025
9MNG,test,467.0,1034,14,0.013539651837524178
9MOS,test,467.0,969,10,0.010319917440660475
9MUH,test,803.0,498,3,0.006024096385542169
9N0D,train,688.0,2079,3,0.001443001443001443
9N1G,train,457.0,4272,16,0.003745318352059925
9N1H,train,457.0,4240,9,0.0021226415094339622
9N1J,train,457.0,4252,20,0.004703668861712135
9N1K,train,457.0,4192,12,0.0028625954198473282
9N4M,val,343.0,3360,12,0.0035714285714285713
9N4N,val,343.0,3368,7,0.0020783847980997625
9N4O,val,343.0,3272,6,0.0018337408312958435
9N4P,val,343.0,3680,4,0.0010869565217391304
9N4Q,val,343.0,3998,4,0.0010005002501250625
9N4R,val,343.0,3368,4,0.0011876484560570072
9N4S,val,343.0,3687,7,0.001898562516951451
9N4T,val,343.0,4006,5,0.0012481278082875687
9NEC,train,661.0,1287,10,0.00777000777000777
9NED,train,661.0,1288,10,0.007763975155279503
9NEG,train,661.0,1276,11,0.008620689655172414
9NEI,val,296.0,855,4,0.004678362573099415
9NES,val,296.0,800,4,0.005
9NJW,train,736.0,460,3,0.006521739130434782
9NQ9,train,200.0,2320,31,0.013362068965517242
9NWW,train,520.0,753,2,0.0026560424966799467
9O7W,train,457.0,4232,21,0.00496219281663516
9O7X,train,457.0,4228,14,0.0033112582781456954
9O7Y,train,457.0,4221,16,0.0037905709547500594
9O7Z,train,457.0,4231,12,0.0028362089340581422
9O80,train,457.0,4154,10,0.002407318247472316
9O81,train,457.0,4142,7,0.0016900048285852245
9O83,train,457.0,4117,7,0.0017002671848433326
9OCL,test,676.0,1065,2,0.0018779342723004694
9OCO,test,676.0,1071,4,0.003734827264239029
9OD3,test,676.0,1072,2,0.0018656716417910447
9ODJ,train,626.0,1018,2,0.0019646365422396855
9OEA,test,676.0,1065,3,0.0028169014084507044
9OOS,test,16.0,3147,9,0.002859866539561487
9OOT,test,16.0,3154,3,0.0009511731135066582
9OQG,train,132.0,2408,98,0.040697674418604654
9OQH,train,132.0,2408,98,0.040697674418604654
9OQI,train,132.0,2408,98,0.040697674418604654
9OQJ,train,132.0,2408,98,0.040697674418604654
9OQK,train,132.0,2408,98,0.040697674418604654
9OQL,train,132.0,2408,98,0.040697674418604654
9OQM,train,132.0,2408,98,0.040697674418604654
9OQN,train,132.0,2408,98,0.040697674418604654
9OQO,train,132.0,2408,98,0.040697674418604654
9OT0,train,79.0,204,2,0.00980392156862745
9P6B,train,200.0,2568,61,0.023753894080996884
9PHW,train,622.0,5524,70,0.012671976828385228
9PXB,train,597.0,950,4,0.004210526315789474
9PYM,val,297.0,717,13,0.01813110181311018
9QDN,train,113.0,2360,4,0.001694915254237288
9QEF,test,83.0,5797,39,0.006727617733310333
9QNF,test,589.0,2352,17,0.007227891156462585
9QNT,test,589.0,2352,24,0.01020408163265306
9QPR,test,645.0,3051,4,0.0013110455588331695
9QPS,test,645.0,3056,10,0.0032722513089005235
9QPT,test,645.0,3054,5,0.0016371971185330713
9R10,train,623.0,924,2,0.0021645021645021645
9R1E,train,623.0,924,2,0.0021645021645021645
9R1F,train,623.0,919,1,0.001088139281828074
9R1G,train,623.0,919,2,0.002176278563656148
9R22,train,474.0,1150,7,0.00608695652173913
9RLC,train,754.0,1282,1,0.00078003120124805
9RLD,train,754.0,1279,1,0.0007818608287724785
9RLE,train,754.0,1422,1,0.0007032348804500703
9RLF,train,754.0,1280,1,0.00078125
9RLG,train,754.0,1448,1,0.0006906077348066298
9RLH,train,754.0,1280,1,0.00078125
9RLI,train,774.0,1383,1,0.0007230657989877079
9RLK,train,774.0,1255,1,0.0007968127490039841
9RMW,train,113.0,2390,4,0.0016736401673640166
9RN4,train,113.0,2358,6,0.002544529262086514
9RN7,train,293.0,1315,6,0.0045627376425855515
9RNH,train,293.0,1294,3,0.00231839258114374
9RPR,val,579.0,912,2,0.0021929824561403508
9SYJ,train,506.0,2422,26,0.010734929810074319
9SYT,train,506.0,2507,24,0.009573195053849222
9TBD,val,633.0,1355,20,0.014760147601476014
9TBE,val,633.0,272,2,0.007352941176470588
9TBF,val,633.0,274,3,0.010948905109489052
9U5G,train,362.0,1900,1,0.0005263157894736842
9U8E,train,374.0,896,1,0.0011160714285714285
9U8H,train,374.0,896,1,0.0011160714285714285
9UD2,train,362.0,1900,3,0.0015789473684210526
9UD3,train,362.0,1894,1,0.0005279831045406547
9UD4,train,362.0,1894,1,0.0005279831045406547
9UD5,train,362.0,1921,1,0.0005205622071837585
9UD6,train,362.0,1894,2,0.0010559662090813093
9UDF,train,362.0,1922,3,0.0015608740894901144
9UET,test,674.0,736,2,0.002717391304347826
9UO1,test,314.0,748,16,0.0213903743315508
9UO2,test,314.0,746,28,0.03753351206434316
9UTW,train,712.0,2868,7,0.0024407252440725243
9VDK,train,604.0,996,8,0.008032128514056224
9VDM,train,604.0,993,1,0.0010070493454179255
9VDN,train,604.0,997,5,0.0050150451354062184
9VJE,train,55.0,1113,5,0.004492362982929021
9VJF,train,55.0,1124,4,0.0035587188612099642
9VKG,train,17.0,1139,19,0.016681299385425813
9VOR,train,558.0,1323,3,0.0022675736961451248
9VP2,train,481.0,69,1,0.014492753623188406
9VP3,train,481.0,69,1,0.014492753623188406
9VP4,train,481.0,69,1,0.014492753623188406
9VPE,train,481.0,69,2,0.028985507246376812
9VSL,train,17.0,1137,13,0.011433597185576077
9WP9,train,55.0,1244,1,0.0008038585209003215
9WYP,val,596.0,5239,22,0.0041992746707386905
9YQ2,train,450.0,731,2,0.0027359781121751026
9YQ4,train,450.0,739,1,0.0013531799729364006
9YQ5,train,450.0,742,1,0.0013477088948787063
9YV3,test,662.0,297,1,0.003367003367003367
9ZPV,val,37.0,1800,31,0.017222222222222222
9ZPW,val,37.0,1796,23,0.012806236080178173
9ZPX,val,37.0,1800,15,0.008333333333333333
9ZPY,val,37.0,1800,23,0.012777777777777779
9ZPZ,val,37.0,1796,23,0.012806236080178173
9ZQ0,val,37.0,1800,30,0.016666666666666666
9ZQ1,val,37.0,1796,30,0.01670378619153675
