pdb_id,n_residues,n_contacts,n_membrane,n_both,n_mplid_only,n_opm_only,opm_precision_pct,contact_recall_by_opm_pct
1AIJ,1654,3,289,2,1,287,0.6920415224913495,66.66666666666666
1AR1,1007,3,325,3,0,322,0.9230769230769231,100.0
1AUA,296,5,17,0,5,17,0.0,0.0
1BCC,1967,2,305,1,1,304,0.32786885245901637,50.0
1C1J,488,4,2,0,4,2,0.0,0.0
1CVU,1113,4,13,0,4,13,0.0,0.0
1DDX,2208,1,35,0,1,35,0.0,0.0
1DS8,1652,4,287,3,1,284,1.0452961672473868,75.0
1DV3,1652,1,286,1,0,285,0.34965034965034963,100.0
1DV6,1652,4,283,2,2,281,0.7067137809187279,50.0
1DXR,1185,4,283,2,2,281,0.7067137809187279,50.0
1E12,239,1,149,1,0,148,0.6711409395973155,100.0
1E14,825,7,289,3,4,286,1.0380622837370241,42.857142857142854
1E7P,4592,4,236,0,4,236,0.0,0.0
1EH5,279,2,5,0,2,5,0.0,0.0
1EQG,1102,6,42,0,6,42,0.0,0.0
1EQH,1102,8,51,2,6,49,3.9215686274509802,25.0
1EYS,1146,6,285,5,1,280,1.7543859649122806,83.33333333333334
1FE2,553,6,16,1,5,15,6.25,16.666666666666664
1FNP,822,3,278,1,2,277,0.3597122302158274,33.33333333333333
1FX8,254,1,175,1,0,174,0.5714285714285714,100.0
1GT6,538,4,16,0,4,16,0.0,0.0
1GZM,658,10,158,1,9,157,0.6329113924050633,10.0
1HT5,1102,7,45,2,5,43,4.444444444444445,28.57142857142857
1HT8,1102,9,45,2,7,43,4.444444444444445,22.22222222222222
1HZX,641,4,160,1,3,159,0.625,25.0
1I78,584,1,124,0,1,124,0.0,0.0
1IGX,553,9,27,2,7,25,7.4074074074074066,22.22222222222222
1IGZ,553,5,23,0,5,23,0.0,0.0
1ILD,257,5,178,4,1,174,2.247191011235955,80.0
1ILZ,257,3,178,2,1,176,1.1235955056179776,66.66666666666666
1IM0,262,2,177,1,1,176,0.5649717514124294,50.0
1JB0,2243,8,600,2,6,598,0.33333333333333337,25.0
1JGW,819,5,281,3,2,278,1.0676156583629894,60.0
1JGY,823,1,284,0,1,284,0.0,0.0
1JGZ,819,2,276,0,2,276,0.0,0.0
1K6L,823,5,280,2,3,278,0.7142857142857143,40.0
1K6N,823,5,281,2,3,279,0.7117437722419928,40.0
1KB9,2180,1,309,1,0,308,0.3236245954692557,100.0
1KBY,819,4,280,2,2,278,0.7142857142857143,50.0
1KMO,661,3,362,3,0,359,0.8287292817679558,100.0
1KMP,647,6,352,6,0,346,1.7045454545454544,100.0
1KQF,1487,4,129,2,2,127,1.550387596899225,50.0
1KQG,1487,4,129,2,2,127,1.550387596899225,50.0
1L9B,918,3,279,3,0,276,1.0752688172043012,100.0
1L9H,641,3,158,0,3,158,0.0,0.0
1L9J,1836,4,284,2,2,282,0.7042253521126761,50.0
1LDA,254,1,179,1,0,178,0.5586592178770949,100.0
1LDF,254,1,175,1,0,174,0.5714285714285714,100.0
1LDI,254,1,176,1,0,175,0.5681818181818182,100.0
1LID,131,1,1,0,1,1,0.0,0.0
1LIE,130,1,1,0,1,1,0.0,0.0
1LPA,534,3,28,0,3,28,0.0,0.0
1LPB,534,9,32,2,7,30,6.25,22.22222222222222
1LQV,393,4,1,0,4,1,0.0,0.0
1M3X,821,2,277,1,1,276,0.36101083032490977,50.0
1NKZ,279,4,148,2,2,146,1.3513513513513513,50.0
1OGV,820,3,288,1,2,287,0.3472222222222222,33.33333333333333
1OJD,4964,10,4,0,10,4,0.0,0.0
1OKC,292,11,178,9,2,169,5.056179775280898,81.81818181818183
1OKE,788,1,8,0,1,8,0.0,0.0
1P84,2180,3,306,3,0,303,0.9803921568627451,100.0
1PCR,823,1,286,0,1,286,0.0,0.0
1PGE,1102,6,38,0,6,38,0.0,0.0
1PMP,393,2,1,0,2,1,0.0,0.0
1PP9,4032,29,627,22,7,605,3.508771929824561,75.86206896551724
1PPJ,3998,17,598,14,3,584,2.341137123745819,82.35294117647058
1PQ2,926,9,4,0,9,4,0.0,0.0
1PRC,1186,1,283,1,0,282,0.35335689045936397,100.0
1PSS,799,4,287,4,0,283,1.3937282229965158,100.0
1PST,799,4,293,4,0,289,1.3651877133105803,100.0
1PTH,1100,2,42,0,2,42,0.0,0.0
1PXX,2208,4,36,0,4,36,0.0,0.0
1Q4G,1106,7,37,0,7,37,0.0,0.0
1QD5,257,2,178,2,0,176,1.1235955056179776,100.0
1QLB,2296,6,240,2,4,238,0.8333333333333334,33.33333333333333
1QLE,1333,5,493,1,4,492,0.2028397565922921,20.0
1QOV,823,3,275,2,1,273,0.7272727272727273,66.66666666666666
1R2C,1185,1,289,0,1,289,0.0,0.0
1RG5,824,5,281,2,3,279,0.7117437722419928,40.0
1RGN,823,3,283,2,1,281,0.7067137809187279,66.66666666666666
1RQK,824,2,277,0,2,277,0.0,0.0
1RVJ,820,3,292,2,1,290,0.684931506849315,66.66666666666666
1RWT,2181,10,309,3,7,306,0.9708737864077669,30.0
1RY5,821,4,292,2,2,290,0.684931506849315,50.0
1RZH,820,4,286,2,2,284,0.6993006993006993,50.0
1S5L,5056,2,1558,0,2,1558,0.0,0.0
1SQP,2102,9,346,4,5,342,1.1560693641618496,44.44444444444444
1T16,854,5,197,1,4,196,0.5076142131979695,20.0
1T1L,842,5,194,0,5,194,0.0,0.0
1TCB,634,3,8,1,2,7,12.5,33.33333333333333
1TCC,634,2,4,0,2,4,0.0,0.0
1THQ,147,1,122,1,0,121,0.819672131147541,100.0
1U19,696,10,160,4,6,156,2.5,40.0
1U67,553,5,24,2,3,22,8.333333333333332,40.0
1U7G,383,2,272,1,1,271,0.3676470588235294,50.0
1UJW,692,3,358,3,0,355,0.8379888268156425,100.0
1V54,3550,35,1262,18,17,1244,1.4263074484944533,51.42857142857142
1V55,3550,37,1262,18,19,1244,1.4263074484944533,48.64864864864865
1VRN,1185,2,290,1,1,289,0.3448275862068966,50.0
1VYF,135,1,12,0,1,12,0.0,0.0
1W6J,727,2,12,1,1,11,8.333333333333332,50.0
1W6K,725,2,18,1,1,17,5.555555555555555,50.0
1XEZ,663,5,5,0,5,5,0.0,0.0
1XIO,217,1,149,1,0,148,0.6711409395973155,100.0
1XKW,655,3,359,3,0,356,0.8356545961002786,100.0
1XXS,244,13,3,0,13,3,0.0,0.0
1YF6,820,5,285,2,3,283,0.7017543859649122,40.0
2A06,4000,17,599,14,3,585,2.337228714524207,82.35294117647058
2A65,510,4,310,3,1,307,0.967741935483871,75.0
2AF9,163,2,1,0,2,1,0.0,0.0
2AG2,490,1,1,0,1,1,0.0,0.0
2AGV,1988,2,242,1,1,241,0.4132231404958678,50.0
2AXT,5078,14,1539,2,12,1537,0.1299545159194282,14.285714285714285
2AYL,1106,8,39,0,8,39,0.0,0.0
2BCC,1967,2,309,1,1,308,0.3236245954692557,50.0
2BHW,669,3,291,3,0,288,1.0309278350515463,100.0
2BOZ,825,1,288,1,0,287,0.3472222222222222,100.0
2BS2,2302,9,243,3,6,240,1.2345679012345678,33.33333333333333
2BS3,2300,8,242,2,6,240,0.8264462809917356,25.0
2BS4,2300,10,239,4,6,235,1.6736401673640167,40.0
2C3E,293,13,182,12,1,170,6.593406593406594,92.3076923076923
2DEB,1253,4,1,0,4,1,0.0,0.0
2DQS,994,1,241,1,0,240,0.4149377593360996,100.0
2DYR,3550,33,1260,16,17,1244,1.2698412698412698,48.484848484848484
2DYS,3550,34,1259,18,16,1241,1.4297061159650517,52.94117647058824
2EAU,994,3,242,3,0,239,1.2396694214876034,100.0
2EIJ,3550,36,1264,18,18,1246,1.4240506329113924,50.0
2EIK,3550,39,1260,18,21,1242,1.4285714285714286,46.15384615384615
2EIL,3550,34,1262,15,19,1247,1.1885895404120443,44.11764705882353
2EIM,3550,45,1269,24,21,1245,1.8912529550827424,53.333333333333336
2EIN,3550,39,1258,18,21,1240,1.4308426073131957,46.15384615384615
2EVU,245,1,176,0,1,176,0.0,0.0
2F1T,549,3,97,2,1,95,2.0618556701030926,66.66666666666666
2F93,542,2,358,0,2,358,0.0,0.0
2F95,546,2,368,0,2,368,0.0,0.0
2FBW,2185,2,144,2,0,142,1.3888888888888888,100.0
2FKW,837,15,415,13,2,402,3.132530120481928,86.66666666666667
2G87,696,10,160,4,6,156,2.5,40.0
2GMR,825,2,282,0,2,282,0.0,0.0
2GNU,816,2,290,0,2,290,0.0,0.0
2GSK,671,2,360,2,0,358,0.5555555555555556,100.0
2GSM,1581,4,326,0,4,326,0.0,0.0
2GVM,280,1,10,0,1,10,0.0,0.0
2H89,1095,1,144,1,0,143,0.6944444444444444,100.0
2HD0,1525,3,17,0,3,17,0.0,0.0
2HDI,701,1,357,1,0,356,0.2801120448179272,100.0
2HG3,823,6,293,5,1,288,1.7064846416382253,83.33333333333334
2HG9,824,4,284,2,2,282,0.7042253521126761,50.0
2HH1,827,5,297,2,3,295,0.6734006734006733,40.0
2HHK,824,5,283,4,1,279,1.4134275618374559,80.0
2HIT,826,7,290,7,0,283,2.413793103448276,100.0
2HJ6,824,5,288,5,0,283,1.7361111111111112,100.0
2HNX,136,1,1,0,1,1,0.0,0.0
2HPY,696,7,159,2,5,157,1.257861635220126,28.57142857142857
2HRE,1436,2,2,0,2,2,0.0,0.0
2I36,962,1,334,0,1,334,0.0,0.0
2I5N,1177,2,290,1,1,289,0.3448275862068966,50.0
2IRV,355,8,138,1,7,137,0.7246376811594203,12.5
2IWV,1108,25,162,5,20,157,3.0864197530864197,20.0
2IWW,554,5,165,2,3,163,1.2121212121212122,40.0
2J7A,6812,11,52,0,11,52,0.0,0.0
2J8C,825,8,288,5,3,283,1.7361111111111112,62.5
2J8D,848,7,288,4,3,284,1.3888888888888888,57.14285714285714
2J8S,3426,31,809,21,10,788,2.595797280593325,67.74193548387096
2JAF,242,3,148,2,1,146,1.3513513513513513,66.66666666666666
2JAG,242,4,148,3,1,145,2.027027027027027,75.0
2JBL,1185,1,289,0,1,289,0.0,0.0
2JIY,822,3,283,1,2,282,0.35335689045936397,33.33333333333333
2JJ0,817,3,283,1,2,282,0.35335689045936397,33.33333333333333
2M5P,270,57,10,8,49,2,80.0,14.035087719298245
2M5Q,270,66,10,2,64,8,20.0,3.0303030303030303
2NNH,926,10,1,0,10,1,0.0,0.0
2NNI,463,1,4,0,1,4,0.0,0.0
2NNJ,463,1,1,0,1,1,0.0,0.0
2NS1,517,6,267,2,4,265,0.7490636704119851,33.33333333333333
2NWL,1206,1,781,1,0,780,0.12804097311139565,100.0
2OBD,472,6,4,0,6,4,0.0,0.0
2PED,696,7,159,1,6,158,0.628930817610063,14.285714285714285
2PNJ,711,2,8,1,1,7,12.5,50.0
2PNO,1752,12,231,3,9,228,1.2987012987012987,25.0
2PO5,718,1,4,0,1,4,0.0,0.0
2PO7,718,1,4,0,1,4,0.0,0.0
2PRC,1185,2,282,0,2,282,0.0,0.0
2Q6H,513,4,317,4,0,313,1.2618296529968454,100.0
2Q72,512,5,310,5,0,305,1.6129032258064515,100.0
2QB4,511,4,316,4,0,312,1.2658227848101267,100.0
2QCU,1000,7,2,0,7,2,0.0,0.0
2QD1,1436,1,2,0,1,2,0.0,0.0
2QEI,512,4,320,3,1,317,0.9375,75.0
2QJU,510,3,321,2,1,319,0.6230529595015576,66.66666666666666
2R45,990,7,2,0,7,2,0.0,0.0
2R46,990,7,2,0,7,2,0.0,0.0
2R4L,1249,4,196,1,3,195,0.5102040816326531,25.0
2R4N,842,2,193,0,2,193,0.0,0.0
2R4O,842,1,197,0,1,197,0.0,0.0
2R4P,836,1,194,0,1,194,0.0,0.0
2UUH,151,1,83,1,0,82,1.2048192771084338,100.0
2UUI,156,2,83,2,0,81,2.4096385542168677,100.0
2UWS,824,1,289,1,0,288,0.34602076124567477,100.0
2UWT,825,1,287,1,0,286,0.34843205574912894,100.0
2UWU,825,7,289,4,3,285,1.384083044982699,57.14285714285714
2UWV,825,2,294,1,1,293,0.3401360544217687,50.0
2UWW,825,5,289,3,2,286,1.0380622837370241,60.0
2UX3,825,4,288,2,2,286,0.6944444444444444,50.0
2UX4,825,5,284,3,2,281,1.056338028169014,60.0
2UX5,825,4,282,2,2,280,0.7092198581560284,50.0
2UXJ,825,2,285,0,2,285,0.0,0.0
2UXK,825,3,284,1,2,283,0.35211267605633806,33.33333333333333
2UXM,825,1,281,1,0,280,0.3558718861209964,100.0
2V50,6105,16,797,1,15,796,0.12547051442910914,6.25
2VN0,464,1,4,0,1,4,0.0,0.0
2VQI,954,1,196,0,1,196,0.0,0.0
2W1P,263,5,168,0,5,168,0.0,0.0
2W2E,263,3,165,0,3,165,0.0,0.0
2WH5,536,1,1,0,1,1,0.0,0.0
2WJQ,205,1,141,1,0,140,0.7092198581560284,100.0
2WX5,823,5,287,2,3,285,0.6968641114982579,40.0
2X72,337,3,161,3,0,158,1.8633540372670807,100.0
2X9K,278,6,163,3,3,160,1.8404907975460123,50.0
2Y00,584,5,154,2,3,152,1.2987012987012987,40.0
2Y01,584,4,156,2,2,154,1.282051282051282,50.0
2Y02,584,5,154,2,3,152,1.2987012987012987,40.0
2Y03,586,4,157,1,3,156,0.6369426751592357,25.0
2Y04,584,7,155,2,5,153,1.2903225806451613,28.57142857142857
2Y69,3526,32,1259,13,19,1246,1.0325655281969817,40.625
2YBB,8330,13,1284,11,2,1273,0.8566978193146416,84.61538461538461
2Z73,697,4,322,0,4,322,0.0,0.0
2ZBD,994,1,226,0,1,226,0.0,0.0
2ZIY,370,2,161,0,2,161,0.0,0.0
2ZXW,3526,36,621,10,26,611,1.610305958132045,27.77777777777778
2ZZ9,223,1,176,1,0,175,0.5681818181818182,100.0
3A0B,5194,3,801,0,3,801,0.0,0.0
3A0H,5200,6,1611,0,6,1611,0.0,0.0
3ABK,3550,42,1264,18,24,1246,1.4240506329113924,42.857142857142854
3ABL,3526,43,1271,15,28,1256,1.1801730920535012,34.883720930232556
3ABM,3526,44,1258,21,23,1237,1.669316375198728,47.72727272727273
3AG1,3550,27,1263,11,16,1252,0.870942201108472,40.74074074074074
3AG2,3544,49,1261,25,24,1236,1.9825535289452814,51.02040816326531
3AG3,3550,41,1262,15,26,1247,1.1885895404120443,36.58536585365854
3AG4,3550,49,1265,24,25,1241,1.8972332015810278,48.97959183673469
3AM6,896,4,144,0,4,144,0.0,0.0
3AR2,994,1,232,1,0,231,0.43103448275862066,100.0
3AR3,994,1,243,1,0,242,0.411522633744856,100.0
3AR5,994,1,241,1,0,240,0.4149377593360996,100.0
3AR6,994,2,242,1,1,241,0.4132231404958678,50.0
3AR7,994,1,244,1,0,243,0.4098360655737705,100.0
3ASN,3550,31,1259,13,18,1246,1.0325655281969817,41.935483870967744
3ASO,3550,33,1258,15,18,1243,1.192368839427663,45.45454545454545
3AYF,754,2,315,1,1,314,0.31746031746031744,50.0
3AYG,754,2,317,0,2,317,0.0,0.0
3AYM,697,3,165,0,3,165,0.0,0.0
3AYN,697,1,162,0,1,162,0.0,0.0
3B6H,939,5,4,0,5,4,0.0,0.0
3B8E,2146,1,272,0,1,272,0.0,0.0
3BDQ,218,6,3,0,6,3,0.0,0.0
3BEH,895,1,599,1,0,598,0.1669449081803005,100.0
3BKD,200,3,91,1,2,90,1.098901098901099,33.33333333333333
3C1H,363,2,266,2,0,264,0.7518796992481203,100.0
3C1I,366,1,265,1,0,264,0.37735849056603776,100.0
3C9L,329,3,159,1,2,158,0.628930817610063,33.33333333333333
3CAP,652,2,327,2,0,325,0.6116207951070336,100.0
3CAY,276,16,15,1,15,14,6.666666666666667,6.25
3CBA,276,9,11,0,9,11,0.0,0.0
3CWB,4040,10,617,6,4,611,0.9724473257698543,60.0
3D38,1177,2,294,1,1,293,0.3401360544217687,50.0
3D4S,439,2,155,2,0,153,1.2903225806451613,100.0
3DQB,337,3,158,1,2,157,0.6329113924050633,33.33333333333333
3DSY,823,4,280,1,3,279,0.35714285714285715,25.0
3DTA,823,5,280,2,3,278,0.7142857142857143,40.0
3DTR,819,5,282,2,3,280,0.7092198581560284,40.0
3DTS,823,5,284,2,3,282,0.7042253521126761,40.0
3DTU,1592,3,326,0,3,326,0.0,0.0
3DU2,823,5,279,2,3,277,0.7168458781362007,40.0
3DU3,823,3,284,2,1,282,0.7042253521126761,66.66666666666666
3DUQ,819,5,281,3,2,278,1.0676156583629894,60.0
3DWN,842,3,196,0,3,196,0.0,0.0
3EAM,1555,10,405,4,6,401,0.9876543209876543,40.0
3EHB,1011,12,318,5,7,313,1.5723270440251573,41.66666666666667
3EML,448,2,150,2,0,148,1.3333333333333335,100.0
3F3A,508,6,319,5,1,314,1.5673981191222568,83.33333333333334
3F3C,509,2,309,2,0,307,0.6472491909385114,100.0
3F3D,510,3,310,2,1,308,0.6451612903225806,66.66666666666666
3F3E,510,4,309,3,1,306,0.9708737864077669,75.0
3F48,510,4,307,4,0,303,1.3029315960912053,100.0
3F4I,510,3,309,3,0,306,0.9708737864077669,100.0
3F4J,510,4,309,3,1,306,0.9708737864077669,75.0
3FHH,621,1,355,1,0,354,0.28169014084507044,100.0
3FYE,1578,5,327,1,4,326,0.3058103975535168,20.0
3FYI,1578,4,324,0,4,324,0.0,0.0
3G7F,1177,2,291,1,1,290,0.3436426116838488,50.0
3GJC,998,7,613,6,1,607,0.9787928221859705,85.71428571428571
3GJD,510,2,312,1,1,311,0.3205128205128205,50.0
3H1H,4042,11,617,6,5,611,0.9724473257698543,54.54545454545454
3H1I,4042,6,622,4,2,618,0.6430868167202572,66.66666666666666
3H1J,4042,10,625,8,2,617,1.28,80.0
3H1K,4046,10,620,7,3,613,1.129032258064516,70.0
3H1L,4042,10,627,8,2,619,1.2759170653907497,80.0
3H2K,388,4,4,0,4,4,0.0,0.0
3HB3,1007,6,332,2,4,330,0.6024096385542169,33.33333333333333
3HD6,403,2,261,2,0,259,0.7662835249042145,100.0
3HS5,1103,3,40,0,3,40,0.0,0.0
3HS6,1102,9,29,0,9,29,0.0,0.0
3HS7,1103,4,49,0,4,49,0.0,0.0
3HYV,2568,1,3,0,1,3,0.0,0.0
3HYW,2562,1,2,0,1,2,0.0,0.0
3I4D,822,9,289,4,5,285,1.384083044982699,44.44444444444444
3I65,370,2,4,0,2,4,0.0,0.0
3JCU,7648,32,2680,22,10,2658,0.8208955223880596,68.75
3JD8,1133,2,282,0,2,282,0.0,0.0
3JQO,4909,7,474,0,7,474,0.0,0.0
3KK6,1106,17,34,0,17,34,0.0,0.0
3KLY,1279,17,857,14,3,843,1.633605600933489,82.35294117647058
3KLZ,1281,11,862,8,3,854,0.9280742459396751,72.72727272727273
3KRK,1103,2,36,0,2,36,0.0,0.0
3KZI,2597,4,806,0,4,806,0.0,0.0
3L70,4042,10,613,7,3,606,1.1419249592169658,70.0
3L71,4042,9,615,5,4,610,0.8130081300813009,55.55555555555556
3L72,4043,8,613,6,2,607,0.9787928221859705,75.0
3L73,4042,10,612,5,5,607,0.8169934640522877,50.0
3L74,4042,15,618,9,6,609,1.4563106796116505,60.0
3L75,4042,12,619,7,5,612,1.1308562197092082,58.333333333333336
3LEO,150,2,82,2,0,80,2.4390243902439024,100.0
3LIM,1068,10,2,0,10,2,0.0,0.0
3LN0,2208,4,34,0,4,34,0.0,0.0
3LN1,2208,4,39,0,4,39,0.0,0.0
3M71,308,1,229,1,0,228,0.43668122270742354,100.0
3M72,306,1,229,1,0,228,0.43668122270742354,100.0
3M73,313,2,228,2,0,226,0.8771929824561403,100.0
3M74,306,3,229,3,0,226,1.3100436681222707,100.0
3M75,306,3,229,2,1,227,0.8733624454148471,66.66666666666666
3M76,306,2,228,2,0,226,0.8771929824561403,100.0
3M77,307,2,228,1,1,227,0.43859649122807015,50.0
3M78,307,1,226,1,0,225,0.4424778761061947,100.0
3M7B,309,3,229,2,1,227,0.8733624454148471,66.66666666666666
3M7C,304,3,228,2,1,226,0.8771929824561403,66.66666666666666
3M7E,309,1,228,1,0,227,0.43859649122807015,100.0
3M7L,308,4,220,3,1,217,1.3636363636363635,75.0
3MDL,1103,3,28,0,3,28,0.0,0.0
3MLM,242,6,1,0,6,1,0.0,0.0
3MPN,506,1,311,1,0,310,0.3215434083601286,100.0
3MPQ,491,2,301,1,1,300,0.33222591362126247,50.0
3MQE,2208,3,25,0,3,25,0.0,0.0
3N8V,1106,5,28,0,5,28,0.0,0.0
3N8W,1106,3,34,0,3,34,0.0,0.0
3N8X,1106,3,33,0,3,33,0.0,0.0
3N8Y,1105,4,32,0,4,32,0.0,0.0
3N8Z,1106,4,37,0,4,37,0.0,0.0
3N9Y,1077,2,1,0,2,1,0.0,0.0
3NAM,994,1,243,1,0,242,0.411522633744856,100.0
3NAN,994,1,244,1,0,243,0.4098360655737705,100.0
3NE2,1955,8,707,2,6,705,0.2828854314002829,25.0
3NSG,1023,5,672,4,1,668,0.5952380952380952,80.0
3NT1,1104,9,39,1,8,38,2.564102564102564,11.11111111111111
3NTB,2207,15,36,0,15,36,0.0,0.0
3NTG,2208,4,36,0,4,36,0.0,0.0
3NY8,439,2,155,0,2,155,0.0,0.0
3O0E,2123,41,720,16,25,704,2.2222222222222223,39.02439024390244
3OAX,696,5,159,0,5,159,0.0,0.0
3ODU,922,6,302,6,0,296,1.9867549668874174,100.0
3OE6,418,2,153,1,1,152,0.6535947712418301,50.0
3OLT,1102,1,19,0,1,19,0.0,0.0
3OLU,1102,2,51,0,2,51,0.0,0.0
3OM3,1578,5,327,1,4,326,0.3058103975535168,20.0
3OMA,1578,3,328,1,2,327,0.3048780487804878,33.33333333333333
3OMI,1577,6,328,1,5,327,0.3048780487804878,16.666666666666664
3OMN,1578,6,323,1,5,322,0.30959752321981426,16.666666666666664
3P4W,1555,5,411,5,0,406,1.2165450121654502,100.0
3P50,1555,4,412,4,0,408,0.9708737864077669,100.0
3PCQ,2243,8,597,1,7,596,0.16750418760469013,12.5
3PDS,442,1,157,0,1,157,0.0,0.0
3PF1,848,9,198,0,9,198,0.0,0.0
3PGS,853,12,195,3,9,192,1.5384615384615385,25.0
3PGU,408,8,195,6,2,189,3.076923076923077,75.0
3POQ,340,5,228,4,1,224,1.7543859649122806,80.0
3POX,2040,28,686,15,13,671,2.186588921282799,53.57142857142857
3PQR,337,3,158,0,3,158,0.0,0.0
3PRC,1185,3,281,0,3,281,0.0,0.0
3PUV,1881,2,337,0,2,337,0.0,0.0
3PUW,1881,3,336,1,2,335,0.2976190476190476,33.33333333333333
3PUX,1886,3,336,1,2,335,0.2976190476190476,33.33333333333333
3PUY,1886,3,334,1,2,333,0.29940119760479045,33.33333333333333
3PUZ,1873,3,337,0,3,337,0.0,0.0
3PV0,1875,2,341,0,2,341,0.0,0.0
3PXO,326,3,165,3,0,162,1.8181818181818181,100.0
3Q7D,1104,9,16,0,9,16,0.0,0.0
3QAK,444,2,150,0,2,150,0.0,0.0
3QH0,1103,5,39,0,5,39,0.0,0.0
3QMO,1102,3,57,0,3,57,0.0,0.0
3QS4,507,3,312,2,1,310,0.641025641025641,66.66666666666666
3QS5,510,1,313,1,0,312,0.3194888178913738,100.0
3QS6,510,2,309,2,0,307,0.6472491909385114,100.0
3RI5,3694,4,415,2,2,413,0.48192771084337355,50.0
3RIA,3697,1,415,1,0,414,0.24096385542168677,100.0
3RIF,3675,2,412,1,1,411,0.24271844660194172,50.0
3RLF,1892,2,340,0,2,340,0.0,0.0
3RR3,2208,13,35,1,12,34,2.857142857142857,7.6923076923076925
3RZE,428,1,152,0,1,152,0.0,0.0
3S8F,751,8,354,5,3,349,1.4124293785310735,62.5
3S8G,751,7,349,4,3,345,1.146131805157593,57.14285714285714
3SY9,1464,13,244,5,8,239,2.0491803278688523,38.46153846153847
3T6D,1187,16,284,5,11,279,1.7605633802816902,31.25
3T6E,1186,9,288,2,7,286,0.6944444444444444,22.22222222222222
3TDO,1294,14,876,14,0,862,1.5981735159817352,100.0
3TDP,1281,11,869,11,0,858,1.2658227848101267,100.0
3TDS,1293,16,868,16,0,852,1.8433179723502304,100.0
3TDX,1293,7,878,7,0,871,0.7972665148063782,100.0
3TE0,1293,13,871,13,0,858,1.4925373134328357,100.0
3TE1,1293,6,874,6,0,868,0.6864988558352403,100.0
3TE2,1293,22,868,22,0,846,2.5345622119815667,100.0
3TGU,4053,10,616,8,2,608,1.2987012987012987,80.0
3TIJ,404,1,307,1,0,306,0.32573289902280134,100.0
3TX3,453,6,118,0,6,118,0.0,0.0
3TZI,1103,3,56,0,3,56,0.0,0.0
3UG9,280,4,152,1,3,151,0.6578947368421052,25.0
3UU5,1555,5,407,4,1,403,0.9828009828009828,80.0
3UU6,1555,2,407,2,0,405,0.4914004914004914,100.0
3UU8,1555,7,406,4,3,402,0.9852216748768473,57.14285714285714
3UUB,3110,10,409,4,6,405,0.9779951100244498,40.0
3V3Y,824,3,295,2,1,293,0.6779661016949152,66.66666666666666
3V5U,297,5,220,4,1,216,1.8181818181818181,80.0
3VG9,733,2,152,1,1,151,0.6578947368421052,50.0
3VVN,445,3,258,3,0,255,1.1627906976744187,100.0
3VVO,448,7,256,7,0,249,2.734375,100.0
3VVR,450,1,274,1,0,273,0.36496350364963503,100.0
3VVS,453,2,271,0,2,271,0.0,0.0
3VW7,442,8,151,3,5,148,1.9867549668874174,37.5
3W4T,446,5,268,4,1,264,1.4925373134328357,80.0
3W5A,2019,5,272,1,4,271,0.3676470588235294,20.0
3W5C,994,4,245,2,2,243,0.8163265306122449,50.0
3W5D,994,3,242,1,2,241,0.4132231404958678,33.33333333333333
3W9I,6160,20,813,4,16,809,0.4920049200492005,20.0
3W9J,6160,13,808,2,11,806,0.24752475247524752,15.384615384615385
3W9K,135,2,1,0,2,1,0.0,0.0
3WBN,469,3,261,3,0,258,1.1494252873563218,100.0
3WEB,132,3,2,0,3,2,0.0,0.0
3WG7,3550,42,1262,20,22,1242,1.5847860538827259,47.61904761904761
3WGU,2663,7,268,1,6,267,0.3731343283582089,14.285714285714285
3WGV,2663,9,266,1,8,265,0.37593984962406013,11.11111111111111
3WJ1,304,3,2,0,3,2,0.0,0.0
3WMG,605,2,136,1,1,135,0.7352941176470588,50.0
3WMM,2774,88,1132,39,49,1093,3.4452296819787986,44.31818181818182
3WO6,212,2,128,2,0,126,1.5625,100.0
3WU2,5235,56,1630,13,43,1617,0.7975460122699387,23.214285714285715
3X2Q,3552,42,1264,16,26,1248,1.2658227848101267,38.095238095238095
3ZDQ,571,13,135,4,9,131,2.9629629629629632,30.76923076923077
3ZK1,1958,14,440,0,14,440,0.0,0.0
3ZK2,1958,19,429,0,19,429,0.0,0.0
3ZOJ,263,7,165,1,6,164,0.6060606060606061,14.285714285714285
3ZPQ,586,4,160,2,2,158,1.25,50.0
3ZPR,581,5,160,2,3,158,1.25,40.0
3ZUM,817,1,285,1,0,284,0.3508771929824561,100.0
3ZUX,308,5,232,3,2,229,1.293103448275862,60.0
3ZUY,308,2,237,1,1,236,0.42194092827004215,50.0
4A01,1480,2,698,0,2,698,0.0,0.0
4A1H,399,3,1,0,3,1,0.0,0.0
4A1Y,532,4,1,0,4,1,0.0,0.0
4A2N,192,1,109,1,0,108,0.9174311926605505,100.0
4A4M,337,4,164,3,1,161,1.8292682926829267,75.0
4A8Z,133,3,1,0,3,1,0.0,0.0
4AFK,430,6,273,6,0,267,2.197802197802198,100.0
4AL0,146,5,90,1,4,89,1.1111111111111112,20.0
4AL1,143,2,90,0,2,90,0.0,0.0
4AYT,565,9,132,2,7,130,1.5151515151515151,22.22222222222222
4AYW,560,1,130,0,1,130,0.0,0.0
4AYX,572,10,134,3,7,131,2.2388059701492535,30.0
4B61,868,1,278,1,0,277,0.3597122302158274,100.0
4BEY,337,3,157,0,3,157,0.0,0.0
4BEZ,326,2,163,1,1,162,0.6134969325153374,50.0
4BVM,133,4,1,0,4,1,0.0,0.0
4BVN,289,7,154,0,7,154,0.0,0.0
4C9G,265,13,177,13,0,164,7.344632768361582,100.0
4C9H,548,29,361,29,0,332,8.033240997229916,100.0
4C9J,544,24,180,12,12,168,6.666666666666667,50.0
4C9Q,576,21,178,9,12,169,5.056179775280898,42.857142857142854
4CAD,2737,3,178,0,3,178,0.0,0.0
4CBJ,890,1,521,0,1,521,0.0,0.0
4CJZ,335,2,190,2,0,188,1.0526315789473684,100.0
4CK0,332,3,192,2,1,190,1.0416666666666665,66.66666666666666
4CU4,714,4,367,3,1,364,0.8174386920980926,75.0
4CZA,839,2,589,0,2,589,0.0,0.0
4D65,2058,23,690,16,7,674,2.318840579710145,69.56521739130434
4D6T,3860,12,614,10,2,604,1.6286644951140066,83.33333333333334
4D6U,3866,12,616,10,2,606,1.6233766233766231,83.33333333333334
4DDJ,80,2,9,0,2,9,0.0,0.0
4DJH,895,3,315,0,3,315,0.0,0.0
4DX5,3418,12,814,4,8,810,0.4914004914004914,33.33333333333333
4DX6,3419,7,814,2,5,812,0.2457002457002457,28.57142857142857
4DX7,3419,16,814,3,13,811,0.36855036855036855,18.75
4E1G,1102,9,39,0,9,39,0.0,0.0
4E1S,242,8,160,8,0,152,5.0,100.0
4E1T,245,10,164,8,2,156,4.878048780487805,80.0
4EA3,654,3,154,0,3,154,0.0,0.0
4EIY,390,11,156,5,6,151,3.205128205128205,45.45454545454545
4ENE,1751,2,660,1,1,659,0.15151515151515152,50.0
4EPA,632,1,350,1,0,349,0.2857142857142857,100.0
4EPH,625,1,3,0,1,3,0.0,0.0
4EZC,1037,9,747,4,5,743,0.535475234270415,44.44444444444444
4EZD,1037,8,745,4,4,741,0.5369127516778524,50.0
4F2A,472,3,7,0,3,7,0.0,0.0
4F8H,1555,1,408,0,1,408,0.0,0.0
4FA7,743,8,357,6,2,351,1.680672268907563,75.0
4FAA,732,7,349,5,2,344,1.4326647564469914,71.42857142857143
4FBY,5214,12,1608,0,12,1608,0.0,0.0
4FC4,2496,1,877,0,1,877,0.0,0.0
4FE1,2243,8,728,3,5,725,0.4120879120879121,37.5
4FM5,2208,14,38,0,14,38,0.0,0.0
4FMS,737,6,246,3,3,243,1.2195121951219512,50.0
4FT6,387,4,252,2,2,250,0.7936507936507936,50.0
4G70,751,9,350,5,4,345,1.4285714285714286,55.55555555555556
4G71,751,7,354,4,3,350,1.1299435028248588,57.14285714285714
4G72,746,7,352,4,3,348,1.1363636363636365,57.14285714285714
4G7Q,752,8,356,4,4,352,1.1235955056179776,50.0
4G7R,748,6,356,4,2,352,1.1235955056179776,66.66666666666666
4G7S,751,4,353,2,2,351,0.56657223796034,50.0
4G7V,562,14,93,3,11,90,3.225806451612903,21.428571428571427
4G7Y,554,1,91,0,1,91,0.0,0.0
4GD3,3890,4,156,0,4,156,0.0,0.0
4GEY,420,5,258,4,1,254,1.550387596899225,80.0
4GP4,751,9,355,4,5,351,1.1267605633802817,44.44444444444444
4GP5,749,7,358,3,4,355,0.8379888268156425,42.857142857142854
4GP8,726,9,346,5,4,341,1.4450867052023122,55.55555555555556
4H33,91,1,62,1,0,61,1.6129032258064515,100.0
4HFC,1555,2,410,2,0,408,0.4878048780487805,100.0
4HFD,1555,1,406,1,0,405,0.24630541871921183,100.0
4HFE,1555,2,410,2,0,408,0.4878048780487805,100.0
4HFH,1555,2,410,2,0,408,0.4878048780487805,100.0
4HFI,1555,2,409,2,0,407,0.4889975550122249,100.0
4HG6,1402,11,263,4,7,259,1.520912547528517,36.36363636363637
4HMK,1009,15,619,9,6,610,1.4539579967689822,60.0
4HOD,510,3,311,2,1,309,0.6430868167202572,66.66666666666666
4HQJ,2598,2,268,2,0,266,0.7462686567164178,100.0
4HYT,2630,5,277,2,3,275,0.7220216606498195,40.0
4I0U,3455,1,203,0,1,203,0.0,0.0
4IB4,375,3,157,2,1,155,1.2738853503184715,66.66666666666666
4IKV,492,1,299,1,0,298,0.33444816053511706,100.0
4IKW,493,5,297,2,3,295,0.6734006734006733,40.0
4IKY,493,5,301,1,4,300,0.33222591362126247,20.0
4IL9,1555,4,408,4,0,404,0.9803921568627451,100.0
4ILA,1554,4,406,4,0,402,0.9852216748768473,100.0
4ILC,1555,2,408,2,0,406,0.49019607843137253,100.0
4IN5,823,3,286,1,2,285,0.34965034965034963,33.33333333333333
4IN6,823,4,285,0,4,285,0.0,0.0
4IN7,823,5,288,1,4,287,0.3472222222222222,20.0
4IRE,1561,1,411,0,1,411,0.0,0.0
4IXQ,5214,12,1611,1,11,1610,0.06207324643078833,8.333333333333332
4IXR,5214,15,1610,3,12,1607,0.18633540372670807,20.0
4J2T,994,1,239,1,0,238,0.41841004184100417,100.0
4J4Q,337,3,158,1,2,157,0.6329113924050633,33.33333333333333
4JBW,3616,6,334,0,6,334,0.0,0.0
4JC6,2007,6,684,2,4,682,0.29239766081871343,33.33333333333333
4JC7,155,1,84,1,0,83,1.1904761904761905,100.0
4JCZ,147,1,84,1,0,83,1.1904761904761905,100.0
4JKV,904,6,304,4,2,300,1.3157894736842104,66.66666666666666
4K1C,745,6,260,3,3,257,1.153846153846154,50.0
4K5Y,1051,3,155,0,3,155,0.0,0.0
4KFM,727,2,66,0,2,66,0.0,0.0
4KHZ,1873,2,338,1,1,337,0.2958579881656805,50.0
4KI0,1891,4,344,2,2,342,0.5813953488372093,50.0
4KPP,781,1,268,0,1,268,0.0,0.0
4KT0,2017,6,613,1,5,612,0.1631321370309951,16.666666666666664
4KVJ,611,1,2,0,1,2,0.0,0.0
4KVK,611,1,4,0,1,4,0.0,0.0
4KVL,610,7,10,0,7,10,0.0,0.0
4L6V,6534,26,717,2,24,715,0.2789400278940028,7.6923076923076925
4LCZ,624,3,290,3,0,287,1.0344827586206897,100.0
4LWY,823,5,289,3,2,286,1.0380622837370241,60.0
4M10,2207,3,36,0,3,36,0.0,0.0
4M11,2208,4,23,0,4,23,0.0,0.0
4MBS,692,3,149,1,2,148,0.6711409395973155,33.33333333333333
4MMB,504,2,324,2,0,322,0.6172839506172839,100.0
4MMD,1008,6,620,3,3,617,0.4838709677419355,50.0
4MME,1008,4,622,3,1,619,0.482315112540193,75.0
4MMF,1008,3,620,1,2,619,0.16129032258064516,33.33333333333333
4MRN,1198,4,240,0,4,240,0.0,0.0
4MRP,1198,6,240,0,6,240,0.0,0.0
4MRR,1200,3,240,0,3,240,0.0,0.0
4MRS,1198,5,241,0,5,241,0.0,0.0
4MRV,1198,5,240,0,5,240,0.0,0.0
4N4Y,748,9,354,6,3,348,1.694915254237288,66.66666666666666
4N6H,408,4,161,3,1,158,1.8633540372670807,75.0
4N7K,825,5,287,2,3,285,0.6968641114982579,40.0
4N7L,825,6,284,2,4,282,0.7042253521126761,33.33333333333333
4NAB,830,2,236,1,1,235,0.423728813559322,50.0
4NC3,370,5,159,3,2,156,1.8867924528301887,60.0
4NTA,147,1,84,1,0,83,1.1904761904761905,100.0
4NTF,145,1,85,0,1,85,0.0,0.0
4NTJ,369,1,158,1,0,157,0.6329113924050633,100.0
4OH3,1049,7,556,7,0,549,1.2589928057553956,100.0
4OO9,407,3,147,1,2,146,0.6802721088435374,33.33333333333333
4OR2,726,2,300,1,1,299,0.33333333333333337,50.0
4OTJ,2206,4,33,0,4,33,0.0,0.0
4OTY,1103,3,33,0,3,33,0.0,0.0
4P00,1383,11,260,6,5,254,2.307692307692308,54.54545454545454
4P02,1383,9,267,4,5,263,1.4981273408239701,44.44444444444444
4P79,181,3,86,3,0,83,3.488372093023256,100.0
4PB2,404,1,312,0,1,312,0.0,0.0
4PBU,5267,21,1633,7,14,1626,0.4286589099816289,33.33333333333333
4PD5,403,1,311,0,1,311,0.0,0.0
4PD6,401,1,304,0,1,304,0.0,0.0
4PH9,1102,9,29,1,8,28,3.4482758620689653,11.11111111111111
4PHU,434,3,155,2,1,153,1.2903225806451613,66.66666666666666
4PJ0,5279,25,1643,9,16,1634,0.5477784540474742,36.0
4PX7,251,2,139,2,0,137,1.4388489208633095,100.0
4PXF,332,3,159,1,2,158,0.628930817610063,33.33333333333333
4PXZ,392,2,152,0,2,152,0.0,0.0
4PY0,389,2,150,1,1,149,0.6666666666666667,50.0
4Q35,908,6,468,3,3,465,0.641025641025641,50.0
4QH5,1555,2,406,2,0,404,0.49261083743842365,100.0
4QL0,520,9,214,5,4,209,2.336448598130841,55.55555555555556
4QNC,163,6,126,5,1,121,3.968253968253968,83.33333333333334
4QND,97,2,67,1,1,66,1.4925373134328357,50.0
4QTN,707,6,499,0,6,499,0.0,0.0
4R0C,1901,8,604,0,8,604,0.0,0.0
4RCR,799,3,298,3,0,295,1.006711409395973,100.0
4RES,2627,4,278,1,3,277,0.3597122302158274,25.0
4RET,2632,4,279,1,3,278,0.35842293906810035,25.0
4RKU,3094,7,1122,0,7,1122,0.0,0.0
4RNG,494,7,121,0,7,121,0.0,0.0
4RRX,1104,1,34,0,1,34,0.0,0.0
4RRY,2208,17,32,0,17,32,0.0,0.0
4RS0,557,3,19,0,3,19,0.0,0.0
4RUT,2208,3,41,0,3,41,0.0,0.0
4RVY,5264,20,1616,6,14,1610,0.3712871287128713,30.0
4RWA,784,1,159,1,0,158,0.628930817610063,100.0
4RWC,22,1,19,1,0,18,5.263157894736842,100.0
4RWD,805,4,163,2,2,161,1.2269938650306749,50.0
4TL3,433,7,295,5,2,290,1.694915254237288,71.42857142857143
4TNH,5214,13,1604,2,11,1602,0.12468827930174563,15.384615384615385
4TNI,5214,12,1603,2,10,1601,0.12476606363069245,16.666666666666664
4TNJ,5214,12,1606,2,10,1604,0.12453300124533001,16.666666666666664
4TNK,5214,11,1601,1,10,1600,0.06246096189881324,9.090909090909092
4TNV,7719,7,409,0,7,409,0.0,0.0
4TNW,7746,25,400,3,22,397,0.75,12.0
4TPG,920,1,316,0,1,316,0.0,0.0
4TPH,907,1,313,1,0,312,0.3194888178913738,100.0
4TPJ,901,1,309,1,0,308,0.3236245954692557,100.0
4TQ5,275,1,194,1,0,193,0.5154639175257731,100.0
4TSY,704,15,90,0,15,90,0.0,0.0
4U15,783,1,157,0,1,157,0.0,0.0
4U3F,4038,10,616,9,1,607,1.461038961038961,90.0
4U4T,444,2,251,2,0,249,0.796812749003984,100.0
4U4V,442,1,255,1,0,254,0.39215686274509803,100.0
4U4W,868,7,251,5,2,246,1.9920318725099602,71.42857142857143
4U8V,3418,10,812,2,8,810,0.24630541871921183,20.0
4U8Y,3418,8,811,2,6,809,0.2466091245376079,25.0
4U95,3418,6,816,0,6,816,0.0,0.0
4U96,3418,9,814,1,8,813,0.12285012285012285,11.11111111111111
4U9L,357,3,234,1,2,233,0.4273504273504274,33.33333333333333
4UB6,5294,55,1668,9,46,1659,0.539568345323741,16.363636363636363
4UB8,5293,56,1647,7,49,1640,0.42501517911353975,12.5
4UC1,462,10,213,5,5,208,2.3474178403755865,50.0
4UC2,311,11,212,10,1,202,4.716981132075472,90.9090909090909
4UC3,275,7,210,7,0,203,3.3333333333333335,100.0
4UU1,994,3,235,2,1,233,0.851063829787234,66.66666666666666
4UXW,337,8,191,5,3,186,2.6178010471204187,62.5
4UXX,336,6,198,5,1,193,2.525252525252525,83.33333333333334
4V1F,257,3,120,1,2,119,0.8333333333333334,33.33333333333333
4WO1,128,7,80,4,3,76,5.0,57.14285714285714
4WOL,94,4,60,3,1,57,5.0,75.0
4X1H,337,2,157,0,2,157,0.0,0.0
4X5M,272,2,126,2,0,124,1.5873015873015872,100.0
4XE5,1307,4,275,3,1,272,1.090909090909091,75.0
4XK8,6350,20,1200,4,16,1196,0.33333333333333337,20.0
4XNK,421,1,270,1,0,269,0.3703703703703704,100.0
4XNL,425,6,274,6,0,268,2.18978102189781,100.0
4XNV,340,12,152,4,8,148,2.631578947368421,33.33333333333333
4XNX,966,1,308,0,1,308,0.0,0.0
4XP1,968,2,317,1,1,316,0.31545741324921134,50.0
4XPA,967,1,321,0,1,321,0.0,0.0
4XT1,474,4,154,1,3,153,0.6493506493506493,25.0
4XU5,189,1,137,0,1,137,0.0,0.0
4XU6,189,3,138,2,1,136,1.4492753623188406,66.66666666666666
4Y1K,2741,3,219,3,0,216,1.36986301369863,100.0
4Y28,3187,10,1172,4,6,1168,0.3412969283276451,40.0
4YCR,299,2,226,2,0,224,0.8849557522123894,100.0
4YL0,147,4,92,2,2,90,2.1739130434782608,50.0
4YL1,148,2,91,2,0,89,2.197802197802198,100.0
4YL3,146,3,92,1,2,91,1.0869565217391304,33.33333333333333
4YZI,289,2,151,1,1,150,0.6622516556291391,50.0
4Z0L,2204,5,34,0,5,34,0.0,0.0
4Z3N,431,5,265,5,0,260,1.8867924528301887,100.0
4Z9G,1239,4,151,0,4,151,0.0,0.0
4ZGV,1618,5,357,2,3,355,0.5602240896358543,40.0
4ZIT,6253,10,817,0,10,817,0.0,0.0
4ZIV,6262,13,813,0,13,813,0.0,0.0
4ZIW,6224,13,813,0,13,813,0.0,0.0
4ZJ8,503,2,154,1,1,153,0.6493506493506493,50.0
4ZJC,503,1,154,0,1,154,0.0,0.0
4ZJL,6255,23,807,3,20,804,0.37174721189591076,13.043478260869565
4ZJO,6258,16,807,1,15,806,0.12391573729863693,6.25
4ZJQ,6223,19,810,0,19,810,0.0,0.0
4ZR1,549,3,134,2,1,132,1.4925373134328357,66.66666666666666
4ZV5,182,4,2,1,3,1,50.0,25.0
4ZWC,936,3,252,0,3,252,0.0,0.0
4ZYO,298,3,142,0,3,142,0.0,0.0
5A1S,1721,5,698,3,2,695,0.42979942693409745,60.0
5A43,442,3,191,0,3,191,0.0,0.0
5A63,1223,2,396,2,0,394,0.5050505050505051,100.0
5A8E,285,5,160,1,4,159,0.625,20.0
5AH3,447,5,263,1,4,262,0.38022813688212925,20.0
5AHY,242,1,146,0,1,146,0.0,0.0
5AHZ,243,2,148,1,1,147,0.6756756756756757,50.0
5AW9,1299,1,280,1,0,279,0.35714285714285715,100.0
5AWW,559,2,319,2,0,317,0.6269592476489028,100.0
5AYN,405,10,258,7,3,251,2.7131782945736433,70.0
5AZB,284,1,177,1,0,176,0.5649717514124294,100.0
5AZP,1340,5,225,3,2,222,1.3333333333333335,60.0
5B1A,3550,46,1265,20,26,1245,1.5810276679841897,43.47826086956522
5B1B,3552,48,1265,23,25,1242,1.8181818181818181,47.91666666666667
5B3S,3542,53,1263,28,25,1235,2.2169437846397466,52.83018867924528
5B57,1170,1,427,1,0,426,0.234192037470726,100.0
5B5E,5249,140,1631,13,127,1618,0.797057020232986,9.285714285714286
5B66,5230,127,1620,14,113,1606,0.8641975308641975,11.023622047244094
5BN2,260,2,166,0,2,166,0.0,0.0
5BQG,148,1,92,0,1,92,0.0,0.0
5BQH,148,3,87,1,2,86,1.1494252873563218,33.33333333333333
5BQI,148,2,90,1,1,89,1.1111111111111112,50.0
5C02,25,7,23,7,0,16,30.434782608695656,100.0
5C1M,413,1,158,1,0,157,0.6329113924050633,100.0
5C65,909,2,249,1,1,248,0.4016064257028112,50.0
5CE4,131,4,1,0,4,1,0.0,0.0
5CGC,409,3,64,0,3,64,0.0,0.0
5CGD,408,2,65,0,2,65,0.0,0.0
5CXV,451,1,157,0,1,157,0.0,0.0
5D5A,442,4,156,0,4,156,0.0,0.0
5D5B,442,4,157,0,4,157,0.0,0.0
5D5D,403,7,267,7,0,260,2.6217228464419478,100.0
5D6L,442,3,156,0,3,156,0.0,0.0
5DA0,579,2,316,1,1,315,0.31645569620253167,50.0
5DHH,669,1,159,0,1,159,0.0,0.0
5DIR,608,11,102,3,8,99,2.941176470588235,27.27272727272727
5DSG,791,7,160,1,6,159,0.625,14.285714285714285
5DUO,463,7,206,4,3,202,1.9417475728155338,57.14285714285714
5DWY,1281,1,773,0,1,773,0.0,0.0
5DYS,326,5,159,1,4,158,0.628930817610063,20.0
5E79,5264,24,1624,12,12,1612,0.7389162561576355,50.0
5E7C,5264,28,1627,10,18,1617,0.6146281499692685,35.714285714285715
5E9S,1283,5,775,1,4,774,0.12903225806451613,20.0
5EE7,416,3,159,2,1,157,1.257861635220126,66.66666666666666
5EIK,234,4,204,4,0,200,1.9607843137254901,100.0
5EIY,1386,9,229,6,3,223,2.6200873362445414,66.66666666666666
5EJZ,1383,12,236,7,5,229,2.9661016949152543,58.333333333333336
5EN0,337,5,158,1,4,157,0.6329113924050633,20.0
5F19,1102,3,9,0,3,9,0.0,0.0
5F1A,1105,3,35,0,3,35,0.0,0.0
5F2T,509,1,8,0,1,8,0.0,0.0
5FDQ,1102,3,29,0,3,29,0.0,0.0
5FGN,536,2,123,0,2,123,0.0,0.0
5FI8,363,5,1,1,4,0,100.0,20.0
5FJG,269,15,145,12,3,133,8.275862068965518,80.0
5FUF,449,1,262,0,1,262,0.0,0.0
5FVN,2052,29,681,4,25,677,0.5873715124816447,13.793103448275861
5G28,264,2,145,1,1,144,0.6896551724137931,50.0
5G2D,267,1,144,0,1,144,0.0,0.0
5G36,242,2,146,1,1,145,0.684931506849315,50.0
5G54,269,1,144,0,1,144,0.0,0.0
5GJV,2661,7,709,6,1,703,0.846262341325811,85.71428571428571
5GTH,5284,47,1635,5,42,1630,0.3058103975535168,10.638297872340425
5GTI,5284,44,1643,8,36,1635,0.48691418137553255,18.181818181818183
5H2F,5147,123,1587,16,107,1571,1.0081915563957151,13.008130081300814
5HK1,650,3,75,0,3,75,0.0,0.0
5HK2,641,5,72,0,5,72,0.0,0.0
5HXC,300,1,225,1,0,224,0.4444444444444444,100.0
5HXE,297,3,222,3,0,219,1.3513513513513513,100.0
5HXR,293,2,214,1,1,213,0.46728971962616817,50.0
5HXS,296,2,218,0,2,218,0.0,0.0
5HYA,297,4,219,4,0,215,1.82648401826484,100.0
5I20,1638,7,217,2,5,215,0.9216589861751152,28.57142857142857
5I6C,948,6,629,6,0,623,0.9538950715421303,100.0
5I6X,976,4,305,3,1,302,0.9836065573770493,75.0
5I9K,123,7,87,6,1,81,6.896551724137931,85.71428571428571
5IA9,123,7,87,6,1,81,6.896551724137931,85.71428571428571
5IKQ,1102,4,30,0,4,30,0.0,0.0
5IKR,1102,15,34,0,15,34,0.0,0.0
5IKV,1102,4,40,0,4,40,0.0,0.0
5ITC,684,4,448,2,2,446,0.4464285714285714,50.0
5ITE,684,11,437,4,7,433,0.9153318077803204,36.36363636363637
5IU4,388,10,156,4,6,152,2.564102564102564,40.0
5IU7,392,7,155,2,5,153,1.2903225806451613,28.57142857142857
5IU8,387,10,156,3,7,153,1.9230769230769231,30.0
5IUA,388,7,156,2,5,154,1.282051282051282,28.57142857142857
5IUB,388,9,157,4,5,153,2.547770700636943,44.44444444444444
5IUY,1341,4,221,3,1,218,1.3574660633484164,75.0
5IY5,3758,32,1270,11,21,1259,0.8661417322834646,34.375
5IYU,429,2,277,2,0,275,0.7220216606498195,100.0
5J0Z,1555,3,405,3,0,402,0.7407407407407408,100.0
5JAE,1010,5,621,4,1,617,0.644122383252818,80.0
5JAF,494,2,317,1,1,316,0.31545741324921134,50.0
5JAG,496,4,315,4,0,311,1.2698412698412698,100.0
5JDF,294,4,218,3,1,215,1.3761467889908259,75.0
5JDG,294,2,219,0,2,219,0.0,0.0
5JDM,294,1,219,1,0,218,0.45662100456621,100.0
5JDN,297,3,214,0,3,214,0.0,0.0
5JDQ,296,1,218,1,0,217,0.45871559633027525,100.0
5JJE,284,1,187,0,1,187,0.0,0.0
5JJF,284,1,187,0,1,187,0.0,0.0
5JJN,560,3,373,0,3,373,0.0,0.0
5JKI,201,4,163,4,0,159,2.4539877300613497,100.0
5JMN,3413,12,812,4,8,808,0.49261083743842365,33.33333333333333
5JNQ,307,1,212,0,1,212,0.0,0.0
5JSI,430,2,294,2,0,292,0.6802721088435374,100.0
5JTB,388,7,158,4,3,154,2.5316455696202533,57.14285714285714
5JVZ,1103,2,34,0,2,34,0.0,0.0
5JW1,1103,3,11,0,3,11,0.0,0.0
5K0I,147,2,88,1,1,87,1.1363636363636365,50.0
5K2A,398,8,160,4,4,156,2.5,50.0
5K2B,394,8,157,4,4,153,2.547770700636943,50.0
5K2C,396,5,153,0,5,153,0.0,0.0
5K2D,395,6,155,2,4,153,1.2903225806451613,33.33333333333333
5KAF,5313,13,1637,3,10,1634,0.1832620647525962,23.076923076923077
5KAI,5310,18,1626,6,12,1620,0.36900369003690037,33.33333333333333
5KBN,442,2,196,0,2,196,0.0,0.0
5KKH,684,6,436,1,5,435,0.22935779816513763,16.666666666666664
5KKZ,3456,20,515,4,16,511,0.7766990291262136,20.0
5KLV,2077,20,339,14,6,325,4.129793510324483,70.0
5KOM,441,2,197,0,2,197,0.0,0.0
5KSD,1666,3,222,0,3,222,0.0,0.0
5KUK,326,1,75,0,1,75,0.0,0.0
5KUM,326,1,76,0,1,76,0.0,0.0
5KYM,473,1,32,0,1,32,0.0,0.0
5L7D,1166,2,155,0,2,155,0.0,0.0
5L8R,3230,15,1192,4,11,1188,0.33557046979865773,26.666666666666668
5LDL,3720,376,90,0,376,90,0.0,0.0
5LNK,7918,8,1727,5,3,1722,0.2895193977996526,62.5
5LRI,820,4,286,2,2,284,0.6993006993006993,50.0
5LSE,821,3,291,1,2,290,0.3436426116838488,33.33333333333333
5LWE,560,9,152,3,6,149,1.9736842105263157,33.33333333333333
5LWY,511,2,156,2,0,154,1.282051282051282,100.0
5LX9,511,2,155,2,0,153,1.2903225806451613,100.0
5LXA,522,1,159,1,0,158,0.628930817610063,100.0
5MLZ,355,1,102,1,0,101,0.9803921568627451,100.0
5MM0,355,2,104,2,0,102,1.9230769230769231,100.0
5MRW,4332,1,546,0,1,546,0.0,0.0
5MVM,1555,1,414,1,0,413,0.24154589371980675,100.0
5MVN,1555,9,414,6,3,408,1.4492753623188406,66.66666666666666
5MX2,5253,22,1649,8,14,1641,0.4851425106124924,36.36363636363637
5MZJ,386,10,156,4,6,152,2.564102564102564,40.0
5MZP,389,12,158,5,7,153,3.1645569620253164,41.66666666666667
5MZR,1555,3,405,3,0,402,0.7407407407407408,100.0
5N2R,388,11,149,5,6,144,3.3557046979865772,45.45454545454545
5N4M,133,4,1,0,4,1,0.0,0.0
5N4P,133,5,1,0,5,1,0.0,0.0
5N4Q,133,6,1,0,6,1,0.0,0.0
5N6H,1001,13,202,7,6,195,3.4653465346534658,53.84615384615385
5N6L,997,9,200,4,5,196,2.0,44.44444444444444
5N6M,491,3,206,1,2,205,0.48543689320388345,33.33333333333333
5NC5,3528,8,911,8,0,903,0.8781558726673985,100.0
5NCQ,984,2,240,1,1,239,0.4166666666666667,50.0
5NDC,752,3,346,2,1,344,0.5780346820809248,66.66666666666666
5NJ4,1185,1,281,0,1,281,0.0,0.0
5NLX,382,3,157,1,2,156,0.6369426751592357,33.33333333333333
5NM2,388,50,155,37,13,118,23.870967741935484,74.0
5NM4,382,19,157,13,6,144,8.280254777070063,68.42105263157895
5NMI,3934,12,662,10,2,652,1.5105740181268883,83.33333333333334
5NNK,34,5,6,0,5,6,0.0,0.0
5NSW,1341,6,225,4,2,221,1.7777777777777777,66.66666666666666
5NTY,175,1,1,0,1,1,0.0,0.0
5NU6,175,1,3,0,1,3,0.0,0.0
5NU8,175,1,3,0,1,3,0.0,0.0
5NUP,1634,5,1174,5,0,1169,0.42589437819420783,100.0
5NV9,480,1,305,0,1,305,0.0,0.0
5NXR,1056,3,690,3,0,687,0.43478260869565216,100.0
5NXU,1056,5,688,5,0,683,0.7267441860465116,100.0
5O4C,1185,2,287,0,2,287,0.0,0.0
5O64,1177,1,283,0,1,283,0.0,0.0
5O65,850,4,466,3,1,463,0.6437768240343348,75.0
5O68,3203,1,476,0,1,476,0.0,0.0
5O9H,589,12,310,4,8,306,1.2903225806451613,33.33333333333333
5OCE,1009,5,5,0,5,5,0.0,0.0
5OCH,4473,7,257,4,3,253,1.556420233463035,57.14285714285714
5OGE,2417,10,451,7,3,444,1.5521064301552108,70.0
5OGK,2359,10,449,0,10,449,0.0,0.0
5OKD,2016,9,301,5,4,296,1.6611295681063125,55.55555555555556
5OLG,390,13,158,7,6,151,4.430379746835443,53.84615384615385
5OLH,390,11,158,7,4,151,4.430379746835443,63.63636363636363
5OLO,385,6,152,3,3,149,1.9736842105263157,50.0
5OLV,388,11,160,5,6,155,3.125,45.45454545454545
5OLZ,387,12,157,8,4,149,5.095541401273886,66.66666666666666
5OM1,388,12,157,5,7,152,3.1847133757961785,41.66666666666667
5OM4,389,14,157,6,8,151,3.821656050955414,42.857142857142854
5ONU,960,6,702,6,0,696,0.8547008547008548,100.0
5OON,270,3,205,2,1,203,0.975609756097561,66.66666666666666
5OQT,484,7,301,4,3,297,1.3289036544850499,57.14285714285714
5OSA,1565,15,408,15,0,393,3.6764705882352944,100.0
5OSC,1560,16,410,16,0,394,3.902439024390244,100.0
5OY0,6771,34,2244,10,24,2234,0.4456327985739751,29.411764705882355
5PRC,1185,3,282,1,2,281,0.3546099290780142,33.33333333333333
5SY1,1458,2,553,2,0,551,0.3616636528028933,100.0
5SYT,444,54,176,40,14,136,22.727272727272727,74.07407407407408
5T1A,444,1,154,1,0,153,0.6493506493506493,100.0
5T36,147,2,91,1,1,90,1.098901098901099,50.0
5T37,148,2,91,1,1,90,1.098901098901099,50.0
5T77,467,49,315,42,7,273,13.333333333333334,85.71428571428571
5TE3,326,6,156,3,3,153,1.9230769230769231,50.0
5TGZ,439,1,155,0,1,155,0.0,0.0
5TIS,5313,16,1645,5,11,1640,0.303951367781155,31.25
5TL9,147,2,91,0,2,91,0.0,0.0
5TR1,1648,2,658,2,0,656,0.303951367781155,100.0
5TVN,393,2,158,2,0,156,1.2658227848101267,100.0
5TZR,437,4,157,2,2,155,1.2738853503184715,50.0
5TZY,418,2,157,2,0,155,1.2738853503184715,100.0
5U6X,1106,5,24,0,5,24,0.0,0.0
5UEN,767,4,309,3,1,306,0.9708737864077669,75.0
5UIW,419,2,165,1,1,164,0.6060606060606061,50.0
5UNI,355,4,247,4,0,243,1.6194331983805668,100.0
5UVI,391,6,155,3,3,152,1.935483870967742,50.0
5V2C,5272,66,1638,10,56,1628,0.6105006105006106,15.151515151515152
5V6N,1550,1,422,1,0,421,0.23696682464454977,100.0
5V8K,625,2,281,0,2,281,0.0,0.0
5VBL,365,2,150,2,0,148,1.3333333333333335,100.0
5VEW,845,1,153,0,1,153,0.0,0.0
5VRA,390,9,159,5,4,154,3.1446540880503147,55.55555555555556
5VRG,494,3,194,1,2,193,0.5154639175257731,33.33333333333333
5VRH,490,2,195,2,0,193,1.0256410256410255,100.0
5W3S,1940,9,652,9,0,643,1.3803680981595092,100.0
5W58,557,2,21,0,2,21,0.0,0.0
5W7B,1012,10,2,0,10,2,0.0,0.0
5W97,3550,27,1245,10,17,1235,0.8032128514056224,37.03703703703704
5WAU,3550,31,1254,9,22,1245,0.7177033492822966,29.03225806451613
5WB2,618,3,154,1,2,153,0.6493506493506493,33.33333333333333
5WBE,1106,4,29,0,4,29,0.0,0.0
5WF5,444,1,150,0,1,150,0.0,0.0
5WF6,441,1,152,0,1,152,0.0,0.0
5WIU,373,4,153,3,1,150,1.9607843137254901,75.0
5WIV,379,2,150,2,0,148,1.3333333333333335,100.0
5WKT,337,15,158,12,3,146,7.59493670886076,80.0
5WQC,499,2,154,1,1,153,0.6493506493506493,50.0
5WS5,5283,43,1654,4,39,1650,0.24183796856106407,9.30232558139535
5WS6,5283,47,1645,8,39,1637,0.48632218844984804,17.02127659574468
5X19,3550,33,1255,8,25,1247,0.6374501992031872,24.242424242424242
5X1B,3550,23,1246,7,16,1239,0.5617977528089888,30.434782608695656
5X1F,3550,34,1257,9,25,1248,0.7159904534606205,26.47058823529412
5X93,430,3,153,2,1,151,1.3071895424836601,66.66666666666666
5XA7,994,5,252,5,0,247,1.984126984126984,100.0
5XA8,994,1,230,1,0,229,0.43478260869565216,100.0
5XA9,994,4,241,3,1,238,1.2448132780082988,75.0
5XAA,994,5,238,4,1,234,1.680672268907563,80.0
5XAB,994,5,238,3,2,235,1.2605042016806722,60.0
5XAN,1461,1,261,0,1,261,0.0,0.0
5XAP,732,5,262,4,1,258,1.5267175572519083,80.0
5XAR,1650,1,689,1,0,688,0.14513788098693758,100.0
5XAS,816,2,695,2,0,693,0.28776978417266186,100.0
5XAT,1641,2,692,2,0,690,0.2890173410404624,100.0
5XDQ,3542,45,1266,20,25,1246,1.579778830963665,44.44444444444444
5XDX,3542,47,1265,19,28,1246,1.5019762845849802,40.42553191489361
5XJ6,200,1,140,1,0,139,0.7142857142857143,100.0
5XMJ,4296,5,232,1,4,231,0.43103448275862066,20.0
5XNN,854,3,421,3,0,418,0.7125890736342043,100.0
5XNO,854,3,396,3,0,393,0.7575757575757576,100.0
5XR8,431,2,157,2,0,155,1.2738853503184715,100.0
5XRA,428,3,150,2,1,148,1.3333333333333335,66.66666666666666
5XSZ,448,3,155,2,1,153,1.2903225806451613,66.66666666666666
5XTC,4701,15,1801,10,5,1791,0.5552470849528041,66.66666666666666
5XTD,8191,15,1819,10,5,1809,0.5497526113249038,66.66666666666666
5XTE,4222,23,667,11,12,656,1.6491754122938531,47.82608695652174
5Y5S,2726,87,1102,30,57,1072,2.722323049001815,34.48275862068966
5Y78,610,12,447,11,1,436,2.460850111856823,91.66666666666666
5Y79,610,7,447,7,0,440,1.5659955257270695,100.0
5Y9I,297,1,7,0,1,7,0.0,0.0
5YCK,450,2,262,2,0,260,0.7633587786259541,100.0
5YHF,734,4,270,4,0,266,1.4814814814814816,100.0
5YLU,1233,1,259,1,0,258,0.3861003861003861,100.0
5YLV,1247,3,256,0,3,256,0.0,0.0
5YQZ,586,2,166,2,0,164,1.2048192771084338,100.0
5YS3,552,1,401,1,0,400,0.24937655860349126,100.0
5YUA,228,1,163,1,0,162,0.6134969325153374,100.0
5YUB,229,1,158,1,0,157,0.6329113924050633,100.0
5Z62,1855,9,628,1,8,627,0.15923566878980894,11.11111111111111
5Z84,3550,55,1269,24,31,1245,1.8912529550827424,43.63636363636363
5Z85,3550,53,1263,22,31,1241,1.741884402216944,41.509433962264154
5Z86,3550,42,1263,20,22,1243,1.583531274742676,47.61904761904761
5Z96,2665,5,759,2,3,757,0.2635046113306983,40.0
5ZCO,3550,46,1254,18,28,1236,1.4354066985645932,39.130434782608695
5ZCP,3550,54,1255,23,31,1232,1.8326693227091633,42.592592592592595
5ZCQ,3550,61,1258,25,36,1233,1.987281399046105,40.98360655737705
5ZGB,3102,3,1265,0,3,1265,0.0,0.0
5ZGH,2757,6,1067,0,6,1067,0.0,0.0
5ZIH,562,9,306,6,3,300,1.9607843137254901,66.66666666666666
5ZJI,4086,9,1588,4,5,1584,0.2518891687657431,44.44444444444444
5ZKQ,678,3,149,1,2,148,0.6711409395973155,33.33333333333333
5ZM7,366,1,10,0,1,10,0.0,0.0
5ZMV,999,1,236,1,0,235,0.423728813559322,100.0
5ZMW,1000,2,254,0,2,254,0.0,0.0
5ZTK,264,1,144,0,1,144,0.0,0.0
5ZTL,260,3,144,2,1,142,1.3888888888888888,66.66666666666666
5ZTY,449,1,147,1,0,146,0.6802721088435374,100.0
5ZX5,3256,9,743,6,3,737,0.8075370121130552,66.66666666666666
5ZZN,5246,110,1626,12,98,1614,0.7380073800738007,10.909090909090908
6A15,439,1,1,0,1,1,0.0,0.0
6A2J,309,11,178,4,7,174,2.247191011235955,36.36363636363637
6A6M,589,4,122,1,3,121,0.819672131147541,25.0
6A6N,587,2,128,2,0,126,1.5625,100.0
6A91,1380,1,655,1,0,654,0.15267175572519084,100.0
6A93,729,1,152,0,1,152,0.0,0.0
6A94,729,1,151,0,1,151,0.0,0.0
6AB9,264,2,144,1,1,143,0.6944444444444444,50.0
6ABA,264,3,145,2,1,143,1.3793103448275863,66.66666666666666
6ADQ,6026,40,1825,14,26,1811,0.7671232876712328,35.0
6AEI,2568,7,754,2,5,752,0.2652519893899204,28.57142857142857
6AJG,900,13,277,7,6,270,2.527075812274368,53.84615384615385
6AK3,544,5,315,3,2,312,0.9523809523809524,60.0
6AKY,340,1,154,1,0,153,0.6493506493506493,100.0
6AQ1,268,8,2,0,8,2,0.0,0.0
6AQF,390,6,160,3,3,157,1.875,50.0
6AWN,976,4,306,3,1,303,0.9803921568627451,75.0
6AWO,976,1,303,0,1,303,0.0,0.0
6AWQ,976,1,300,0,1,300,0.0,0.0
6B21,369,3,266,2,1,264,0.7518796992481203,66.66666666666666
6B24,441,3,195,0,3,195,0.0,0.0
6B2A,442,3,198,0,3,198,0.0,0.0
6B2B,442,3,200,0,3,200,0.0,0.0
6B2D,441,2,198,0,2,198,0.0,0.0
6B73,798,5,154,3,2,151,1.948051948051948,60.0
6BAJ,3042,7,797,4,3,793,0.5018820577164366,57.14285714285714
6BD4,379,4,156,2,2,154,1.282051282051282,50.0
6BFG,746,7,14,0,7,14,0.0,0.0
6BHU,1208,1,249,1,0,248,0.4016064257028112,100.0
6BL3,2208,3,36,0,3,36,0.0,0.0
6BL4,2208,4,34,0,4,34,0.0,0.0
6BML,586,2,116,0,2,116,0.0,0.0
6BMS,563,2,104,0,2,104,0.0,0.0
6BPL,1141,1,255,1,0,254,0.39215686274509803,100.0
6BPM,1422,2,357,1,1,356,0.2801120448179272,50.0
6BPN,656,1,356,1,0,355,0.2808988764044944,100.0
6BPO,2844,4,353,2,2,351,0.56657223796034,50.0
6BQH,351,1,164,1,0,163,0.6097560975609756,100.0
6BQO,349,5,202,1,4,201,0.49504950495049505,20.0
6BQR,3792,9,816,5,4,811,0.6127450980392157,55.55555555555556
6BQV,3728,8,810,4,4,806,0.49382716049382713,50.0
6BWD,2600,14,723,10,4,713,1.3831258644536653,71.42857142857143
6BWI,2484,13,779,10,3,769,1.2836970474967908,76.92307692307693
6BX4,438,2,197,0,2,197,0.0,0.0
6C1R,374,4,154,3,1,151,1.948051948051948,75.0
6C3I,774,6,278,4,2,274,1.4388489208633095,66.66666666666666
6CB2,270,9,200,8,1,192,4.0,88.88888888888889
6CI0,1579,3,325,1,2,324,0.3076923076923077,33.33333333333333
6CM4,423,2,150,1,1,149,0.6666666666666667,50.0
6CNJ,3122,4,401,4,0,397,0.997506234413965,100.0
6CNK,2694,2,398,2,0,396,0.5025125628140703,100.0
6CNM,1700,8,564,0,8,564,0.0,0.0
6CNN,2024,12,588,0,12,588,0.0,0.0
6CO7,4244,28,760,24,4,736,3.1578947368421053,85.71428571428571
6CSM,1092,3,293,2,1,291,0.6825938566552902,66.66666666666666
6CSN,281,1,149,1,0,148,0.6711409395973155,100.0
6CSO,282,1,149,1,0,148,0.6711409395973155,100.0
6CSX,2999,6,785,4,2,781,0.5095541401273885,66.66666666666666
6D0J,967,6,671,3,3,668,0.44709388971684055,50.0
6D0K,967,6,679,3,3,676,0.4418262150220913,50.0
6D0N,969,6,680,3,3,677,0.4411764705882353,50.0
6D27,442,1,150,0,1,150,0.0,0.0
6D6U,2106,1,403,0,1,403,0.0,0.0
6D91,398,6,270,4,2,266,1.4814814814814816,66.66666666666666
6D9Z,1433,83,120,21,62,99,17.5,25.301204819277107
6DJZ,653,5,71,0,5,71,0.0,0.0
6DK0,652,1,85,0,1,85,0.0,0.0
6DK1,652,6,75,1,5,74,1.3333333333333335,16.666666666666664
6DMY,1144,2,254,1,1,253,0.39370078740157477,50.0
6DO1,1006,1,156,0,1,156,0.0,0.0
6DRX,368,2,155,2,0,153,1.2903225806451613,100.0
6DRY,390,3,156,2,1,154,1.282051282051282,66.66666666666666
6DRZ,388,4,155,3,1,152,1.935483870967742,75.0
6DS0,368,3,160,3,0,157,1.875,100.0
6DZY,988,2,300,2,0,298,0.6666666666666667,100.0
6E0B,375,2,2,0,2,2,0.0,0.0
6E1H,2120,2,524,0,2,524,0.0,0.0
6E1K,1444,8,481,6,2,475,1.2474012474012475,75.0
6E1M,1066,6,473,5,1,468,1.0570824524312896,83.33333333333334
6E1N,1272,10,629,10,0,619,1.5898251192368837,100.0
6E1P,1286,8,641,6,2,635,0.93603744149766,75.0
6E4V,672,8,352,7,1,345,1.9886363636363635,87.5
6E8Q,527,3,49,0,3,49,0.0,0.0
6EBU,165,1,131,1,0,130,0.7633587786259541,100.0
6EDQ,540,6,292,5,1,287,1.7123287671232876,83.33333333333334
6EID,496,6,300,3,3,297,1.0,50.0
6EIG,498,6,300,3,3,297,1.0,50.0
6ENE,987,1,681,1,0,680,0.14684287812041116,100.0
6ET5,3491,1,1349,0,1,1349,0.0,0.0
6EU6,405,2,262,1,1,261,0.38167938931297707,50.0
6EW2,133,7,1,0,7,1,0.0,0.0
6EW4,133,6,1,0,6,1,0.0,0.0
6EW5,532,31,1,0,31,1,0.0,0.0
6EXS,487,6,294,3,3,291,1.0204081632653061,50.0
6F0I,1555,2,408,2,0,406,0.49019607843137253,100.0
6F0J,1555,2,407,2,0,405,0.4914004914004914,100.0
6F0N,1555,1,410,1,0,409,0.24390243902439024,100.0
6F0V,1555,1,406,1,0,405,0.24630541871921183,100.0
6F10,1555,1,403,1,0,402,0.24813895781637718,100.0
6F11,1555,1,407,1,0,406,0.2457002457002457,100.0
6F12,1555,1,404,1,0,403,0.24752475247524752,100.0
6F13,1555,2,415,2,0,413,0.48192771084337355,100.0
6F15,1555,1,406,1,0,405,0.24630541871921183,100.0
6F34,486,3,295,1,2,294,0.3389830508474576,33.33333333333333
6FFI,409,2,147,2,0,145,1.3605442176870748,100.0
6FJ3,591,2,156,1,1,155,0.641025641025641,50.0
6FK6,326,8,155,4,4,151,2.5806451612903225,50.0
6FK7,326,9,155,4,5,151,2.5806451612903225,44.44444444444444
6FK8,326,3,157,2,1,155,1.2738853503184715,66.66666666666666
6FK9,326,10,159,5,5,154,3.1446540880503147,50.0
6FKA,326,8,155,4,4,151,2.5806451612903225,50.0
6FKB,328,8,159,4,4,155,2.515723270440252,50.0
6FKC,326,5,156,3,2,153,1.9230769230769231,60.0
6FKD,326,6,157,3,3,154,1.910828025477707,50.0
6FMS,616,11,92,2,9,90,2.1739130434782608,18.181818181818183
6FMT,254,2,199,2,0,197,1.0050251256281406,100.0
6FMV,270,5,203,4,1,199,1.9704433497536946,80.0
6FMW,270,3,205,2,1,203,0.975609756097561,66.66666666666666
6FMX,201,9,163,9,0,154,5.521472392638037,100.0
6G2J,8152,12,1810,6,6,1804,0.3314917127071823,50.0
6G7H,230,12,147,10,2,137,6.802721088435375,83.33333333333334
6G7I,230,12,146,10,2,136,6.8493150684931505,83.33333333333334
6G7J,230,16,145,14,2,131,9.655172413793103,87.5
6G7K,230,11,144,9,2,135,6.25,81.81818181818183
6G7L,230,12,146,10,2,136,6.8493150684931505,83.33333333333334
6GCI,416,13,170,3,10,167,1.7647058823529411,23.076923076923077
6GPX,587,39,154,18,21,136,11.688311688311687,46.15384615384615
6GS4,593,1,311,1,0,310,0.3215434083601286,100.0
6GT3,388,16,151,6,10,145,3.9735099337748347,37.5
6GYN,1980,12,584,4,8,580,0.684931506849315,33.33333333333333
6GYO,2004,12,588,4,8,584,0.6802721088435374,33.33333333333333
6H5A,416,8,281,8,0,273,2.8469750889679712,100.0
6H7D,487,6,251,5,1,246,1.9920318725099602,83.33333333333334
6HAW,2006,9,299,5,4,294,1.6722408026755853,55.55555555555556
6HD8,693,9,144,7,2,137,4.861111111111112,77.77777777777779
6HD9,693,7,144,6,1,138,4.166666666666666,85.71428571428571
6HDA,693,9,145,6,3,139,4.137931034482759,66.66666666666666
6HDB,693,9,144,7,2,137,4.861111111111112,77.77777777777779
6HDC,693,7,144,6,1,138,4.166666666666666,85.71428571428571
6HEF,994,2,228,2,0,226,0.8771929824561403,100.0
6HIJ,1144,5,301,5,0,296,1.6611295681063125,100.0
6HJ3,1555,3,410,3,0,407,0.7317073170731708,100.0
6HJA,1555,1,410,1,0,409,0.24390243902439024,100.0
6HJB,1555,4,411,2,2,409,0.48661800486618007,50.0
6HJI,1555,2,405,1,1,404,0.24691358024691357,50.0
6HJX,2131,4,398,3,1,395,0.7537688442211055,75.0
6HJZ,3110,2,410,1,1,409,0.24390243902439024,50.0
6HK0,3064,9,398,1,8,397,0.25125628140703515,11.11111111111111
6HLO,477,5,156,1,4,155,0.641025641025641,20.0
6HLP,483,5,165,1,4,164,0.6060606060606061,20.0
6HPP,1555,1,409,1,0,408,0.24449877750611246,100.0
6HQB,2233,10,704,1,9,703,0.14204545454545456,10.0
6HU9,7636,14,1897,8,6,1889,0.42171850289931473,57.14285714285714
6HWH,4916,15,1690,0,15,1690,0.0,0.0
6HY5,1555,5,405,5,0,400,1.2345679012345678,100.0
6HYV,1555,17,415,0,17,415,0.0,0.0
6HYW,1555,4,407,4,0,403,0.9828009828009828,100.0
6HYZ,1555,6,405,2,4,403,0.49382716049382713,33.33333333333333
6HZ0,1555,7,415,2,5,413,0.48192771084337355,28.57142857142857
6HZW,1555,8,412,3,5,409,0.7281553398058253,37.5
6I53,1821,1,407,0,1,407,0.0,0.0
6I6B,203,1,145,0,1,145,0.0,0.0
6I6H,213,2,146,2,0,144,1.36986301369863,100.0
6I6J,325,1,145,0,1,145,0.0,0.0
6I9F,3100,226,60,0,226,60,0.0,0.0
6I9K,310,1,164,1,0,163,0.6097560975609756,100.0
6IBB,841,13,192,10,3,182,5.208333333333334,76.92307692307693
6IDF,1363,3,443,2,1,441,0.4514672686230248,66.66666666666666
6IDP,438,7,257,1,6,256,0.38910505836575876,14.285714285714285
6IDR,438,3,261,1,2,260,0.38314176245210724,33.33333333333333
6IDS,438,1,257,0,1,257,0.0,0.0
6IED,309,3,177,1,2,176,0.5649717514124294,33.33333333333333
6IGK,492,2,154,1,1,153,0.6493506493506493,50.0
6IGL,483,6,156,0,6,156,0.0,0.0
6IGZ,4518,14,1901,4,10,1897,0.21041557075223566,28.57142857142857
6IIU,460,5,157,1,4,156,0.6369426751592357,20.0
6IJJ,3889,10,1591,5,5,1586,0.3142677561282213,50.0
6IJO,4382,14,1878,6,8,1872,0.3194888178913738,42.857142857142854
6IS6,250,7,142,3,4,139,2.112676056338028,42.857142857142854
6ITC,1738,1,292,1,0,291,0.3424657534246575,100.0
6IYC,1355,2,446,2,0,444,0.4484304932735426,100.0
6J21,398,1,149,0,1,149,0.0,0.0
6J8M,3550,48,1267,23,25,1244,1.8153117600631412,47.91666666666667
6JB1,6772,44,1712,20,24,1692,1.1682242990654206,45.45454545454545
6JMQ,1223,1,315,1,0,314,0.31746031746031744,100.0
6JO5,4170,10,1791,5,5,1786,0.27917364600781686,50.0
6JO6,3899,8,1605,3,5,1602,0.1869158878504673,37.5
6JP5,2694,1,715,0,1,715,0.0,0.0
6JUW,3550,67,1257,34,33,1223,2.704852824184566,50.74626865671642
6JXH,1249,4,258,3,1,255,1.1627906976744187,75.0
6JXI,1249,1,256,1,0,255,0.390625,100.0
6JXJ,1249,4,255,3,1,252,1.1764705882352942,75.0
6JY3,1727,10,622,2,8,620,0.3215434083601286,20.0
6JY4,1727,13,623,3,10,620,0.4815409309791332,23.076923076923077
6JY6,264,1,146,0,1,146,0.0,0.0
6JY7,264,1,144,0,1,144,0.0,0.0
6JY8,264,1,144,0,1,144,0.0,0.0
6JY9,264,1,144,0,1,144,0.0,0.0
6JYA,264,2,145,1,1,144,0.6896551724137931,50.0
6JYB,264,2,145,1,1,144,0.6896551724137931,50.0
6JYC,264,1,145,0,1,145,0.0,0.0
6JYD,264,1,144,0,1,144,0.0,0.0
6JYE,264,2,144,1,1,143,0.6944444444444444,50.0
6JYF,264,1,144,0,1,144,0.0,0.0
6JZH,390,34,156,26,8,130,16.666666666666664,76.47058823529412
6JZO,2657,4,776,4,0,772,0.5154639175257731,100.0
6K1Q,410,2,159,2,0,157,1.257861635220126,100.0
6K4J,220,1,92,0,1,92,0.0,0.0
6K6I,219,4,147,3,1,144,2.0408163265306123,75.0
6K6J,219,7,144,4,3,140,2.7777777777777777,57.14285714285714
6K6K,219,4,145,4,0,141,2.7586206896551726,100.0
6K7L,1317,1,271,1,0,270,0.36900369003690037,100.0
6K7Y,3872,1,435,0,1,435,0.0,0.0
6KAC,7858,24,2780,16,8,2764,0.5755395683453237,66.66666666666666
6KHI,4095,8,1549,3,5,1546,0.19367333763718528,37.5
6KHJ,3877,9,1556,6,3,1550,0.3856041131105398,66.66666666666666
6KI1,777,1,316,0,1,316,0.0,0.0
6KLS,1530,4,526,4,0,522,0.7604562737642585,100.0
6KLV,1530,2,526,2,0,524,0.38022813688212925,100.0
6KQI,473,2,151,1,1,150,0.6622516556291391,50.0
6KRZ,1526,5,159,5,0,154,3.1446540880503147,100.0
6KS1,512,3,156,3,0,153,1.9230769230769231,100.0
6KUW,946,2,305,1,1,304,0.32786885245901637,50.0
6KZO,967,3,608,2,1,606,0.3289473684210526,66.66666666666666
6KZP,1014,3,619,2,1,617,0.32310177705977383,66.66666666666666
6L07,2311,11,18,0,11,18,0.0,0.0
6L35,3260,6,1221,1,5,1220,0.08190008190008191,16.666666666666664
6L47,832,4,532,4,0,528,0.7518796992481203,100.0
6L48,794,2,560,2,0,558,0.35714285714285715,100.0
6L7O,4120,7,1519,4,3,1515,0.26333113890717574,57.14285714285714
6L7P,3896,6,1516,4,2,1512,0.2638522427440633,66.66666666666666
6LCP,1516,5,284,4,1,280,1.4084507042253522,80.0
6LEO,328,5,260,5,0,255,1.9230769230769231,100.0
6LEP,318,2,271,2,0,269,0.7380073800738007,100.0
6LFM,1302,1,154,1,0,153,0.6493506493506493,100.0
6LGP,2488,8,657,4,4,653,0.60882800608828,50.0
6LI0,441,5,161,3,2,158,1.8633540372670807,60.0
6LI2,347,5,162,2,3,160,1.2345679012345678,40.0
6LMT,2032,56,736,48,8,688,6.521739130434782,85.71428571428571
6LP7,363,4,1,0,4,1,0.0,0.0
6LPJ,390,5,156,2,3,154,1.282051282051282,40.0
6LPK,390,6,158,3,3,155,1.89873417721519,50.0
6LPL,390,6,160,3,3,157,1.875,50.0
6LQG,1315,1,435,1,0,434,0.22988505747126436,100.0
6LR4,1314,2,435,2,0,433,0.45977011494252873,100.0
6LU1,1986,3,591,0,3,591,0.0,0.0
6LUM,3178,6,493,0,6,493,0.0,0.0
6LUQ,421,3,155,2,1,153,1.2903225806451613,66.66666666666666
6LVF,1586,2,635,0,2,635,0.0,0.0
6LW5,432,1,156,1,0,155,0.641025641025641,100.0
6LY5,6510,40,2991,18,22,2973,0.6018054162487462,45.0
6M0R,2915,100,1114,60,40,1054,5.385996409335727,60.0
6M2R,969,1,316,0,1,316,0.0,0.0
6M31,560,4,371,4,0,367,1.078167115902965,100.0
6M34,560,5,370,5,0,365,1.3513513513513513,100.0
6M38,967,1,313,0,1,313,0.0,0.0
6M3Z,966,2,308,1,1,307,0.3246753246753247,50.0
6M47,967,1,319,0,1,319,0.0,0.0
6M84,326,1,76,0,1,76,0.0,0.0
6M96,494,2,166,0,2,166,0.0,0.0
6M9T,444,1,163,1,0,162,0.6134969325153374,100.0
6MG8,985,1,261,0,1,261,0.0,0.0
6MJP,1349,3,307,2,1,305,0.6514657980456027,66.66666666666666
6MPL,22,3,19,2,1,17,10.526315789473683,66.66666666666666
6MPM,22,4,18,2,2,16,11.11111111111111,50.0
6MPN,44,6,19,3,3,16,15.789473684210526,50.0
6MSM,1181,2,252,1,1,251,0.3968253968253968,50.0
6MXT,569,1,165,0,1,165,0.0,0.0
6MYR,1092,1,149,0,1,149,0.0,0.0
6N4B,1121,3,157,2,1,155,1.2738853503184715,66.66666666666666
6N7G,4306,6,1045,0,6,1045,0.0,0.0
6N7H,2153,3,509,0,3,509,0.0,0.0
6N7K,4306,6,1045,0,6,1045,0.0,0.0
6NBF,1148,5,161,2,3,159,1.2422360248447204,40.0
6NBH,1159,2,161,1,1,160,0.6211180124223602,50.0
6NC8,467,15,308,11,4,297,3.571428571428571,73.33333333333333
6NC9,475,28,312,23,5,289,7.371794871794872,82.14285714285714
6NF4,842,4,530,2,2,528,0.37735849056603776,50.0
6NF6,822,1,537,0,1,537,0.0,0.0
6NHG,2080,19,339,14,5,325,4.129793510324483,73.68421052631578
6NHH,1722,9,544,4,5,540,0.7352941176470588,44.44444444444444
6NIN,5178,31,552,6,25,546,1.0869565217391304,19.35483870967742
6NKN,3538,24,1260,4,20,1256,0.31746031746031744,16.666666666666664
6NMF,3550,29,1262,13,16,1249,1.0301109350237718,44.827586206896555
6NMP,3550,19,1244,6,13,1238,0.482315112540193,31.57894736842105
6NT3,1278,1,632,1,0,631,0.15822784810126583,100.0
6NT4,1406,2,641,2,0,639,0.31201248049922,100.0
6NV1,184,1,86,1,0,85,1.1627906976744187,100.0
6NWE,337,4,159,3,1,156,1.8867924528301887,75.0
6NWR,998,1,197,0,1,197,0.0,0.0
6NZW,1878,24,518,18,6,500,3.474903474903475,75.0
6NZZ,1836,24,504,18,6,486,3.571428571428571,75.0
6O1T,378,3,2,0,3,2,0.0,0.0
6O3C,606,2,165,1,1,164,0.6060606060606061,50.0
6O77,3488,4,684,0,4,684,0.0,0.0
6O9U,283,2,66,2,0,64,3.0303030303030303,100.0
6OB7,381,34,233,23,11,210,9.871244635193133,67.64705882352942
6OFR,758,1,365,0,1,365,0.0,0.0
6OFY,1103,2,34,0,2,34,0.0,0.0
6OIH,971,3,329,2,1,327,0.60790273556231,66.66666666666666
6OIJ,1152,1,158,1,0,157,0.6329113924050633,100.0
6OL9,416,2,159,2,0,157,1.257861635220126,100.0
6OMM,1141,2,165,1,1,164,0.6060606060606061,50.0
6OOM,392,2,251,2,0,249,0.796812749003984,100.0
6OR2,732,2,275,0,2,275,0.0,0.0
6OR3,269,5,7,0,5,7,0.0,0.0
6OS1,515,1,154,1,0,153,0.6493506493506493,100.0
6OS2,512,4,157,4,0,153,2.547770700636943,100.0
6OWS,3069,3,793,3,0,790,0.37831021437578816,100.0
6PB0,1068,1,159,1,0,158,0.628930817610063,100.0
6PB1,1069,2,162,1,1,161,0.6172839506172839,50.0
6PEL,336,2,156,1,1,155,0.641025641025641,50.0
6PEQ,2044,64,563,55,9,508,9.769094138543517,85.9375
6PFY,6720,17,2207,7,10,2200,0.31717263253285005,41.17647058823529
6PGK,6720,19,2228,8,11,2220,0.3590664272890485,42.10526315789473
6PGS,337,1,156,0,1,156,0.0,0.0
6PH7,337,3,155,0,3,155,0.0,0.0
6PNJ,6660,12,2165,3,9,2162,0.13856812933025403,25.0
6PRC,1185,3,280,1,2,279,0.35714285714285715,33.33333333333333
6PRZ,440,3,159,0,3,159,0.0,0.0
6PS0,440,3,158,1,2,157,0.6329113924050633,33.33333333333333
6PS1,442,1,160,0,1,160,0.0,0.0
6PS2,443,4,160,2,2,158,1.25,50.0
6PS3,442,1,152,1,0,151,0.6578947368421052,100.0
6PS4,442,6,152,4,2,148,2.631578947368421,66.66666666666666
6PS5,442,1,153,1,0,152,0.6535947712418301,100.0
6PS6,443,3,161,0,3,161,0.0,0.0
6PS7,392,9,159,4,5,155,2.515723270440252,44.44444444444444
6PT0,1284,3,150,0,3,150,0.0,0.0
6PT2,760,4,158,3,1,155,1.89873417721519,75.0
6PW0,1578,2,326,1,1,325,0.3067484662576687,50.0
6PW1,1579,2,327,1,1,326,0.3058103975535168,50.0
6PW4,2742,4,716,0,4,716,0.0,0.0
6PW5,3032,6,823,2,4,821,0.24301336573511542,33.33333333333333
6Q4N,3414,17,812,5,12,807,0.6157635467980296,29.411764705882355
6Q4O,3421,14,817,4,10,813,0.4895960832313341,28.57142857142857
6Q4P,3420,15,808,3,12,805,0.3712871287128713,20.0
6QD5,356,3,253,2,1,251,0.7905138339920948,66.66666666666666
6QE2,514,1,4,0,1,4,0.0,0.0
6QEE,1627,1,262,1,0,261,0.38167938931297707,100.0
6QEX,1627,2,263,2,0,261,0.7604562737642585,100.0
6QGO,444,3,6,0,3,6,0.0,0.0
6QGQ,888,16,8,0,16,8,0.0,0.0
6QKC,1902,2,507,0,2,507,0.0,0.0
6QPH,2790,9,998,1,8,997,0.1002004008016032,11.11111111111111
6QQ6,1486,1,622,0,1,622,0.0,0.0
6QTI,2076,8,575,5,3,570,0.8695652173913043,62.5
6R7D,1790,5,252,3,2,249,1.1904761904761905,60.0
6R7X,1258,2,445,2,0,443,0.44943820224719105,100.0
6RCK,1038,18,688,4,14,684,0.5813953488372093,22.22222222222222
6RD5,1566,7,285,1,6,284,0.3508771929824561,14.285714285714285
6REX,1365,14,733,3,11,730,0.4092769440654843,21.428571428571427
6RF1,1365,14,730,4,10,726,0.547945205479452,28.57142857142857
6RF3,1360,26,733,8,18,725,1.0914051841746248,30.76923076923077
6RF4,1365,20,726,3,17,723,0.4132231404958678,15.0
6RFC,271,3,151,2,1,149,1.3245033112582782,66.66666666666666
6RFQ,7637,17,1884,10,7,1874,0.5307855626326964,58.82352941176471
6RFR,8057,20,1889,8,12,1881,0.42350449973530974,40.0
6RHZ,2783,24,957,13,11,944,1.3584117032392893,54.166666666666664
6RKO,875,6,427,1,5,426,0.234192037470726,16.666666666666664
6RMG,1176,31,261,18,13,243,6.896551724137931,58.06451612903226
6RNK,414,9,151,3,6,148,1.9867549668874174,33.33333333333333
6RQF,1944,4,600,4,0,596,0.6666666666666667,100.0
6RQP,229,11,149,10,1,139,6.7114093959731544,90.9090909090909
6RV2,1030,9,266,2,7,264,0.7518796992481203,22.22222222222222
6RV3,1036,7,263,1,6,262,0.38022813688212925,14.285714285714285
6RV4,1029,6,259,0,6,259,0.0,0.0
6RVD,2138,7,523,0,7,523,0.0,0.0
6RX4,884,2,427,0,2,427,0.0,0.0
6RYO,156,2,94,2,0,92,2.127659574468085,100.0
6RZ4,395,1,118,1,0,117,0.847457627118644,100.0
6RZ5,754,7,119,2,5,117,1.680672268907563,28.57142857142857
6RZ6,365,3,150,2,1,148,1.3333333333333335,66.66666666666666
6RZ7,360,5,156,3,2,153,1.9230769230769231,60.0
6RZ8,366,1,151,0,1,151,0.0,0.0
6RZ9,363,1,152,1,0,151,0.6578947368421052,100.0
6S0L,388,2,150,1,1,149,0.6666666666666667,50.0
6S0Q,388,3,150,2,1,148,1.3333333333333335,66.66666666666666
6S2M,131,5,1,0,5,1,0.0,0.0
6S2S,133,4,1,0,4,1,0.0,0.0
6S3Q,1290,6,790,0,6,790,0.0,0.0
6S4M,426,1,273,0,1,273,0.0,0.0
6S59,2066,1,559,0,1,559,0.0,0.0
6S7P,1128,1,243,1,0,242,0.411522633744856,100.0
6S8H,959,1,274,1,0,273,0.36496350364963503,100.0
6SEK,1008,1,17,0,1,17,0.0,0.0
6SL5,3744,12,1460,4,8,1456,0.273972602739726,33.33333333333333
6SLJ,2785,4,683,2,2,681,0.29282576866764276,50.0
6SLN,2794,3,669,0,3,669,0.0,0.0
6SM3,1398,1,338,0,1,338,0.0,0.0
6SML,1405,1,357,0,1,357,0.0,0.0
6SMQ,2791,2,682,0,2,682,0.0,0.0
6SNI,918,2,309,1,1,308,0.3236245954692557,50.0
6SP2,2190,12,1272,6,6,1266,0.4716981132075472,50.0
6SSU,408,3,239,3,0,236,1.2552301255230125,100.0
6STS,266,9,1,0,9,1,0.0,0.0
6SU3,512,2,287,0,2,287,0.0,0.0
6SU4,508,4,289,2,2,287,0.6920415224913495,50.0
6SWR,1372,16,275,6,10,269,2.181818181818182,37.5
6T0B,7837,16,1979,9,7,1970,0.4547751389590703,56.25
6T15,5956,14,1308,10,4,1298,0.764525993883792,71.42857142857143
6T9N,1920,4,665,0,4,665,0.0,0.0
6TBU,842,25,265,19,6,246,7.169811320754717,76.0
6TEJ,1270,1,263,0,1,263,0.0,0.0
6TPJ,998,16,154,2,14,152,1.2987012987012987,12.5
6TPK,460,1,154,0,1,154,0.0,0.0
6TPN,509,2,157,2,0,155,1.2738853503184715,100.0
6TQF,1268,6,296,2,4,294,0.6756756756756757,33.33333333333333
6TRA,2281,4,733,2,2,731,0.2728512960436562,50.0
6TRC,6843,22,2233,4,18,2229,0.17913121361397222,18.181818181818183
6TRD,6843,11,2277,4,7,2273,0.1756697408871322,36.36363636363637
6U0O,541,2,208,2,0,206,0.9615384615384616,100.0
6U9V,1680,41,147,12,29,135,8.16326530612245,29.268292682926827
6U9W,1686,19,153,4,15,149,2.6143790849673203,21.052631578947366
6UCB,2044,78,554,65,13,489,11.732851985559567,83.33333333333334
6UD4,2044,45,565,45,0,520,7.964601769911504,100.0
6UD8,2044,40,551,40,0,511,7.259528130671507,100.0
6UH3,491,2,293,1,1,292,0.3412969283276451,50.0
6UKJ,582,2,237,2,0,235,0.8438818565400843,100.0
6UWZ,2177,5,404,1,4,403,0.24752475247524752,20.0
6UY0,1210,1,250,1,0,249,0.4,100.0
6UZ8,2936,4,730,4,0,726,0.547945205479452,100.0
6UZA,2936,4,741,0,4,741,0.0,0.0
6UZV,6711,27,2222,6,21,2216,0.27002700270027,22.22222222222222
6V22,4380,20,924,16,4,908,1.7316017316017316,80.0
6V38,3496,11,744,6,5,738,0.8064516129032258,54.54545454545454
6V3R,2208,7,35,0,7,35,0.0,0.0
6V4S,2941,4,414,1,3,413,0.24154589371980675,25.0
6V8Q,1134,9,128,3,6,125,2.34375,33.33333333333333
6VEJ,3717,3,772,0,3,772,0.0,0.0
6VGC,901,1,231,0,1,231,0.0,0.0
6VKS,3131,6,814,4,2,810,0.4914004914004914,66.66666666666666
6VKT,3122,9,815,7,2,808,0.8588957055214724,77.77777777777779
6VL4,142,1,92,0,1,92,0.0,0.0
6VN7,1052,1,160,1,0,159,0.625,100.0
6VP0,808,6,544,6,0,538,1.1029411764705883,100.0
6VPV,6753,9,2261,0,9,2261,0.0,0.0
6VRH,764,5,299,5,0,294,1.6722408026755853,100.0
6VRK,764,3,294,3,0,291,1.0204081632653061,100.0
6VRL,764,5,297,5,0,292,1.6835016835016834,100.0
6VUM,1636,12,1042,8,4,1034,0.7677543186180422,66.66666666666666
6VWX,900,8,621,0,8,621,0.0,0.0
6VX3,900,8,604,8,0,596,1.3245033112582782,100.0
6VXI,1132,2,303,2,0,301,0.6600660066006601,100.0
6VXO,904,12,615,8,4,607,1.3008130081300813,66.66666666666666
6W25,472,2,162,1,1,161,0.6172839506172839,50.0
6W5R,1194,2,287,0,2,287,0.0,0.0
6W5S,1194,2,289,0,2,289,0.0,0.0
6W5T,1175,3,280,0,3,280,0.0,0.0
6W5U,1175,1,283,0,1,283,0.0,0.0
6W5V,1307,4,282,0,4,282,0.0,0.0
6W6O,1044,8,652,4,4,648,0.6134969325153374,50.0
6WBF,2408,28,735,14,14,721,1.9047619047619049,50.0
6WBG,2408,28,735,14,14,721,1.9047619047619049,50.0
6WBM,2387,28,735,14,14,721,1.9047619047619049,50.0
6WBN,4774,49,725,12,37,713,1.6551724137931034,24.489795918367346
6WGT,1111,2,155,1,1,154,0.6451612903225806,50.0
6WH4,1111,1,155,0,1,155,0.0,0.0
6WIV,1352,4,300,4,0,296,1.3333333333333335,100.0
6WJ6,1898,11,729,4,7,725,0.5486968449931412,36.36363636363637
6WJC,514,1,161,0,1,161,0.0,0.0
6WK9,774,1,177,1,0,176,0.5649717514124294,100.0
6WLW,2749,5,1164,4,1,1160,0.3436426116838488,80.0
6WM2,9171,7,1164,5,2,1159,0.429553264604811,71.42857142857143
6WM5,672,3,266,2,1,264,0.7518796992481203,66.66666666666666
6WMV,672,3,256,3,0,253,1.171875,100.0
6WP8,222,1,145,0,1,145,0.0,0.0
6WQA,391,9,155,5,4,150,3.225806451612903,55.55555555555556
6WV3,380,3,97,3,0,94,3.0927835051546393,100.0
6WV6,381,1,98,1,0,97,1.0204081632653061,100.0
6WVD,397,1,92,1,0,91,1.0869565217391304,100.0
6WVG,883,1,89,1,0,88,1.1235955056179776,100.0
6WVH,768,5,101,4,1,97,3.9603960396039604,80.0
6WVI,411,2,102,2,0,100,1.9607843137254901,100.0
6X0O,1037,7,321,4,3,317,1.2461059190031152,57.14285714285714
6XBJ,1301,2,153,2,0,151,1.3071895424836601,100.0
6XBK,1304,1,156,1,0,155,0.641025641025641,100.0
6XBL,1304,2,152,2,0,150,1.3157894736842104,100.0
6XBO,319,6,225,3,3,222,1.3333333333333335,50.0
6XBW,8186,9,1176,1,8,1175,0.08503401360544217,11.11111111111111
6XBY,7765,7,958,1,6,957,0.10438413361169101,14.285714285714285
6XE6,826,4,266,2,2,264,0.7518796992481203,50.0
6XIW,1399,4,652,2,2,650,0.3067484662576687,50.0
6XL3,446,1,292,0,1,292,0.0,0.0
6XMP,1086,4,252,4,0,248,1.5873015873015872,100.0
6XU5,133,4,1,0,4,1,0.0,0.0
6XUA,133,6,1,0,6,1,0.0,0.0
6XVF,2006,10,313,6,4,307,1.9169329073482428,60.0
6XVQ,133,4,1,0,4,1,0.0,0.0
6XYT,1350,29,726,11,18,715,1.5151515151515151,37.93103448275862
6Y79,7987,24,1892,13,11,1879,0.6871035940803383,54.166666666666664
6Y7V,215,1,144,1,0,143,0.6944444444444444,100.0
6Y90,1218,4,170,4,0,166,2.3529411764705883,100.0
6Y92,1210,4,164,3,1,161,1.8292682926829267,75.0
6YAC,3332,10,1174,4,6,1170,0.34071550255536626,40.0
6YBZ,1347,13,715,0,13,715,0.0,0.0
6YC0,1345,2,725,2,0,723,0.27586206896551724,100.0
6YC1,1365,27,730,8,19,722,1.095890410958904,29.629629629629626
6YC3,1365,30,727,10,20,717,1.3755158184319118,33.33333333333333
6YC4,1345,2,725,2,0,723,0.27586206896551724,100.0
6YEZ,3438,12,1194,4,8,1190,0.33500837520938026,33.33333333333333
6YJ4,8118,31,1908,11,20,1897,0.5765199161425576,35.483870967741936
6YMX,5759,13,1267,6,7,1261,0.4735595895816891,46.15384615384615
6YMY,1766,3,596,0,3,596,0.0,0.0
6YP7,7002,32,2388,22,10,2366,0.9212730318257957,68.75
6YT4,1349,12,728,0,12,728,0.0,0.0
6YU2,884,6,287,2,4,285,0.6968641114982579,33.33333333333333
6YU3,442,1,281,1,0,280,0.3558718861209964,100.0
6YU4,442,2,286,0,2,286,0.0,0.0
6YU5,888,1,276,0,1,276,0.0,0.0
6YU6,889,1,286,1,0,285,0.34965034965034963,100.0
6YX9,514,1,157,1,0,156,0.6369426751592357,100.0
6YXD,511,3,153,3,0,150,1.9607843137254901,100.0
6YXF,511,2,156,2,0,154,1.282051282051282,100.0
6YXR,2783,8,959,4,4,955,0.4171011470281543,50.0
6Z02,823,6,288,2,4,286,0.6944444444444444,33.33333333333333
6Z10,412,7,154,2,5,152,1.2987012987012987,28.57142857142857
6Z1J,823,5,288,1,4,287,0.3472222222222222,20.0
6Z27,812,8,294,5,3,289,1.7006802721088436,62.5
6Z5R,2321,66,955,21,45,934,2.1989528795811517,31.818181818181817
6Z5S,2201,63,966,26,37,940,2.691511387163561,41.269841269841265
6Z70,888,13,555,12,1,543,2.1621621621621623,92.3076923076923
6ZDR,383,5,150,2,3,148,1.3333333333333335,40.0
6ZDV,382,7,151,5,2,146,3.3112582781456954,71.42857142857143
6ZFS,2011,12,305,7,5,298,2.2950819672131146,58.333333333333336
6ZFT,2010,7,297,4,3,293,1.3468013468013467,57.14285714285714
6ZFU,2015,10,302,6,4,296,1.9867549668874174,60.0
6ZFZ,446,3,157,2,1,155,1.2738853503184715,66.66666666666666
6ZG4,446,6,155,3,3,152,1.935483870967742,50.0
6ZG9,446,3,154,0,3,154,0.0,0.0
6ZHH,7035,22,233,3,19,230,1.2875536480686696,13.636363636363635
6ZI4,1185,2,287,0,2,287,0.0,0.0
6ZI5,1185,2,289,0,2,289,0.0,0.0
6ZI6,1185,1,286,0,1,286,0.0,0.0
6ZI9,1185,1,286,0,1,286,0.0,0.0
6ZIA,1185,1,286,0,1,286,0.0,0.0
6ZID,1185,1,284,0,1,284,0.0,0.0
6ZK9,3478,7,54,4,3,50,7.4074074074074066,57.14285714285714
6ZKB,4698,26,1842,23,3,1819,1.248642779587405,88.46153846153845
6ZKC,8220,29,1841,21,8,1820,1.1406844106463878,72.41379310344827
6ZKD,8153,34,1853,24,10,1829,1.2951969778737182,70.58823529411765
6ZKE,8153,36,1814,22,14,1792,1.2127894156560088,61.111111111111114
6ZKF,8151,29,1832,18,11,1814,0.9825327510917031,62.06896551724138
6ZKG,8220,28,1851,18,10,1833,0.9724473257698543,64.28571428571429
6ZKH,8156,28,1820,20,8,1800,1.098901098901099,71.42857142857143
6ZKI,8156,40,1833,28,12,1805,1.5275504637206765,70.0
6ZKJ,8156,27,1847,19,8,1828,1.028695181375203,70.37037037037037
6ZKK,8220,19,1849,11,8,1838,0.5949161709031909,57.89473684210527
6ZKL,8155,37,1838,23,14,1815,1.251360174102285,62.16216216216216
6ZKM,7996,29,1713,17,12,1696,0.99241097489784,58.620689655172406
6ZKN,7996,29,1713,17,12,1696,0.99241097489784,58.620689655172406
6ZKO,8220,27,1841,20,7,1821,1.0863661053775122,74.07407407407408
6ZKP,8150,29,1819,18,11,1801,0.9895547003848268,62.06896551724138
6ZKQ,8150,33,1819,20,13,1799,1.0995052226498077,60.60606060606061
6ZKR,8150,32,1832,21,11,1811,1.146288209606987,65.625
6ZKS,8064,22,1762,15,7,1747,0.851305334846765,68.18181818181817
6ZKT,8064,20,1772,13,7,1759,0.7336343115124153,65.0
6ZKU,7960,16,1707,11,5,1696,0.6444053895723492,68.75
6ZKV,7926,24,1680,16,8,1664,0.9523809523809524,66.66666666666666
6ZL4,1270,2,785,1,1,784,0.12738853503184713,50.0
6ZLH,1270,2,797,0,2,797,0.0,0.0
6ZMQ,589,5,352,5,0,347,1.4204545454545454,100.0
6ZO5,3410,15,818,4,11,814,0.4889975550122249,26.666666666666668
6ZO6,3419,16,811,7,9,804,0.8631319358816275,43.75
6ZO7,3406,14,813,5,9,808,0.6150061500615006,35.714285714285715
6ZO8,3421,13,815,4,9,811,0.49079754601227,30.76923076923077
6ZO9,3421,12,814,6,6,808,0.7371007371007371,50.0
6ZOA,3411,10,810,5,5,805,0.6172839506172839,50.0
6ZOB,3410,9,814,1,8,813,0.12285012285012285,11.11111111111111
6ZOC,3410,10,814,4,6,810,0.4914004914004914,40.0
6ZOD,3391,7,812,4,3,808,0.49261083743842365,57.14285714285714
6ZOE,1196,1,268,0,1,268,0.0,0.0
6ZOF,3420,10,816,4,6,812,0.49019607843137253,40.0
6ZOG,3413,10,807,4,6,803,0.49566294919454773,40.0
6ZOH,3408,10,821,3,7,818,0.3654080389768575,30.0
6ZOO,3339,13,1208,1,12,1207,0.08278145695364239,7.6923076923076925
6ZQM,5147,32,721,10,22,711,1.3869625520110958,31.25
6ZQN,5157,26,720,11,15,709,1.5277777777777777,42.30769230769231
6ZR2,8171,18,1838,7,11,1831,0.38084874863982593,38.88888888888889
6ZRE,912,3,148,1,2,147,0.6756756756756757,33.33333333333333
6ZXS,3233,13,1183,4,9,1179,0.33812341504649196,30.76923076923077
6ZY3,2071,2,385,1,1,384,0.2597402597402597,50.0
6ZZX,4684,33,1940,17,16,1923,0.8762886597938144,51.515151515151516
6ZZY,4594,31,1919,18,13,1901,0.9379885356956749,58.06451612903226
7A0W,1593,3,536,3,0,533,0.5597014925373134,100.0
7A0X,1592,4,534,4,0,530,0.7490636704119851,100.0
7A0Y,1597,4,539,3,1,536,0.5565862708719851,75.0
7A4P,4086,30,1632,11,19,1621,0.6740196078431373,36.666666666666664
7A69,1596,3,257,3,0,254,1.1673151750972763,100.0
7A6C,1596,2,263,2,0,261,0.7604562737642585,100.0
7A6E,1596,3,258,3,0,255,1.1627906976744187,100.0
7AAQ,487,3,250,3,0,247,1.2,100.0
7ABW,725,2,133,0,2,133,0.0,0.0
7ADO,2069,2,220,1,1,219,0.45454545454545453,50.0
7AHK,411,2,258,0,2,258,0.0,0.0
7AK5,8058,11,1798,4,7,1794,0.22246941045606228,36.36363636363637
7AK6,8052,2,1791,2,0,1789,0.11166945840312675,100.0
7AKX,446,3,144,1,2,143,0.6944444444444444,33.33333333333333
7AKZ,910,3,148,2,1,146,1.3513513513513513,66.66666666666666
7AQQ,2887,3,1114,3,0,1111,0.26929982046678635,100.0
7AR7,7564,4,1747,4,0,1743,0.22896393817973668,100.0
7AR8,7676,3,1745,3,0,1742,0.17191977077363896,100.0
7AR9,5059,16,1847,11,5,1836,0.5955603681645912,68.75
7ARB,7716,3,1754,3,0,1751,0.17103762827822122,100.0
7ARD,8515,19,1858,15,4,1843,0.8073196986006458,78.94736842105263
7ARH,1261,1,181,0,1,181,0.0,0.0
7ARJ,1262,1,179,0,1,179,0.0,0.0
7ARL,1256,1,183,0,1,183,0.0,0.0
7ARM,1438,1,181,0,1,181,0.0,0.0
7ARO,381,1,150,1,0,149,0.6666666666666667,100.0
7ATE,1098,7,493,3,4,490,0.6085192697768762,42.857142857142854
7ATN,1098,3,492,0,3,492,0.0,0.0
7AU3,1096,5,491,4,1,487,0.8146639511201629,80.0
7AU6,1092,6,490,2,4,488,0.40816326530612246,33.33333333333333
7AVN,434,3,153,1,2,152,0.6535947712418301,33.33333333333333
7B0O,427,7,100,4,3,96,4.0,57.14285714285714
7B0P,439,8,97,1,7,96,1.0309278350515463,12.5
7B0Q,220,5,98,5,0,93,5.1020408163265305,100.0
7B0R,224,2,101,0,2,101,0.0,0.0
7B1K,402,2,305,2,0,303,0.6557377049180327,100.0
7B1L,404,3,300,1,2,299,0.33333333333333337,33.33333333333333
7B4L,886,6,636,6,0,630,0.9433962264150944,100.0
7BCW,1148,3,241,3,0,238,1.2448132780082988,100.0
7BGI,4369,22,1859,11,11,1848,0.591715976331361,50.0
7BLX,3988,18,1602,4,14,1598,0.24968789013732834,22.22222222222222
7BLZ,2817,48,1057,29,19,1028,2.7436140018921478,60.416666666666664
7BMH,484,5,141,0,5,141,0.0,0.0
7BR3,470,1,156,0,1,156,0.0,0.0
7BSW,1139,15,275,14,1,261,5.090909090909091,93.33333333333333
7BT2,991,1,246,0,1,246,0.0,0.0
7BVG,2234,1,647,0,1,647,0.0,0.0
7BW1,245,2,148,2,0,146,1.3513513513513513,100.0
7C4S,1428,3,146,0,3,146,0.0,0.0
7C52,2809,95,1105,35,60,1070,3.167420814479638,36.84210526315789
7C83,251,5,163,4,1,159,2.4539877300613497,80.0
7C86,296,6,152,3,3,149,1.9736842105263157,50.0
7C9I,1313,1,438,1,0,437,0.228310502283105,100.0
7C9R,3009,16,973,6,10,967,0.6166495375128468,37.5
7CFF,156,2,93,2,0,91,2.1505376344086025,100.0
7CFM,1027,6,147,4,2,143,2.7210884353741496,66.66666666666666
7CFN,1031,3,148,3,0,145,2.027027027027027,100.0
7CGP,1569,1,136,0,1,136,0.0,0.0
7CJ3,526,12,326,9,3,317,2.7607361963190185,75.0
7CJI,5283,36,1625,3,33,1622,0.1846153846153846,8.333333333333332
7CJJ,5283,34,1635,3,31,1632,0.1834862385321101,8.823529411764707
7CJS,1731,8,683,5,3,678,0.7320644216691069,62.5
7CKX,1035,1,155,0,1,155,0.0,0.0
7CLJ,250,6,141,1,5,140,0.7092198581560284,16.666666666666664
7CM3,1460,7,652,4,3,648,0.6134969325153374,57.14285714285714
7CNW,569,1,25,0,1,25,0.0,0.0
7CNY,566,1,19,0,1,19,0.0,0.0
7COH,3470,68,623,18,50,605,2.889245585874799,26.47058823529412
7COU,5283,32,1624,4,28,1620,0.24630541871921183,12.5
7CRI,264,1,145,1,0,144,0.6896551724137931,100.0
7CRJ,264,1,145,1,0,144,0.6896551724137931,100.0
7CRK,264,1,143,1,0,142,0.6993006993006993,100.0
7CRL,264,1,144,1,0,143,0.6944444444444444,100.0
7CRT,264,1,147,1,0,146,0.6802721088435374,100.0
7CRX,264,2,144,0,2,144,0.0,0.0
7CRZ,469,9,253,7,2,246,2.766798418972332,77.77777777777779
7CUM,1358,8,294,8,0,286,2.7210884353741496,100.0
7CZ5,1046,1,163,0,1,163,0.0,0.0
7CZ9,6243,106,853,14,92,839,1.6412661195779603,13.20754716981132
7CZL,4304,8,1556,0,8,1556,0.0,0.0
7D06,2374,14,397,4,10,393,1.0075566750629723,28.57142857142857
7D1T,5304,28,1662,8,20,1654,0.48134777376654636,28.57142857142857
7D1U,5304,30,1674,6,24,1668,0.35842293906810035,20.0
7D3U,1873,9,1118,7,2,1111,0.6261180679785331,77.77777777777779
7D4P,2676,16,740,12,4,728,1.6216216216216217,75.0
7D4Q,2672,16,746,7,9,739,0.938337801608579,43.75
7D76,874,2,150,2,0,148,1.3333333333333335,100.0
7D77,1105,1,151,1,0,150,0.6622516556291391,100.0
7D7Q,588,2,328,2,0,326,0.6097560975609756,100.0
7D8X,1313,3,435,3,0,432,0.6896551724137931,100.0
7D91,1318,8,281,7,1,274,2.491103202846975,87.5
7D92,1318,6,275,5,1,270,1.8181818181818181,83.33333333333334
7D93,2636,12,276,3,9,273,1.0869565217391304,25.0
7D94,2630,12,282,3,9,279,1.0638297872340425,25.0
7DDF,2630,8,275,3,5,272,1.090909090909091,37.5
7DDH,2630,13,280,5,8,275,1.7857142857142856,38.46153846153847
7DDI,2630,8,282,2,6,280,0.7092198581560284,25.0
7DDK,2630,13,281,4,9,277,1.4234875444839856,30.76923076923077
7DDL,2630,15,282,6,9,276,2.127659574468085,40.0
7DEG,1520,5,714,0,5,714,0.0,0.0
7DF8,918,3,265,0,3,265,0.0,0.0
7DFW,957,7,271,5,2,266,1.8450184501845017,71.42857142857143
7DFZ,897,4,253,2,2,251,0.7905138339920948,50.0
7DGZ,7992,8,1740,6,2,1734,0.3448275862068966,75.0
7DH0,7904,4,1723,3,1,1720,0.17411491584445735,75.0
7DJ2,988,4,612,4,0,608,0.6535947712418301,100.0
7DJC,489,2,311,0,2,311,0.0,0.0
7DKZ,3200,19,1251,2,17,1249,0.15987210231814547,10.526315789473683
7DL9,810,1,271,1,0,270,0.36900369003690037,100.0
7DNY,1146,5,277,3,2,274,1.083032490974729,60.0
7DNZ,1182,2,266,2,0,264,0.7518796992481203,100.0
7DQV,589,4,128,0,4,128,0.0,0.0
7DR0,2171,3,719,1,2,718,0.13908205841446453,33.33333333333333
7DR1,2114,4,679,1,3,678,0.14727540500736377,25.0
7DRJ,376,1,243,1,0,242,0.411522633744856,100.0
7DRK,369,1,241,1,0,240,0.4149377593360996,100.0
7DRT,830,6,176,3,3,173,1.7045454545454544,50.0
7DSK,935,1,324,1,0,323,0.30864197530864196,100.0
7DSL,935,1,331,1,0,330,0.3021148036253776,100.0
7DSQ,934,1,310,0,1,310,0.0,0.0
7DUQ,1174,3,165,1,2,164,0.6060606060606061,33.33333333333333
7DUR,1126,3,157,1,2,156,0.6369426751592357,33.33333333333333
7DW9,1283,1,152,0,1,152,0.0,0.0
7DWQ,1943,6,644,2,4,642,0.3105590062111801,33.33333333333333
7DXA,1629,1,596,0,1,596,0.0,0.0
7DXB,2952,12,792,4,8,788,0.5050505050505051,33.33333333333333
7DXC,2808,8,796,4,4,792,0.5025125628140703,50.0
7DXD,2928,8,772,0,8,772,0.0,0.0
7DXE,2740,4,792,4,0,788,0.5050505050505051,100.0
7DXF,2740,16,784,8,8,776,1.0204081632653061,50.0
7DXG,2792,12,778,8,4,770,1.0282776349614395,66.66666666666666
7DXH,2150,1,820,0,1,820,0.0,0.0
7DZ7,5996,25,2701,16,9,2685,0.5923731951129212,64.0
7DZ8,5985,21,2728,13,8,2715,0.47653958944281527,61.904761904761905
7E0H,661,2,296,2,0,294,0.6756756756756757,100.0
7E0I,676,3,289,3,0,286,1.0380622837370241,100.0
7E0J,671,3,300,3,0,297,1.0,100.0
7E0K,676,3,297,3,0,294,1.0101010101010102,100.0
7E1V,5122,28,1764,5,23,1759,0.2834467120181406,17.857142857142858
7E1W,5132,20,1756,2,18,1754,0.11389521640091116,10.0
7E1X,5132,20,1754,2,18,1752,0.11402508551881414,10.0
7E1Z,1302,7,270,5,2,265,1.8518518518518516,71.42857142857143
7E20,1321,8,269,5,3,264,1.858736059479554,62.5
7E21,1302,6,266,4,2,262,1.5037593984962405,66.66666666666666
7E2G,901,3,258,1,2,257,0.3875968992248062,33.33333333333333
7E2H,907,1,262,1,0,261,0.38167938931297707,100.0
7E2X,870,4,157,2,2,155,1.2738853503184715,50.0
7E2Z,870,4,154,3,1,151,1.948051948051948,75.0
7E4G,588,15,438,11,4,427,2.5114155251141552,73.33333333333333
7E4T,2656,16,746,12,4,734,1.6085790884718498,75.0
7E6X,296,3,150,2,1,148,1.3333333333333335,66.66666666666666
7E6Y,296,6,150,6,0,144,4.0,100.0
7E6Z,296,4,150,4,0,146,2.666666666666667,100.0
7E70,296,3,150,2,1,148,1.3333333333333335,66.66666666666666
7E71,296,5,151,5,0,146,3.3112582781456954,100.0
7EDA,2564,13,854,5,8,849,0.5854800936768151,38.46153846153847
7EHL,1126,2,272,2,0,270,0.7352941176470588,100.0
7EN0,939,3,703,3,0,700,0.42674253200568996,100.0
7EPT,1009,1,171,0,1,171,0.0,0.0
7EQD,2286,60,941,32,28,909,3.4006376195536663,53.333333333333336
7ET1,1249,3,249,1,2,248,0.4016064257028112,33.33333333333333
7EU3,5338,1,1553,1,0,1552,0.0643915003219575,100.0
7EV7,3542,60,1258,30,30,1228,2.384737678855326,50.0
7EVM,1037,6,156,1,5,155,0.641025641025641,16.666666666666664
7EW3,1149,1,148,0,1,148,0.0,0.0
7EW6,3108,6,1111,2,4,1109,0.18001800180018002,33.33333333333333
7EWK,3110,7,1117,2,5,1115,0.17905102954341987,28.57142857142857
7EZZ,511,7,341,2,5,339,0.5865102639296188,28.57142857142857
7F61,407,1,152,1,0,151,0.6578947368421052,100.0
7F6I,915,1,155,1,0,154,0.6451612903225806,100.0
7F6V,626,2,274,2,0,272,0.7299270072992701,100.0
7F83,785,1,154,0,1,154,0.0,0.0
7F9Y,1051,1,160,1,0,159,0.625,100.0
7FEE,486,3,150,1,2,149,0.6666666666666667,33.33333333333333
7FIN,1168,1,157,1,0,156,0.6369426751592357,100.0
7JLP,1455,9,458,3,6,455,0.6550218340611353,33.33333333333333
7JNI,801,2,151,1,1,150,0.6622516556291391,50.0
7JPK,2257,1,723,1,0,722,0.13831258644536654,100.0
7JPL,2256,2,715,2,0,713,0.27972027972027974,100.0
7JPV,2227,1,707,1,0,706,0.14144271570014144,100.0
7JPW,2257,1,702,1,0,701,0.14245014245014245,100.0
7JPX,2258,2,719,2,0,717,0.27816411682892905,100.0
7JRG,3983,11,670,6,5,664,0.8955223880597015,54.54545454545454
7JRO,1492,1,583,1,0,582,0.17152658662092624,100.0
7JRP,5472,9,1245,8,1,1237,0.642570281124498,88.88888888888889
7JSV,2706,110,170,11,99,159,6.470588235294119,10.0
7JV5,1044,4,154,3,1,151,1.948051948051948,75.0
7JVP,1041,5,155,3,2,152,1.935483870967742,60.0
7JVQ,1047,2,152,1,1,151,0.6578947368421052,50.0
7K4A,2420,8,644,4,4,640,0.6211180124223602,50.0
7K4B,2428,10,644,9,1,635,1.3975155279503106,90.0
7KAN,1371,3,397,3,0,394,0.7556675062972292,100.0
7KC4,771,2,181,2,0,179,1.1049723756906076,100.0
7KGE,3060,3,811,3,0,808,0.36991368680641185,100.0
7KGG,3060,6,815,1,5,814,0.1226993865030675,16.666666666666664
7KGH,3060,2,805,1,1,804,0.12422360248447205,50.0
7KGI,3060,2,811,1,1,810,0.12330456226880394,50.0
7KHR,8212,8,1176,2,6,1174,0.17006802721088435,25.0
7KK8,442,2,200,0,2,200,0.0,0.0
7KK9,442,11,199,6,5,193,3.015075376884422,54.54545454545454
7KKA,442,2,198,0,2,198,0.0,0.0
7KKB,442,2,198,0,2,198,0.0,0.0
7KKR,442,11,200,6,5,194,3.0,54.54545454545454
7KSQ,3347,19,1334,9,10,1325,0.6746626686656672,47.368421052631575
7KUX,3259,19,1275,9,10,1266,0.7058823529411765,47.368421052631575
7KY7,1247,2,242,2,0,240,0.8264462809917356,100.0
7KY8,1274,3,232,3,0,229,1.293103448275862,100.0
7KYA,1545,1,266,0,1,266,0.0,0.0
7KYB,1322,2,272,0,2,272,0.0,0.0
7KYC,1552,6,270,4,2,266,1.4814814814814816,66.66666666666666
7L1E,532,1,291,1,0,290,0.3436426116838488,100.0
7L6Q,1555,11,395,11,0,384,2.7848101265822782,100.0
7LEP,2222,4,688,2,2,686,0.29069767441860467,50.0
7LFT,1800,28,592,16,12,576,2.7027027027027026,57.14285714285714
7LGU,1360,3,615,3,0,612,0.4878048780487805,100.0
7LH2,1360,1,622,1,0,621,0.1607717041800643,100.0
7LI7,765,1,292,1,0,291,0.3424657534246575,100.0
7LIA,767,1,303,0,1,303,0.0,0.0
7LJC,1040,1,154,1,0,153,0.6493506493506493,100.0
7LKP,1941,8,303,7,1,296,2.31023102310231,87.5
7LKZ,1920,2,301,0,2,301,0.0,0.0
7LQJ,506,1,311,1,0,310,0.3215434083601286,100.0
7LQK,506,2,311,1,1,310,0.3215434083601286,50.0
7LQY,2636,15,648,14,1,634,2.1604938271604937,93.33333333333333
7LQZ,2604,19,633,11,8,622,1.7377567140600316,57.89473684210527
7LR0,2584,68,653,60,8,593,9.188361408882082,88.23529411764706
7LX0,6699,14,2189,8,6,2181,0.3654636820465966,57.14285714285714
7M17,1878,1,514,1,0,513,0.19455252918287938,100.0
7M19,1878,1,524,0,1,524,0.0,0.0
7M5V,1046,18,240,17,1,223,7.083333333333333,94.44444444444444
7M5X,1000,34,237,28,6,209,11.814345991561181,82.35294117647058
7M5Y,1000,29,234,22,7,212,9.401709401709402,75.86206896551724
7M75,2244,21,716,9,12,707,1.2569832402234637,42.857142857142854
7M76,2244,20,717,9,11,708,1.2552301255230125,45.0
7M78,2244,17,718,7,10,711,0.9749303621169917,41.17647058823529
7M93,652,3,193,2,1,191,1.0362694300518136,66.66666666666666
7M94,659,4,197,1,3,196,0.5076142131979695,25.0
7M95,331,2,194,1,1,193,0.5154639175257731,50.0
7M96,660,2,192,1,1,191,0.5208333333333333,50.0
7MBY,890,1,152,0,1,152,0.0,0.0
7MFI,650,5,196,3,2,193,1.530612244897959,60.0
7MH3,821,5,274,2,3,272,0.7299270072992701,40.0
7MH4,818,6,283,3,3,280,1.0600706713780919,50.0
7MH5,819,5,277,2,3,275,0.7220216606498195,40.0
7MH8,820,5,280,2,3,278,0.7142857142857143,40.0
7MH9,821,3,288,1,2,287,0.3472222222222222,33.33333333333333
7MHA,821,5,282,2,3,280,0.7092198581560284,40.0
7MHZ,723,1,369,1,0,368,0.27100271002710025,100.0
7MIJ,2556,28,642,12,16,630,1.8691588785046727,42.857142857142854
7MIK,2560,16,654,16,0,638,2.4464831804281344,100.0
7MIM,2560,8,647,0,8,647,0.0,0.0
7MIN,2560,16,660,8,8,652,1.2121212121212122,50.0
7MIX,2623,6,648,5,1,643,0.7716049382716049,83.33333333333334
7MIY,2598,2,637,2,0,635,0.3139717425431711,100.0
7MJO,2981,5,735,0,5,735,0.0,0.0
7N4U,1906,6,546,6,0,540,1.098901098901099,100.0
7N4V,1906,8,545,4,4,541,0.7339449541284404,50.0
7N4X,953,2,278,0,2,278,0.0,0.0
7N5D,2612,6,799,0,6,799,0.0,0.0
7N5E,2176,6,408,0,6,408,0.0,0.0
7N5G,371,1,126,0,1,126,0.0,0.0
7N6Q,1500,20,958,20,0,938,2.0876826722338206,100.0
7N6R,1500,8,951,8,0,943,0.8412197686645636,100.0
7N70,1032,5,235,4,1,231,1.702127659574468,80.0
7N72,1030,28,242,22,6,220,9.090909090909092,78.57142857142857
7N73,1036,5,241,5,0,236,2.0746887966804977,100.0
7N74,1036,5,243,4,1,239,1.646090534979424,80.0
7N77,1036,5,238,4,1,234,1.680672268907563,80.0
7N78,1030,22,239,16,6,223,6.694560669456067,72.72727272727273
7N8O,5536,64,1679,23,41,1656,1.36986301369863,35.9375
7N9K,282,9,65,8,1,57,12.307692307692308,88.88888888888889
7N9L,282,4,66,3,1,63,4.545454545454546,75.0
7N9Z,1202,56,567,38,18,529,6.701940035273369,67.85714285714286
7NF6,1078,1,311,1,0,310,0.3215434083601286,100.0
7NF8,1078,1,308,1,0,307,0.3246753246753247,100.0
7NHO,2086,2,760,1,1,759,0.13157894736842105,50.0
7NHP,2350,1,800,1,0,799,0.125,100.0
7NIV,2020,1,261,1,0,260,0.38314176245210724,100.0
7NIW,1585,2,256,2,0,254,0.78125,100.0
7NNL,1455,3,557,3,0,554,0.5385996409335727,100.0
7NNP,1456,3,540,3,0,537,0.5555555555555556,100.0
7NRW,133,4,1,0,4,1,0.0,0.0
7NSR,132,5,1,0,5,1,0.0,0.0
7O1V,1869,2,543,1,1,542,0.1841620626151013,50.0
7O37,5970,15,1302,9,6,1293,0.6912442396313364,60.0
7O3C,5967,14,1302,8,6,1294,0.6144393241167435,57.14285714285714
7O3E,5417,8,1136,7,1,1129,0.6161971830985915,87.5
7O3H,4161,17,680,9,8,671,1.3235294117647058,52.94117647058824
7O3L,6256,14,812,0,14,812,0.0,0.0
7O3M,6260,10,816,0,10,816,0.0,0.0
7O3N,6260,8,817,0,8,817,0.0,0.0
7O60,133,4,1,0,4,1,0.0,0.0
7O6Y,7921,29,1864,16,13,1848,0.8583690987124464,55.172413793103445
7O71,8035,25,1893,12,13,1881,0.6339144215530903,48.0
7O8F,262,3,143,2,1,141,1.3986013986013985,66.66666666666666
7O8G,262,2,144,1,1,143,0.6944444444444444,50.0
7O8H,262,2,142,1,1,141,0.7042253521126761,50.0
7O8J,264,5,145,4,1,141,2.7586206896551726,80.0
7O8K,265,2,146,2,0,144,1.36986301369863,100.0
7O8L,262,2,143,2,0,141,1.3986013986013985,100.0
7O8M,264,2,145,2,0,143,1.3793103448275863,100.0
7O8N,265,1,144,1,0,143,0.6944444444444444,100.0
7O8O,264,1,142,0,1,142,0.0,0.0
7O8P,263,1,144,1,0,143,0.6944444444444444,100.0
7O8Q,258,4,147,4,0,143,2.7210884353741496,100.0
7O8R,258,3,144,2,1,142,1.3888888888888888,66.66666666666666
7O8S,265,1,142,0,1,142,0.0,0.0
7O8T,265,1,144,1,0,143,0.6944444444444444,100.0
7O8U,264,2,146,1,1,145,0.684931506849315,50.0
7O8V,262,1,144,1,0,143,0.6944444444444444,100.0
7O8Y,262,4,143,3,1,140,2.097902097902098,75.0
7O8Z,262,3,142,3,0,139,2.112676056338028,100.0
7OCA,3802,10,674,6,4,668,0.8902077151335311,60.0
7OCD,1920,2,513,0,2,513,0.0,0.0
7OCE,2322,10,674,6,4,668,0.8902077151335311,60.0
7OCF,2298,8,675,4,4,671,0.5925925925925926,50.0
7OCI,2071,1,531,0,1,531,0.0,0.0
7OD5,825,3,290,1,2,289,0.3448275862068966,33.33333333333333
7OJI,1144,3,289,3,0,286,1.0380622837370241,100.0
7OQZ,948,4,548,0,4,548,0.0,0.0
7OUI,8342,28,3475,20,8,3455,0.5755395683453237,71.42857142857143
7OUK,3411,9,811,3,6,808,0.36991368680641185,33.33333333333333
7OUL,3408,7,810,2,5,808,0.24691358024691357,28.57142857142857
7OUM,3410,9,807,3,6,804,0.37174721189591076,33.33333333333333
7OXE,216,10,147,10,0,137,6.802721088435375,100.0
7OY2,858,1,435,1,0,434,0.22988505747126436,100.0
7OY8,2278,54,933,33,21,900,3.536977491961415,61.111111111111114
7OZ1,1088,8,306,6,2,300,1.9607843137254901,75.0
7P00,1144,1,165,0,1,165,0.0,0.0
7P02,1138,1,159,0,1,159,0.0,0.0
7P0Q,824,5,285,2,3,283,0.7017543859649122,40.0
7P17,824,3,288,1,2,287,0.3472222222222222,33.33333333333333
7P1K,866,7,614,7,0,607,1.1400651465798046,100.0
7P2C,822,4,281,1,3,280,0.3558718861209964,25.0
7PGB,5430,3,234,0,3,234,0.0,0.0
7PGE,198,1,157,0,1,157,0.0,0.0
7PH3,1380,4,242,0,4,242,0.0,0.0
7PH4,1378,2,244,0,2,244,0.0,0.0
7PI0,7438,36,2759,26,10,2733,0.9423704240666908,72.22222222222221
7POW,406,2,313,1,1,312,0.3194888178913738,50.0
7PX4,390,12,161,8,4,153,4.968944099378882,66.66666666666666
7PYR,390,12,158,7,5,151,4.430379746835443,58.333333333333336
7Q1U,1356,23,381,23,0,358,6.036745406824147,100.0
7Q21,5585,28,1813,4,24,1809,0.2206287920573635,14.285714285714285
7Q35,225,1,150,1,0,149,0.6666666666666667,100.0
7Q38,228,3,149,3,0,146,2.013422818791946,100.0
7Q6Z,597,16,361,15,1,346,4.1551246537396125,93.75
7Q7F,821,45,306,33,12,273,10.784313725490197,73.33333333333333
7Q7G,821,34,289,25,9,264,8.650519031141869,73.52941176470588
7Q7H,821,54,284,42,12,242,14.788732394366196,77.77777777777779
7Q7J,821,48,281,39,9,242,13.87900355871886,81.25
7Q7M,821,46,281,35,11,246,12.455516014234876,76.08695652173914
7Q7N,820,49,288,40,9,248,13.88888888888889,81.63265306122449
7Q7O,821,44,285,35,9,250,12.280701754385964,79.54545454545455
7QA8,620,6,305,3,3,302,0.9836065573770493,50.0
7QB9,598,1,303,0,1,303,0.0,0.0
7QBC,622,4,310,3,1,307,0.967741935483871,75.0
7QBI,622,7,306,2,5,304,0.6535947712418301,28.57142857142857
7QCO,8812,3,3004,0,3,3004,0.0,0.0
7QEQ,2268,2,581,1,1,580,0.17211703958691912,50.0
7QER,2244,3,564,2,1,562,0.3546099290780142,66.66666666666666
7QET,2256,1,594,0,1,594,0.0,0.0
7QEW,1128,1,594,1,0,593,0.16835016835016833,100.0
7QEY,1092,1,546,1,0,545,0.18315018315018314,100.0
7QHB,1966,2,517,0,2,517,0.0,0.0
7QHH,1982,2,518,2,0,516,0.3861003861003861,100.0
7QHM,5886,199,1902,110,89,1792,5.783385909568875,55.27638190954774
7QHO,5870,151,1906,71,80,1835,3.7250786988457505,47.019867549668874
7QKO,1996,2,403,1,1,402,0.24813895781637718,50.0
7QL5,1989,1,395,1,0,394,0.25316455696202533,100.0
7QOA,801,2,278,1,1,277,0.3597122302158274,50.0
7QSD,8195,16,1843,13,3,1830,0.705371676614216,81.25
7QSK,8279,36,1851,20,16,1831,1.0804970286331712,55.55555555555556
7QSL,8275,31,1857,19,12,1838,1.0231556273559503,61.29032258064516
7QSM,8250,29,1815,18,11,1797,0.9917355371900827,62.06896551724138
7QSN,8189,25,1831,16,9,1815,0.8738394320043691,64.0
7QSO,8007,30,1684,21,9,1663,1.2470308788598574,70.0
7QTV,2638,6,248,1,5,247,0.4032258064516129,16.666666666666664
7R0W,2040,12,606,7,5,599,1.155115511551155,58.333333333333336
7R3K,3854,47,1550,20,27,1530,1.2903225806451613,42.5531914893617
7R3V,2015,12,300,9,3,291,3.0,75.0
7R41,8183,39,1857,27,12,1830,1.4539579967689822,69.23076923076923
7R42,8193,44,1846,27,17,1819,1.4626218851570965,61.36363636363637
7R43,8177,27,1841,17,10,1824,0.9234111895708854,62.96296296296296
7R44,8152,33,1825,23,10,1802,1.2602739726027399,69.6969696969697
7R45,8087,34,1823,22,12,1801,1.206801974766868,64.70588235294117
7R46,8089,30,1838,20,10,1818,1.088139281828074,66.66666666666666
7R47,8078,37,1842,22,15,1820,1.1943539630836049,59.45945945945946
7R48,8107,40,1839,24,16,1815,1.3050570962479608,60.0
7R4C,8058,34,1818,19,15,1799,1.0451045104510452,55.88235294117647
7R4D,8045,34,1814,18,16,1796,0.9922822491730982,52.94117647058824
7R4F,7779,18,1654,11,7,1643,0.6650544135429262,61.111111111111114
7R4G,7793,30,1623,17,13,1606,1.0474430067775724,56.666666666666664
7R8B,1371,1,315,1,0,314,0.31746031746031744,100.0
7R8D,1090,2,316,2,0,314,0.6329113924050633,100.0
7RCV,5536,52,1694,17,35,1677,1.0035419126328218,32.69230769230769
7RH5,6072,87,1817,47,40,1770,2.5866813428728674,54.02298850574713
7RH6,5901,83,1806,46,37,1760,2.547065337763012,55.42168674698795
7RH7,6072,92,1817,45,47,1772,2.476609796367639,48.91304347826087
7RHQ,1305,3,260,0,3,260,0.0,0.0
7RHR,974,1,259,0,1,259,0.0,0.0
7RM5,390,5,150,1,4,149,0.6666666666666667,20.0
7ROQ,1831,1,295,1,0,294,0.3389830508474576,100.0
7RPH,926,11,262,6,5,256,2.2900763358778624,54.54545454545454
7RPI,926,15,266,6,9,260,2.2556390977443606,40.0
7RPJ,926,1,272,0,1,272,0.0,0.0
7RPK,1104,11,262,6,5,256,2.2900763358778624,54.54545454545454
7RQW,2128,24,666,24,0,642,3.6036036036036037,100.0
7RR6,3063,10,805,8,2,797,0.9937888198757764,80.0
7RR7,3061,12,806,7,5,799,0.8684863523573202,58.333333333333336
7RR8,3075,18,809,14,4,795,1.73053152039555,77.77777777777779
7RR9,1120,2,254,0,2,254,0.0,0.0
7RYY,2024,1,513,0,1,513,0.0,0.0
7RZ5,2046,1,503,1,0,502,0.19880715705765406,100.0
7RZ6,3538,2,514,0,2,514,0.0,0.0
7RZ8,2044,10,508,5,5,503,0.984251968503937,50.0
7S24,375,11,271,9,2,262,3.3210332103321036,81.81818181818183
7S3D,7074,30,2239,12,18,2227,0.5359535506922734,40.0
7S4H,2577,88,904,64,24,840,7.079646017699115,72.72727272727273
7S4I,2577,78,903,60,18,843,6.64451827242525,76.92307692307693
7S4J,2577,87,906,66,21,840,7.28476821192053,75.86206896551724
7S4K,2577,85,903,66,19,837,7.308970099667775,77.64705882352942
7S88,2456,79,660,38,41,622,5.757575757575758,48.10126582278481
7S89,2376,36,652,32,4,620,4.9079754601226995,88.88888888888889
7S8B,2448,51,640,38,13,602,5.9375,74.50980392156863
7S8C,2448,43,630,32,11,598,5.079365079365079,74.4186046511628
7S9Y,901,4,289,3,1,286,1.0380622837370241,75.0
7S9Z,890,4,300,2,2,298,0.6666666666666667,50.0
7SA3,1644,8,625,1,7,624,0.16,12.5
7SFJ,849,6,454,3,3,451,0.6607929515418502,50.0
7SFK,849,9,459,6,3,453,1.3071895424836601,66.66666666666666
7SHE,1081,9,283,6,3,277,2.1201413427561837,66.66666666666666
7SHF,1326,6,279,6,0,273,2.1505376344086025,100.0
7SIL,1562,3,290,1,2,289,0.3448275862068966,33.33333333333333
7SIM,1562,3,287,1,2,286,0.34843205574912894,33.33333333333333
7SIP,892,4,628,4,0,624,0.6369426751592357,100.0
7SK3,831,17,154,14,3,140,9.090909090909092,82.35294117647058
7SK4,831,4,157,4,0,153,2.547770700636943,100.0
7SK5,897,5,155,3,2,152,1.935483870967742,60.0
7SK7,854,5,153,5,0,148,3.2679738562091507,100.0
7SK8,835,21,150,16,5,134,10.666666666666668,76.19047619047619
7SK9,716,4,153,4,0,149,2.6143790849673203,100.0
7SL8,700,2,333,1,1,332,0.3003003003003003,50.0
7SLA,702,1,319,0,1,319,0.0,0.0
7SMM,2030,6,398,3,3,395,0.7537688442211055,50.0
7SMQ,2030,6,407,2,4,405,0.4914004914004914,33.33333333333333
7SMR,2022,3,407,2,1,405,0.4914004914004914,66.66666666666666
7SMS,2015,1,409,1,0,408,0.24449877750611246,100.0
7SMT,2022,2,403,2,0,401,0.49627791563275436,100.0
7SP7,739,1,177,1,0,176,0.5649717514124294,100.0
7SPS,936,8,251,4,4,247,1.593625498007968,50.0
7SPT,470,9,252,9,0,243,3.571428571428571,100.0
7SQO,1111,2,153,2,0,151,1.3071895424836601,100.0
7SR8,1141,1,158,1,0,157,0.6329113924050633,100.0
7SUS,347,2,152,2,0,150,1.3157894736842104,100.0
7SV7,1173,2,252,0,2,252,0.0,0.0
7SVD,1173,1,259,0,1,259,0.0,0.0
7SX3,4607,3,639,1,2,638,0.1564945226917058,33.33333333333333
7SX4,4566,1,665,1,0,664,0.15037593984962408,100.0
7T4O,2310,21,768,15,6,753,1.953125,71.42857142857143
7T4P,2577,88,906,67,21,839,7.39514348785872,76.13636363636364
7T4X,1778,36,570,34,2,536,5.964912280701754,94.44444444444444
7T6B,1119,2,147,2,0,145,1.3605442176870748,100.0
7T6T,907,1,159,0,1,159,0.0,0.0
7T92,1159,15,437,15,0,422,3.4324942791762014,100.0
7TAI,1272,3,414,3,0,411,0.7246376811594203,100.0
7TAY,2076,18,345,11,7,334,3.1884057971014492,61.111111111111114
7TBW,1928,1,306,0,1,306,0.0,0.0
7TBY,1788,2,299,0,2,299,0.0,0.0
7TCE,3456,27,553,8,19,545,1.4466546112115732,29.629629629629626
7TD3,909,2,143,1,1,142,0.6993006993006993,50.0
7THU,3562,48,1252,14,34,1238,1.1182108626198082,29.166666666666668
7TIE,3550,53,1251,13,40,1238,1.0391686650679457,24.528301886792452
7TIH,3550,43,1260,15,28,1245,1.1904761904761905,34.883720930232556
7TII,3550,46,1258,21,25,1237,1.669316375198728,45.65217391304348
7TJ8,1242,1,660,1,0,659,0.15151515151515152,100.0
7TJ9,1273,3,670,3,0,667,0.44776119402985076,100.0
7TVZ,2340,6,622,5,1,617,0.8038585209003215,83.33333333333334
7TYF,1266,3,188,2,1,186,1.0638297872340425,66.66666666666666
7TYI,1154,2,169,1,1,168,0.591715976331361,50.0
7TYO,1141,2,170,1,1,169,0.5882352941176471,50.0
7TYS,2788,5,631,3,2,628,0.4754358161648178,60.0
7TYT,2759,6,626,1,5,625,0.1597444089456869,16.666666666666664
7TYX,1269,3,186,3,0,183,1.6129032258064515,100.0
7TYY,1250,3,197,2,1,195,1.015228426395939,66.66666666666666
7TZF,1272,3,187,3,0,184,1.6042780748663104,100.0
7U1Q,2791,8,627,2,6,625,0.3189792663476874,25.0
7U1S,2792,10,626,3,7,623,0.4792332268370607,30.0
7U24,2770,4,625,0,4,625,0.0,0.0
7U2X,2753,7,625,0,7,625,0.0,0.0
7U8G,621,22,218,17,5,201,7.79816513761468,77.27272727272727
7UEA,2793,9,729,1,8,728,0.1371742112482853,11.11111111111111
7UGG,2480,14,633,12,2,621,1.8957345971563981,85.71428571428571
7UHF,2502,1,628,1,0,627,0.15923566878980894,100.0
7URC,658,2,330,1,1,329,0.30303030303030304,50.0
7URD,678,1,345,1,0,344,0.2898550724637681,100.0
7USW,1676,2,517,2,0,515,0.3868471953578337,100.0
7USX,1670,5,519,4,1,515,0.7707129094412332,80.0
7USY,2025,5,507,5,0,502,0.9861932938856016,100.0
7UWP,888,4,8,0,4,8,0.0,0.0
7UZ3,1114,24,672,16,8,656,2.380952380952381,66.66666666666666
7UZE,984,20,668,12,8,656,1.7964071856287425,60.0
7UZQ,1315,14,798,12,2,786,1.5037593984962405,85.71428571428571
7V07,1114,8,679,4,4,675,0.5891016200294551,50.0
7V0S,1315,1,801,1,0,800,0.12484394506866417,100.0
7V19,1114,2,671,2,0,669,0.29806259314456035,100.0
7V2C,8268,20,1834,9,11,1825,0.49073064340239914,45.0
7V2D,8139,19,1794,11,8,1783,0.6131549609810479,57.89473684210527
7V2E,8268,23,1842,14,9,1828,0.760043431053203,60.86956521739131
7V2F,8139,28,1803,19,9,1784,1.0537992235163616,67.85714285714286
7V2H,8269,34,1836,20,14,1816,1.0893246187363834,58.82352941176471
7V2K,8173,25,1790,12,13,1778,0.6703910614525139,48.0
7V2R,8269,32,1835,20,12,1815,1.08991825613079,62.5
7V30,8139,22,1798,12,10,1786,0.6674082313681869,54.54545454545454
7V31,8268,32,1840,19,13,1821,1.0326086956521738,59.375
7V32,8139,16,1799,8,8,1791,0.44469149527515284,50.0
7V33,8269,37,1839,24,13,1815,1.3050570962479608,64.86486486486487
7V3M,8139,26,1790,15,11,1775,0.8379888268156425,57.692307692307686
7V3Z,431,1,153,1,0,152,0.6535947712418301,100.0
7V6Z,1008,1,262,0,1,262,0.0,0.0
7V73,597,2,309,2,0,307,0.6472491909385114,100.0
7V74,597,2,319,2,0,317,0.6269592476489028,100.0
7VBL,4727,31,1820,24,7,1796,1.3186813186813187,77.41935483870968
7VBP,4652,22,1789,16,6,1773,0.8943543879262158,72.72727272727273
7VC0,4727,30,1823,22,8,1801,1.206801974766868,73.33333333333333
7VFI,1149,1,261,1,0,260,0.38314176245210724,100.0
7VFS,2383,1,656,1,0,655,0.1524390243902439,100.0
7VFV,2383,1,647,1,0,646,0.1545595054095827,100.0
7VFW,2383,1,650,1,0,649,0.15384615384615385,100.0
7VFX,1138,1,155,0,1,155,0.0,0.0
7VGZ,1125,1,164,1,0,163,0.6097560975609756,100.0
7VH5,4824,6,1369,6,0,1363,0.4382761139517896,100.0
7VH6,4608,9,1347,2,7,1345,0.14847809948032664,22.22222222222222
7VIE,1134,1,150,0,1,150,0.0,0.0
7VKT,1143,2,145,0,2,145,0.0,0.0
7VLR,1145,1,246,1,0,245,0.40650406504065045,100.0
7VLS,1141,1,245,1,0,244,0.40816326530612246,100.0
7VLT,1145,1,248,1,0,247,0.4032258064516129,100.0
7VLU,1159,1,249,1,0,248,0.4016064257028112,100.0
7VNM,2112,15,903,4,11,899,0.4429678848283499,26.666666666666668
7VNY,2283,24,1014,8,16,1006,0.7889546351084813,33.33333333333333
7VOD,355,3,155,3,0,152,1.935483870967742,100.0
7VOE,356,4,153,2,2,151,1.3071895424836601,50.0
7VR7,402,5,262,5,0,257,1.9083969465648856,100.0
7VR8,402,3,261,3,0,258,1.1494252873563218,100.0
7VRJ,2590,63,1003,20,43,983,1.9940179461615155,31.746031746031743
7VSI,616,2,346,1,1,345,0.2890173410404624,50.0
7VTZ,435,4,271,2,2,269,0.7380073800738007,50.0
7VU0,870,21,257,8,13,249,3.11284046692607,38.095238095238095
7VU1,870,39,261,11,28,250,4.21455938697318,28.205128205128204
7VWL,4652,27,1799,19,8,1780,1.056142301278488,70.37037037037037
7VY3,1838,49,827,22,27,805,2.6602176541717046,44.89795918367347
7W01,1598,1,295,1,0,294,0.3389830508474576,100.0
7W2B,2590,28,68,0,28,68,0.0,0.0
7W2C,2590,5,72,0,5,72,0.0,0.0
7W2F,2583,24,139,0,24,139,0.0,0.0
7W2G,2564,22,117,0,22,117,0.0,0.0
7W2Z,1154,2,153,1,1,152,0.6535947712418301,50.0
7W4A,1244,1,254,1,0,253,0.39370078740157477,100.0
7W74,452,5,147,5,0,142,3.4013605442176873,100.0
7W9K,1705,7,689,3,4,686,0.43541364296081275,42.857142857142854
7W9L,1712,11,690,9,2,681,1.3043478260869565,81.81818181818183
7W9M,1710,2,691,1,1,690,0.1447178002894356,50.0
7W9P,1705,4,680,1,3,679,0.14705882352941177,25.0
7W9T,1709,5,683,4,1,679,0.5856515373352855,80.0
7WAG,522,7,313,4,3,309,1.2779552715654952,57.14285714285714
7WAW,496,3,313,2,1,311,0.6389776357827476,66.66666666666666
7WAX,510,3,318,2,1,316,0.628930817610063,66.66666666666666
7WC4,370,3,152,3,0,149,1.9736842105263157,100.0
7WC5,363,1,151,1,0,150,0.6622516556291391,100.0
7WC6,355,4,153,4,0,149,2.6143790849673203,100.0
7WC7,358,1,153,1,0,152,0.6535947712418301,100.0
7WC8,360,6,151,4,2,147,2.6490066225165565,66.66666666666666
7WE4,1122,8,656,7,1,649,1.0670731707317074,87.5
7WEL,1102,10,646,7,3,639,1.08359133126935,70.0
7WF7,1034,1,144,1,0,143,0.6944444444444444,100.0
7WFF,4065,10,1509,9,1,1500,0.5964214711729622,90.0
7WFR,1100,9,648,7,2,641,1.0802469135802468,77.77777777777779
7WFW,998,5,573,3,2,570,0.5235602094240838,60.0
7WGD,969,1,301,1,0,300,0.33222591362126247,100.0
7WGT,969,3,309,2,1,307,0.6472491909385114,66.66666666666666
7WLD,2393,17,507,14,3,493,2.7613412228796843,82.35294117647058
7WLI,1135,4,648,4,0,644,0.6172839506172839,100.0
7WLJ,1135,4,638,3,1,635,0.4702194357366771,75.0
7WLK,1135,3,646,2,1,644,0.30959752321981426,66.66666666666666
7WLL,1135,2,641,2,0,639,0.31201248049922,100.0
7WLT,4059,3,33,0,3,33,0.0,0.0
7WLW,969,1,315,0,1,315,0.0,0.0
7WQ3,1160,2,151,0,2,151,0.0,0.0
7WSW,1868,4,570,4,0,566,0.7017543859649122,100.0
7WYS,2630,15,279,4,11,275,1.4336917562724014,26.666666666666668
7WYT,2630,14,281,4,10,277,1.4234875444839856,28.57142857142857
7WYU,2652,10,268,3,7,265,1.1194029850746268,30.0
7WYV,2652,10,269,3,7,266,1.1152416356877324,30.0
7WYW,2652,8,270,2,6,268,0.7407407407407408,25.0
7WYX,2652,8,268,2,6,266,0.7462686567164178,25.0
7WYY,2652,8,273,1,7,272,0.3663003663003663,12.5
7WYZ,2652,14,270,5,9,265,1.8518518518518516,35.714285714285715
7WZ0,2652,10,270,3,7,267,1.1111111111111112,30.0
7X21,1263,2,250,2,0,248,0.8,100.0
7X22,1263,19,254,14,5,240,5.511811023622047,73.68421052631578
7X24,1263,9,254,3,6,251,1.1811023622047243,33.33333333333333
7X2D,1032,1,167,0,1,167,0.0,0.0
7X6C,2700,4,741,0,4,741,0.0,0.0
7X6I,3968,12,752,4,8,748,0.5319148936170213,33.33333333333333
7XBW,886,2,152,2,0,150,1.3157894736842104,100.0
7XBX,908,3,160,3,0,157,1.875,100.0
7XEU,2456,4,652,4,0,648,0.6134969325153374,100.0
7XK3,1894,4,579,3,1,576,0.5181347150259068,75.0
7XK4,1894,2,582,0,2,582,0.0,0.0
7XK5,1894,1,582,1,0,581,0.1718213058419244,100.0
7XK6,1919,3,584,0,3,584,0.0,0.0
7XK7,1921,4,581,3,1,578,0.5163511187607573,75.0
7XKT,1992,96,516,48,48,468,9.30232558139535,50.0
7XLQ,2436,7,652,4,3,648,0.6134969325153374,57.14285714285714
7XMA,3531,40,627,10,30,617,1.5948963317384368,25.0
7XMB,3531,43,632,13,30,619,2.0569620253164556,30.23255813953488
7XMC,1197,5,566,3,2,563,0.5300353356890459,60.0
7XMD,1197,9,573,5,4,568,0.8726003490401396,55.55555555555556
7XQB,2424,171,522,30,141,492,5.747126436781609,17.543859649122805
7XQD,2412,155,534,48,107,486,8.98876404494382,30.967741935483872
7XQF,2412,133,534,36,97,498,6.741573033707865,27.06766917293233
7XQG,1206,6,515,0,6,515,0.0,0.0
7XQP,5075,16,2070,9,7,2061,0.43478260869565216,56.25
7XR4,1278,3,781,0,3,781,0.0,0.0
7XR6,1272,4,776,0,4,776,0.0,0.0
7XT8,1055,23,155,16,7,139,10.32258064516129,69.56521739130434
7XT9,927,21,158,15,6,143,9.49367088607595,71.42857142857143
7XTC,1038,2,156,2,0,154,1.282051282051282,100.0
7XVE,1569,10,693,8,2,685,1.1544011544011543,80.0
7XVF,1554,13,694,8,5,686,1.1527377521613833,61.53846153846154
7XW5,1522,3,157,2,1,155,1.2738853503184715,66.66666666666666
7XW6,1550,52,165,45,7,120,27.27272727272727,86.53846153846155
7XXF,2977,46,1235,22,24,1213,1.7813765182186234,47.82608695652174
7XZI,4770,6,512,3,3,509,0.5859375,50.0
7Y12,1109,3,157,1,2,156,0.6369426751592357,33.33333333333333
7Y13,264,5,160,3,2,157,1.875,60.0
7Y14,264,2,158,2,0,156,1.2658227848101267,100.0
7Y15,1109,2,158,0,2,158,0.0,0.0
7Y44,3550,59,626,12,47,614,1.9169329073482428,20.33898305084746
7Y45,2654,12,250,3,9,247,1.2,25.0
7Y46,2654,2,270,1,1,269,0.3703703703703704,50.0
7Y48,567,1,131,1,0,130,0.7633587786259541,100.0
7Y5T,1314,2,434,2,0,432,0.4608294930875576,100.0
7Y5X,1216,3,389,3,0,386,0.7712082262210797,100.0
7Y6I,938,9,495,4,5,491,0.8080808080808081,44.44444444444444
7Y8A,4518,15,1893,3,12,1890,0.15847860538827258,20.0
7YAE,1145,1,160,1,0,159,0.625,100.0
7YCA,5631,20,2605,8,12,2597,0.3071017274472169,40.0
7YKD,1133,3,171,3,0,168,1.7543859649122806,100.0
7YML,1839,30,788,14,16,774,1.7766497461928936,46.666666666666664
7YPY,3551,63,630,14,49,616,2.2222222222222223,22.22222222222222
7YQ2,5294,130,1646,14,116,1632,0.850546780072904,10.76923076923077
7YQ7,5292,84,1636,16,68,1620,0.9779951100244498,19.047619047619047
7YTB,507,4,288,1,3,287,0.3472222222222222,25.0
7YTJ,1574,4,305,4,0,301,1.3114754098360655,100.0
7YXA,748,21,143,9,12,134,6.293706293706294,42.857142857142854
7Z09,229,13,144,11,2,133,7.638888888888889,84.61538461538461
7Z0A,229,11,147,9,2,138,6.122448979591836,81.81818181818183
7Z0C,229,12,149,10,2,139,6.7114093959731544,83.33333333333334
7Z0D,229,12,145,10,2,135,6.896551724137931,83.33333333333334
7Z0E,229,9,148,8,1,140,5.405405405405405,88.88888888888889
7Z0S,2026,5,596,5,0,591,0.8389261744966443,100.0
7Z6Q,3956,11,720,5,6,715,0.6944444444444444,45.45454545454545
7Z8D,825,5,292,1,4,291,0.3424657534246575,20.0
7ZBC,607,3,157,0,3,157,0.0,0.0
7ZBE,608,1,157,0,1,157,0.0,0.0
7ZD6,8153,8,1821,4,4,1817,0.21965952773201539,50.0
7ZDH,8220,7,1822,1,6,1821,0.054884742041712405,14.285714285714285
7ZDJ,8153,1,1800,1,0,1799,0.05555555555555555,100.0
7ZDM,8220,7,1824,5,2,1819,0.2741228070175438,71.42857142857143
7ZDP,8153,1,1814,1,0,1813,0.05512679162072767,100.0
7ZEB,8188,8,1826,3,5,1823,0.16429353778751368,37.5
7ZGO,940,7,501,7,0,494,1.3972055888223553,100.0
7ZI0,1171,4,158,0,4,158,0.0,0.0
7ZK4,1176,2,251,1,1,250,0.398406374501992,50.0
7ZK5,1177,2,252,2,0,250,0.7936507936507936,100.0
7ZK8,1181,2,248,2,0,246,0.8064516129032258,100.0
7ZKA,1177,5,252,3,2,249,1.1904761904761905,60.0
7ZKP,2447,9,901,3,6,898,0.3329633740288568,33.33333333333333
7ZKQ,1497,7,361,3,4,358,0.8310249307479225,42.857142857142854
7ZL9,398,1,153,1,0,152,0.6535947712418301,100.0
7ZLY,394,2,151,1,1,150,0.6622516556291391,50.0
7ZM7,8383,51,1915,22,29,1893,1.1488250652741514,43.13725490196079
7ZM8,4424,46,1900,23,23,1877,1.2105263157894737,50.0
7ZMB,8348,44,1876,20,24,1856,1.0660980810234542,45.45454545454545
7ZME,4391,35,1897,22,13,1875,1.1597258829731154,62.857142857142854
7ZMG,8349,41,1881,24,17,1857,1.2759170653907497,58.536585365853654
7ZMH,4385,44,1877,25,19,1852,1.3319126265316994,56.81818181818182
7ZMY,661,9,437,4,5,433,0.9153318077803204,44.44444444444444
7ZN0,660,9,439,4,5,435,0.9111617312072893,44.44444444444444
7ZN3,657,12,437,6,6,431,1.3729977116704806,50.0
7ZN8,661,8,439,4,4,435,0.9111617312072893,50.0
7ZN9,660,9,438,4,5,434,0.91324200913242,44.44444444444444
7ZNA,661,6,441,3,3,438,0.6802721088435374,50.0
7ZNB,660,9,440,4,5,436,0.9090909090909091,44.44444444444444
7ZNC,664,8,437,5,3,432,1.1441647597254003,62.5
7ZND,662,7,436,6,1,430,1.3761467889908259,85.71428571428571
7ZNE,660,6,435,4,2,431,0.9195402298850575,66.66666666666666
7ZNG,661,4,434,1,3,433,0.2304147465437788,25.0
7ZNH,661,5,435,2,3,433,0.45977011494252873,40.0
7ZNI,660,4,435,2,2,433,0.45977011494252873,50.0
7ZOU,223,3,143,2,1,141,1.3986013986013985,66.66666666666666
7ZOV,223,3,144,2,1,142,1.3888888888888888,66.66666666666666
7ZOW,223,3,144,2,1,142,1.3888888888888888,66.66666666666666
7ZP9,2802,57,548,22,35,526,4.014598540145985,38.59649122807017
7ZPO,1932,4,549,1,3,548,0.18214936247723132,25.0
7ZRD,1451,2,552,2,0,550,0.36231884057971014,100.0
7ZRE,1445,4,547,3,1,544,0.5484460694698354,75.0
7ZRG,1447,4,546,4,0,542,0.7326007326007326,100.0
7ZRH,1449,3,538,3,0,535,0.5576208178438662,100.0
7ZRI,1449,2,539,1,1,538,0.1855287569573284,50.0
7ZRJ,1448,4,541,4,0,537,0.7393715341959335,100.0
7ZRK,1448,3,547,2,1,545,0.3656307129798903,66.66666666666666
7ZXN,1242,30,576,30,0,546,5.208333333333334,100.0
7ZXY,1913,14,600,10,4,590,1.6666666666666667,71.42857142857143
7ZYI,852,1,210,0,1,210,0.0,0.0
8A6C,608,1,155,0,1,155,0.0,0.0
8A6D,607,1,155,0,1,155,0.0,0.0
8AB6,3878,59,677,39,20,638,5.760709010339734,66.10169491525424
8AB7,4124,53,690,37,16,653,5.36231884057971,69.81132075471697
8AB8,3997,50,676,35,15,641,5.177514792899409,70.0
8AB9,3999,55,676,37,18,639,5.473372781065089,67.27272727272727
8ABA,3999,50,677,35,15,642,5.1698670605613,70.0
8ABB,3999,51,678,37,14,641,5.457227138643068,72.54901960784314
8ABE,3999,51,674,36,15,638,5.341246290801187,70.58823529411765
8ABF,3999,54,678,36,18,642,5.3097345132743365,66.66666666666666
8ABG,3999,49,672,33,16,639,4.910714285714286,67.3469387755102
8ABH,3999,50,671,34,16,637,5.067064083457526,68.0
8ABI,3999,50,681,35,15,646,5.139500734214391,70.0
8ABJ,3999,47,676,31,16,645,4.585798816568047,65.95744680851064
8ABK,3997,60,677,41,19,636,6.056129985228951,68.33333333333333
8ABL,3878,52,679,32,20,647,4.712812960235641,61.53846153846154
8ABM,3999,51,677,36,15,641,5.317577548005908,70.58823529411765
8AC3,3999,52,677,36,16,641,5.317577548005908,69.23076923076923
8AC4,3999,54,677,36,18,641,5.317577548005908,66.66666666666666
8AC5,3997,47,673,33,14,640,4.903417533432393,70.2127659574468
8ASI,1789,20,596,14,6,582,2.348993288590604,70.0
8ASJ,1789,11,597,8,3,589,1.340033500837521,72.72727272727273
8AYL,1998,52,515,36,16,479,6.990291262135923,69.23076923076923
8AYM,2008,5,510,1,4,509,0.19607843137254902,20.0
8AYN,1998,3,522,1,2,521,0.19157088122605362,33.33333333333333
8AYO,1962,4,519,0,4,519,0.0,0.0
8B01,684,2,395,1,1,394,0.25316455696202533,50.0
8B6J,5313,294,823,227,67,596,27.5820170109356,77.21088435374149
8B9Z,8177,7,1747,1,6,1746,0.05724098454493417,14.285714285714285
8BA0,8135,4,1761,0,4,1761,0.0,0.0
8BEF,3167,16,1305,14,2,1291,1.0727969348659003,87.5
8BEH,1589,1,649,0,1,649,0.0,0.0
8BEL,2054,19,662,18,1,644,2.719033232628399,94.73684210526315
8BHT,1138,1,290,1,0,289,0.3448275862068966,100.0
8BZY,549,1,259,1,0,258,0.3861003861003861,100.0
8C3F,822,6,285,2,4,283,0.7017543859649122,33.33333333333333
8CIC,386,11,159,5,6,154,3.1446540880503147,45.45454545454545
8CRQ,1114,2,669,2,0,667,0.29895366218236175,100.0
8CRR,1114,2,673,2,0,671,0.2971768202080238,100.0
8CRT,2305,2,1503,2,0,1501,0.1330671989354624,100.0
8CSX,1158,2,800,2,0,798,0.25,100.0
8CT2,984,8,664,3,5,661,0.4518072289156626,37.5
8CT3,1114,2,668,2,0,666,0.29940119760479045,100.0
8CTE,4980,12,2145,6,6,2139,0.27972027972027974,50.0
8CU6,393,14,157,9,5,148,5.7324840764331215,64.28571428571429
8CU7,396,16,158,9,7,149,5.69620253164557,56.25
8CXO,551,1,158,1,0,157,0.6329113924050633,100.0
8D2S,879,10,264,6,4,258,2.272727272727273,60.0
8D2T,864,3,261,2,1,259,0.7662835249042145,66.66666666666666
8D2U,864,7,263,5,2,258,1.9011406844106464,71.42857142857143
8D2V,864,2,258,0,2,258,0.0,0.0
8D2W,864,9,263,5,4,258,1.9011406844106464,55.55555555555556
8D2X,864,3,264,1,2,263,0.3787878787878788,33.33333333333333
8D4T,1736,7,617,2,5,615,0.3241491085899514,28.57142857142857
8DE7,526,1,281,1,0,280,0.3558718861209964,100.0
8DEU,3130,18,808,17,1,791,2.103960396039604,94.44444444444444
8DEV,3125,8,808,6,2,802,0.7425742574257426,75.0
8DEW,3172,31,807,27,4,780,3.3457249070631967,87.09677419354838
8DJK,870,1,353,1,0,352,0.28328611898017,100.0
8DJM,862,3,344,3,0,341,0.872093023255814,100.0
8DL7,904,1,258,1,0,257,0.3875968992248062,100.0
8DPF,1093,2,143,0,2,143,0.0,0.0
8DPG,1093,8,142,4,4,138,2.8169014084507045,50.0
8DPH,1093,2,145,0,2,145,0.0,0.0
8DPI,1093,1,146,0,1,146,0.0,0.0
8DR8,1878,9,531,5,4,526,0.9416195856873822,55.55555555555556
8DRE,3069,9,531,5,4,526,0.9416195856873822,55.55555555555556
8DRK,1901,9,540,5,4,535,0.9259259259259258,55.55555555555556
8DS3,3888,9,539,5,4,534,0.927643784786642,55.55555555555556
8DS9,1418,2,518,1,1,517,0.19305019305019305,50.0
8DSA,1418,2,518,1,1,517,0.19305019305019305,50.0
8DU3,390,7,158,4,3,154,2.5316455696202533,57.14285714285714
8E4P,3596,24,692,20,4,672,2.8901734104046244,83.33333333333334
8E5S,392,15,282,12,3,270,4.25531914893617,80.0
8E5V,392,19,281,15,4,266,5.338078291814947,78.94736842105263
8E60,393,10,277,7,3,270,2.527075812274368,70.0
8E6H,392,15,281,8,7,273,2.8469750889679712,53.333333333333336
8E6I,392,16,277,9,7,268,3.2490974729241873,56.25
8E6L,385,7,283,5,2,278,1.76678445229682,71.42857142857143
8E6M,388,15,273,11,4,262,4.029304029304029,73.33333333333333
8E6N,398,6,252,5,1,247,1.984126984126984,83.33333333333334
8E7S,7618,14,1896,6,8,1890,0.31645569620253167,42.857142857142854
8E7W,462,11,210,6,5,204,2.857142857142857,54.54545454545454
8E7X,462,1,212,0,1,212,0.0,0.0
8E7Y,314,3,212,3,0,209,1.4150943396226416,100.0
8E7Z,460,5,322,4,1,318,1.2422360248447204,80.0
8E9Z,1129,1,153,0,1,153,0.0,0.0
8EF6,1439,2,308,1,1,307,0.3246753246753247,50.0
8EFO,1441,3,313,2,1,311,0.6389776357827476,66.66666666666666
8EG3,553,2,52,0,2,52,0.0,0.0
8EIG,1141,1,252,1,0,251,0.3968253968253968,100.0
8EN9,304,12,229,9,3,220,3.9301310043668125,75.0
8EPL,2546,2,639,1,1,638,0.1564945226917058,50.0
8EQJ,384,4,134,4,0,130,2.9850746268656714,100.0
8EQM,4678,22,1484,18,4,1466,1.2129380053908356,81.81818181818183
8EQS,438,2,144,2,0,142,1.3888888888888888,100.0
8EQT,382,2,136,2,0,134,1.4705882352941175,100.0
8ES7,1080,1,175,1,0,174,0.5714285714285714,100.0
8ES8,1464,1,167,1,0,166,0.5988023952095809,100.0
8ES9,1459,1,166,1,0,165,0.6024096385542169,100.0
8EX4,417,1,249,1,0,248,0.4016064257028112,100.0
8EX6,416,1,251,1,0,250,0.398406374501992,100.0
8EZ5,5302,22,1660,7,15,1653,0.42168674698795183,31.818181818181817
8F0P,1116,9,638,5,4,633,0.7836990595611284,55.55555555555556
8F0Q,1114,10,641,6,4,635,0.93603744149766,60.0
8F0R,1114,4,640,3,1,637,0.46875,75.0
8F0S,1158,2,652,1,1,651,0.15337423312883436,50.0
8F4C,5302,19,1652,6,13,1646,0.36319612590799033,31.57894736842105
8F4E,5302,21,1658,5,16,1653,0.30156815440289503,23.809523809523807
8F4F,5302,20,1647,7,13,1640,0.42501517911353975,35.0
8F4G,5302,16,1652,4,12,1648,0.24213075060532688,25.0
8F4H,5302,21,1639,11,10,1628,0.6711409395973155,52.38095238095239
8F4I,5302,19,1660,7,12,1653,0.42168674698795183,36.84210526315789
8F4J,5302,16,1648,6,10,1642,0.3640776699029126,37.5
8F4K,5302,18,1656,5,13,1651,0.30193236714975846,27.77777777777778
8F6P,1091,44,657,33,11,624,5.0228310502283104,75.0
8F79,3882,1,535,0,1,535,0.0,0.0
8F7B,1894,1,540,0,1,540,0.0,0.0
8F7Q,1484,3,317,2,1,315,0.6309148264984227,66.66666666666666
8F7R,1443,2,322,1,1,321,0.3105590062111801,50.0
8FD7,2416,2,624,2,0,622,0.3205128205128205,100.0
8FE1,1772,1,407,0,1,407,0.0,0.0
8FHD,1467,1,686,1,0,685,0.1457725947521866,100.0
8FOA,2448,27,620,14,13,606,2.258064516129032,51.85185185185185
8FOB,2376,19,639,19,0,620,2.97339593114241,100.0
8FWS,1680,7,349,6,1,343,1.7191977077363898,85.71428571428571
8FWU,1680,8,349,8,0,341,2.292263610315186,100.0
8FWW,1680,6,348,4,2,344,1.1494252873563218,66.66666666666666
8FYN,390,58,158,46,12,112,29.11392405063291,79.3103448275862
8G52,558,21,1,0,21,1,0.0,0.0
8GF8,2520,251,668,223,28,445,33.38323353293413,88.84462151394422
8GF9,2092,220,654,208,12,446,31.804281345565748,94.54545454545455
8GFA,2124,215,656,199,16,457,30.335365853658537,92.55813953488372
8GHF,3568,25,736,4,21,732,0.5434782608695652,16.0
8GNE,391,11,159,4,7,155,2.515723270440252,36.36363636363637
8GNG,1440,12,159,4,8,155,2.515723270440252,33.33333333333333
8GNK,751,2,307,2,0,305,0.6514657980456027,100.0
8GVH,1576,1,618,0,1,618,0.0,0.0
8GVM,3550,50,634,13,37,621,2.050473186119874,26.0
8GVW,2684,8,747,0,8,747,0.0,0.0
8GVX,3964,12,752,4,8,748,0.5319148936170213,33.33333333333333
8GYX,760,2,460,2,0,458,0.43478260869565216,100.0
8H5E,356,1,232,1,0,231,0.43103448275862066,100.0
8H8J,1139,1,159,1,0,158,0.628930817610063,100.0
8H8R,3470,58,1248,27,31,1221,2.1634615384615383,46.55172413793103
8H8S,3470,62,1248,32,30,1216,2.564102564102564,51.61290322580645
8HA0,1155,8,163,6,2,157,3.6809815950920246,75.0
8HAF,1167,4,158,1,3,157,0.6329113924050633,25.0
8HDO,1028,8,156,5,3,151,3.205128205128205,62.5
8HDP,1041,2,157,1,1,156,0.6369426751592357,50.0
8HK2,1212,1,156,1,0,155,0.641025641025641,100.0
8HK5,967,1,163,0,1,163,0.0,0.0
8HUA,752,3,349,2,1,347,0.5730659025787965,66.66666666666666
8I2G,1540,43,155,35,8,120,22.58064516129032,81.3953488372093
8I6V,1594,2,307,2,0,305,0.6514657980456027,100.0
8ID6,1139,2,147,1,1,146,0.6802721088435374,50.0
8IJN,3550,49,631,10,39,621,1.5847860538827259,20.408163265306122
8ONT,558,5,297,4,1,293,1.3468013468013467,80.0
8SI2,4420,60,800,16,44,784,2.0,26.666666666666668
8SI3,4420,317,808,230,87,578,28.465346534653463,72.55520504731862
8SI4,4420,276,776,231,45,545,29.7680412371134,83.69565217391305
8SI5,4388,334,816,266,68,550,32.59803921568628,79.64071856287424
8SI6,4428,348,770,283,65,487,36.753246753246756,81.32183908045977
8SI7,4420,326,805,243,83,562,30.186335403726712,74.5398773006135
8SI8,4420,297,811,234,63,577,28.853267570900123,78.78787878787878
8SIA,4420,324,835,255,69,580,30.538922155688624,78.70370370370371
8SLY,2364,4,633,0,4,633,0.0,0.0
